<?xml version="1.0" encoding="UTF-8"?>
<window id="1119" type="dialog">
	<defaultcontrol always="true">90200</defaultcontrol>
	<include>OpenClose_Zoom</include>
	<onunload>ClearProperty(EmbuaryInfoSearchType,Home)</onunload>
	<onunload>ClearProperty(EmbuaryInfoSearchStringIMDB,Home)</onunload>
	<onunload>ClearProperty(EmbuaryInfoSearchStringTitle,Home)</onunload>
	<onunload>ClearProperty(EmbuaryInfoSearchStringYear,Home)</onunload>
	<controls>
		<control type="grouplist" id="90200">
			<left>705</left>
			<width>510</width>
			<height>1080</height>
			<onleft>90200</onleft>
			<onright>90200</onright>
			<onup>90200</onup>
			<ondown>90200</ondown>
			<align>center</align>
			<control type="image" id="90201">
				<width>510</width>
				<height>34</height>
				<texture border="30,20,30,2">dialogs/dialog_top.png</texture>
			</control>
			<control type="button" id="90202">
				<description>Trakt Rate button</description>
				<width>510</width>
				<textwidth>435</textwidth>
				<textoffsetx>45</textoffsetx>
				<texturefocus border="35,2,35,2" colordiffuse="$VAR[ThemeLabelColor]">dialogs/dialog_shutdown_fo.png</texturefocus>
				<texturenofocus border="35,2,35,2">dialogs/dialog_shutdown_nofo.png</texturenofocus>
				<onclick>Dialog.Close(1119)</onclick>
				<onclick>Dialog.Close(MovieInformation)</onclick>
				<onclick>RunScript(script.trakt,action=rate)</onclick>
				<label>$LOCALIZE[31970]</label>
				<visible>!Skin.HasSetting(KioskMode.Enabled)</visible>
				<visible>System.HasAddon(script.trakt) + [Container.Content(movies) | Container.Content(tvshows) | Container.Content(seasons) | Container.Content(episodes)]</visible>
			</control>
			<control type="button" id="90203">
				<description>EmbuaryInfo</description>
				<width>510</width>
				<textwidth>435</textwidth>
				<textoffsetx>45</textoffsetx>
				<texturefocus border="35,2,35,2" colordiffuse="$VAR[ThemeLabelColor]">dialogs/dialog_shutdown_fo.png</texturefocus>
				<texturenofocus border="35,2,35,2">dialogs/dialog_shutdown_nofo.png</texturenofocus>
				<onclick>Dialog.Close(1119)</onclick>
				<onclick condition="!Window.IsActive(Home) + String.IsEqual(ListItem.DBTYPE,movie) + !String.IsEmpty(ListItem.IMDBNumber)">RunScript(script.embuary.info,call=movie,external_id=$INFO[ListItem.IMDBNumber])</onclick>
				<onclick condition="!Window.IsActive(Home) + String.IsEqual(ListItem.DBTYPE,movie) + String.IsEmpty(ListItem.IMDBNumber)">RunScript(script.embuary.info,call=movie,query='"$INFO[ListItem.Title]"',year=$INFO[ListItem.Year])</onclick>
				<onclick condition="!Window.IsActive(Home) + String.IsEqual(ListItem.DBTYPE,tvshow)">RunScript(script.embuary.info,call=tv,query='"$INFO[ListItem.Title]"',year=$INFO[ListItem.Year])</onclick>
				<onclick condition="Window.IsActive(Home) + String.IsEqual(Window(Home).Property(EmbuaryInfoSearchType),movie) + !String.IsEmpty(Window(Home).Property(EmbuaryInfoSearchStringIMDB))">RunScript(script.embuary.info,call=movie,external_id=$INFO[Window(Home).Property(EmbuaryInfoSearchStringIMDB)])</onclick>
				<onclick condition="Window.IsActive(Home) + String.IsEqual(Window(Home).Property(EmbuaryInfoSearchType),movie) + String.IsEmpty(Window(Home).Property(EmbuaryInfoSearchStringIMDB))">RunScript(script.embuary.info,call=movie,query='"$INFO[Window(Home).Property(EmbuaryInfoSearchStringTitle)]"',year=$INFO[Window(Home).Property(EmbuaryInfoSearchStringYear)])</onclick>
				<onclick condition="Window.IsActive(Home) + String.IsEqual(Window(Home).Property(EmbuaryInfoSearchType),tvshow)">RunScript(script.embuary.info,call=tv,query='"$INFO[Window(Home).Property(EmbuaryInfoSearchStringTitle)]"',year=$INFO[Window(Home).Property(EmbuaryInfoSearchStringYear)])</onclick>
				<label>$LOCALIZE[31149]</label>
				<visible>System.HasAddon(script.embuary.info) + [String.IsEqual(ListItem.DBTYPE,movie) | String.IsEqual(ListItem.DBTYPE,tvshow)] | !String.IsEmpty(Window(Home).Property(EmbuaryInfoSearchType))</visible>
			</control>
			<control type="button" id="90204">
				<description>CinemaVision</description>
				<width>510</width>
				<textwidth>435</textwidth>
				<textoffsetx>45</textoffsetx>
				<texturefocus border="35,2,35,2" colordiffuse="$VAR[ThemeLabelColor]">dialogs/dialog_shutdown_fo.png</texturefocus>
				<texturenofocus border="35,2,35,2">dialogs/dialog_shutdown_nofo.png</texturenofocus>
				<label>$INFO[System.AddonTitle(script.cinemavision)]</label>
				<onclick>Dialog.Close(1119)</onclick>
				<onclick>RunScript(script.cinemavision,dbtype=$INFO[ListItem.DBTYPE],dbid=$INFO[ListItem.DBID])</onclick>
				<visible>System.HasAddon(script.cinemavision) + [String.IsEqual(ListItem.DBTYPE,movie) | String.IsEqual(ListItem.DBTYPE,tvshow) | String.IsEqual(ListItem.DBTYPE,season) | String.IsEqual(ListItem.DBTYPE,episode)] + String.IsEqual(Skin.String(CinemaVision.Button),$LOCALIZE[31014]) + String.IsEmpty(Window(Home).Property(script.cinemavision.running))</visible>
			</control>
			<control type="button" id="90205">
				<description>Artwork beef button</description>
				<width>510</width>
				<textwidth>435</textwidth>
				<textoffsetx>45</textoffsetx>
				<texturefocus border="35,2,35,2" colordiffuse="$VAR[ThemeLabelColor]">dialogs/dialog_shutdown_fo.png</texturefocus>
				<texturenofocus border="35,2,35,2">dialogs/dialog_shutdown_nofo.png</texturenofocus>
				<onclick>Dialog.Close(1119)</onclick>
				<onclick condition="Container.Content(movies)">RunScript(script.artwork.beef, mediatype=movie, dbid=$INFO[ListItem.DBID])</onclick>
				<onclick condition="Container.Content(tvshows)">RunScript(script.artwork.beef, mediatype=tvshow, dbid=$INFO[ListItem.DBID])</onclick>
				<onclick condition="Container.Content(episodes)">RunScript(script.artwork.beef, mediatype=episode, dbid=$INFO[ListItem.DBID])</onclick>
				<onclick condition="String.IsEqual(ListItem.DBTYPE,artist)">RunScript(script.artwork.beef, mediatype=artist, dbid=$INFO[ListItem.DBID])</onclick>
				<onclick condition="String.IsEqual(ListItem.DBTYPE,album)">RunScript(script.artwork.beef, mediatype=album, dbid=$INFO[ListItem.DBID])</onclick>
				<onclick condition="String.IsEqual(ListItem.DBTYPE,song)">RunScript(script.artwork.beef, mediatype=song, dbid=$INFO[ListItem.DBID])</onclick>
				<label>$INFO[System.AddonTitle(script.artwork.beef)]</label>
				<visible>!Skin.HasSetting(KioskMode.Enabled)</visible>
				<visible>System.HasAddon(script.artwork.beef) + [String.IsEqual(ListItem.DBTYPE,movie) | String.IsEqual(ListItem.DBTYPE,tvshow) | String.IsEqual(ListItem.DBTYPE,episode) | String.IsEqual(ListItem.DBTYPE,artist) | String.IsEqual(ListItem.DBTYPE,album) | String.IsEqual(ListItem.DBTYPE,song)]</visible>
			</control>
			<control type="button" id="90206">
				<description>Artwork beef button</description>
				<width>510</width>
				<textwidth>435</textwidth>
				<textoffsetx>45</textoffsetx>
				<texturefocus border="35,2,35,2" colordiffuse="$VAR[ThemeLabelColor]">dialogs/dialog_shutdown_fo.png</texturefocus>
				<texturenofocus border="35,2,35,2">dialogs/dialog_shutdown_nofo.png</texturenofocus>
				<onclick>Dialog.Close(1119)</onclick>
				<onclick condition="String.IsEqual(ListItem.DBTYPE,movie)">RunScript(script.artwork.beef, mode=gui, mediatype=movie, dbid=$INFO[ListItem.DBID])</onclick>
				<onclick condition="String.IsEqual(ListItem.DBTYPE,tvshow)">RunScript(script.artwork.beef, mode=gui, mediatype=tvshow, dbid=$INFO[ListItem.DBID])</onclick>
				<onclick condition="String.IsEqual(ListItem.DBTYPE,episode)">RunScript(script.artwork.beef, mode=gui, mediatype=episode, dbid=$INFO[ListItem.DBID])</onclick>
				<onclick condition="String.IsEqual(ListItem.DBTYPE,artist)">RunScript(script.artwork.beef, mode=gui, mediatype=artist, dbid=$INFO[ListItem.DBID])</onclick>
				<onclick condition="String.IsEqual(ListItem.DBTYPE,album)">RunScript(script.artwork.beef, mode=gui, mediatype=album, dbid=$INFO[ListItem.DBID])</onclick>
				<onclick condition="String.IsEqual(ListItem.DBTYPE,song)">RunScript(script.artwork.beef, mode=gui, mediatype=song, dbid=$INFO[ListItem.DBID])</onclick>
				<label>$INFO[System.AddonTitle(script.artwork.beef),,: $LOCALIZE[413]]</label>
				<visible>!Skin.HasSetting(KioskMode.Enabled)</visible>
				<visible>System.HasAddon(script.artwork.beef) + [String.IsEqual(ListItem.DBTYPE,movie) | String.IsEqual(ListItem.DBTYPE,tvshow) | String.IsEqual(ListItem.DBTYPE,episode) | String.IsEqual(ListItem.DBTYPE,artist) | String.IsEqual(ListItem.DBTYPE,album) | String.IsEqual(ListItem.DBTYPE,song)]</visible>
			</control>
			<control type="button" id="90207">
				<description>Edit button</description>
				<width>510</width>
				<textwidth>435</textwidth>
				<textoffsetx>45</textoffsetx>
				<texturefocus border="35,2,35,2" colordiffuse="$VAR[ThemeLabelColor]">dialogs/dialog_shutdown_fo.png</texturefocus>
				<texturenofocus border="35,2,35,2">dialogs/dialog_shutdown_nofo.png</texturenofocus>
				<onclick>Dialog.Close(1119)</onclick>
				<onclick>RunScript(script.libraryeditor,DBID=$INFO[ListItem.DBID])</onclick>
				<label>21435</label>
				<visible>!Skin.HasSetting(KioskMode.Enabled) + !Window.IsActive(home)</visible>
				<visible>System.HasAddon(script.libraryeditor)</visible>
			</control>
			<control type="button" id="90208">
				<description>Search YouTube button</description>
				<width>510</width>
				<textwidth>435</textwidth>
				<textoffsetx>45</textoffsetx>
				<texturefocus border="35,2,35,2" colordiffuse="$VAR[ThemeLabelColor]">dialogs/dialog_shutdown_fo.png</texturefocus>
				<texturenofocus border="35,2,35,2">dialogs/dialog_shutdown_nofo.png</texturenofocus>
				<onclick>Dialog.Close(all,true)</onclick>
				<onclick>ActivateWindow(videos,"plugin://plugin.video.youtube/kodion/search/list/",return)</onclick>
				<label>$LOCALIZE[137] $INFO[System.AddonTitle(plugin.video.youtube)]</label>
				<visible>!Skin.HasSetting(KioskMode.Enabled)</visible>
				<visible>System.HasAddon(plugin.video.youtube)</visible>
			</control>
			<control type="button" id="90209">
				<description>FS Fanart button</description>
				<width>510</width>
				<textwidth>435</textwidth>
				<textoffsetx>45</textoffsetx>
				<texturefocus border="35,2,35,2" colordiffuse="$VAR[ThemeLabelColor]">dialogs/dialog_shutdown_fo.png</texturefocus>
				<texturenofocus border="35,2,35,2">dialogs/dialog_shutdown_nofo.png</texturenofocus>
				<onclick>ActivateWindow(1113)</onclick>
				<label>$LOCALIZE[31092]</label>
			</control>
			<control type="button" id="90210">
				<width>510</width>
				<textwidth>435</textwidth>
				<textoffsetx>45</textoffsetx>
				<texturefocus border="35,2,35,2" colordiffuse="$VAR[ThemeLabelColor]">dialogs/dialog_shutdown_fo.png</texturefocus>
				<texturenofocus border="35,2,35,2">dialogs/dialog_shutdown_nofo.png</texturenofocus>
				<onclick>ActivateWindow(1114)</onclick>
				<label>$LOCALIZE[5]</label>
				<visible>!Skin.HasSetting(KioskMode.Enabled)</visible>
			</control>
			<control type="button" id="90211">
				<description>No extra features button</description>
				<width>510</width>
				<textwidth>435</textwidth>
				<textoffsetx>45</textoffsetx>
				<texturefocus border="35,2,35,2" colordiffuse="$VAR[ThemeLabelColor]">dialogs/dialog_shutdown_fo.png</texturefocus>
				<texturenofocus border="35,2,35,2">dialogs/dialog_shutdown_nofo.png</texturenofocus>
				<onclick>Dialog.Close(1119)</onclick>
				<label>$LOCALIZE[31075]</label>
				<visible>![Control.IsVisible(90202) | Control.IsVisible(90203) | Control.IsVisible(90204) | Control.IsVisible(90205) | Control.IsVisible(90206) | Control.IsVisible(90207) | Control.IsVisible(90208) | Control.IsVisible(90209) | Control.IsVisible(90210) | Control.IsVisible(90211)]</visible>
			</control>
			<control type="image" id="90212">
				<width>510</width>
				<height>34</height>
				<texture border="30,2,30,20">dialogs/dialog_bottom.png</texture>
			</control>
		</control>
	</controls>
</window>