<?xml version="1.0" encoding="UTF-8" standalone="yes"?>
<addon id="repository.govi" name="GoVi Repository" version="1.0.4" provider-name="GoVi">
	<extension point="xbmc.addon.repository" name="GoVi Repository">
		<dir>
			<info compressed="false">https://raw.githubusercontent.com/GoVi-48/GoVi-Repo/master/Kodi/addons.xml</info>
			<checksum>https://raw.githubusercontent.com/GoVi-48/GoVi-Repo/master/Kodi/addons.xml.md5</checksum>
			<datadir zip="true">https://raw.githubusercontent.com/GoVi-48/GoVi-Repo/master/Kodi/Repo</datadir>
		</dir>
	</extension>
	<extension point="xbmc.addon.metadata">
		<summary>GoVi Main Repository</summary>
		<description>Main Repository for GoVi Builds</description>
		<platform>all</platform>
		<news>v1.0.4[/I][CR]- Kodi 18.6</news>
		<assets>
			<icon>icon.png</icon>
			<fanart>fanart.jpg</fanart>
		</assets>
	</extension>
</addon>