<favourites>
	<favourite name="KodiSpain TV" thumb="special://home/addons/plugin.video.kodispaintv/icon.png">ActivateWindow(10025,&quot;plugin://plugin.video.kodispaintv/?sf_options=fanart%3Dspecial%3A%2F%2Fhome%2Faddons%5Cplugin.video.kodispaintv%5Cfanart.jpg%26meta%3Dlabel%253D%25255BCOLOR%252Bred%25255DKodi%25255B%25252FCOLOR%25255D%25255BCOLOR%252Byellow%25255DSpain%25255B%25252FCOLOR%25255D%25255BCOLOR%252Bred%25255DTV%25255B%25252FCOLOR%25255D%26desc%3DComplemento+de+video+basado+en+LiveStreamsPro%0A%09%09Puedes+seguirme+en+https%3A%2F%2Ft.me%2Fkodispain+y+http%3A%2F%2Fkonectas.es%0A%09%09%09%0A%09%09AVISO+LEGAL%3A%0A%09%09%09%09%09%0A%09%09Este+complemento+no+aloja+ningun+contenido+mostrado.%0A%09%09Todo+el+contenido+se+encuentra+libremente+en+internet.%0A%09%09No+se+acepta+ninguna+responsabilidad+por+el+uso+de+este+addon.%0A%09%09%09%0A%09%09Enjoy%21%26_options_sf&quot;,return)</favourite>
	<favourite name="Fire tv" thumb="special://home/addons/plugin.video.FireTV/icon.gif">ActivateWindow(10025,&quot;plugin://plugin.video.FireTV?sf_options=fanart%3Dspecial%3A%2F%2Fhome%2Faddons%2Fplugin.video.FireTV%2Ffanart.jpg%26meta%3Dlabel%253DFire%252Btv%26desc%3DBasado+en+livestreamspro+-+Original+script+by+shany.%0A%09%09Los+canales+mostrados+se+encuentran+en+internet%2C+nosotros+no+alojamos+dichos+canales%2C+ni+los+transmitimos.+Solo+damos+acceso+a+los+mismos.%0A%09%09Disfruta+del+contenido+TV+de+Espa%C3%B1a+desde+cualquier+parte+del+mundo.%0A%09%09Los+canales+estan+ocultos+por+defecto%2C+si+en+tu+pais+no+es+legal+la+visualizacion+de+estos+canales+por+favor+manten+la+configuracion+por+defecto.%0A%09%09%28Algunos+canales+no+se+encuentran+disponibles+fuera+del+Territorio+Espa%C3%B1ol.+Utilice+una+VPN+Espa%C3%B1ola.%29%26_options_sf&quot;,return)</favourite>
	<favourite name="TV Chopo" thumb="special://home/addons/plugin.video.tvchopo/icon.gif">ActivateWindow(10025,&quot;plugin://plugin.video.tvchopo/?sf_options=fanart%3Dspecial%3A%2F%2Fhome%2Faddons%2Fplugin.video.tvchopo%2Ffanart.png%26url%3Dhttps%3A%2F%2Fpastebin.com%2Fraw%2FdE6ezcSb%24%24LSProEncKey%26sf_options%3Dmeta%26mode%3D1%26name%3D%5BB%5D%5BLOWERCASE%5D%5BCAPITALIZE%5D%5BCOLOR+white%5D+ZONA+TV+PREMIUM+%5B%2FCOLOR%5D%5B%2FCAPITALIZE%5D%5B%2FLOWERCASE%5D%5B%2FB%5D%26_options_sf&quot;,return)</favourite>
	<favourite name="IberiKa" thumb="special://home/addons/plugin.video.IberiKa/icon.gif">ActivateWindow(10025,&quot;plugin://plugin.video.IberiKa/?sf_options=fanart%3Dspecial%3A%2F%2Fhome%2Faddons%5Cplugin.video.IberiKa%5Cfanart.gif%26meta%3Dlabel%253DIberiKa%26desc%3DTal+como+indica+la+licencia+GPL%2C+cualquier+persona+puede+hacer+el+uso+que+considere+de+mi+trabajo+y+se+incluyen+enlaces+que+proporcionan+diferentes+sitios+Webs.+No+se+admite+ninguna+compensacion+economica+o+derivados.Espero+que+sea+util%2C+un+saludo.%26_options_sf&quot;,return)</favourite>
	<favourite name="Magellan" thumb="special://home/addons/plugin.video.live.magellan/icon.png">ActivateWindow(10025,&quot;plugin://plugin.video.live.magellan?sf_options=fanart%3Dspecial%3A%2F%2Fskin%2Fmedia%2Ffanart%2FMagellan.png%26meta%3Dlabel%253D%25255BCOLOR%252Byellow%25255DMagellan%25255B%25252FCOLOR%25255D%26desc%3D%5BCOLOR+pink%5DAddon+Magellan+%3A+Todos+os+links+disponibilizados+no+Addon+estao+disponiveis+%0Aem+procura+livre+na+internet..+Enjoy+%21%21%5B%2FCOLOR%5D%26_options_sf&quot;,return)</favourite>
	<favourite name="LimitLess Live TV" thumb="special://home/addons/plugin.video.limitless/icon.png">ActivateWindow(10025,&quot;plugin://plugin.video.limitless/?description=No%20information%20available&amp;fanart=C%3a%5cUsers%5cTHC%5cAppData%5cRoaming%5cKodi%5caddons%5cplugin.video.limitless%5cfanart.jpg&amp;iconimage=http%3a%2f%2fluxurywizard.space%2fxmls%2ficons2%2flivetv.png&amp;mode=get_list&amp;name=%5bCOLOR%20FFffffffff%5d%5bCOLOR%20red%5dLive%20Tv%5b%2fCOLOR%5d%5b%2fCOLOR%5d&amp;url=http%3a%2f%2fluxurywizard.space%2fwen-new1%2flivetv.xml&amp;sf_options=fanart%3Dspecial%3A%2F%2Fhome%2Faddons%5Cplugin.video.limitless%5Cfanart.jpg%26meta%3Dplot%253DNo%252Binformation%252Bavailable%2526votes%253D0%2526label%253D%25255BCOLOR%252BFFffffffff%25255D%25255BCOLOR%252Bred%25255DLive%252BTv%25255B%25252FCOLOR%25255D%25255B%25252FCOLOR%25255D%2526title%253D%25255BCOLOR%252BFFffffffff%25255D%25255BCOLOR%252Bred%25255DLive%252BTv%25255B%25252FCOLOR%25255D%25255B%25252FCOLOR%25255D%26desc%3DNo+information+available%26_options_sf&quot;,return)</favourite>
	<favourite name="Adriana Europe" thumb="special://home/addons/plugin.video.adrianaeurope/icon.png">ActivateWindow(10025,&quot;plugin://plugin.video.adrianaeurope?sf_options=fanart%3Dspecial%3A%2F%2Fhome%2Faddons%5Cplugin.video.adrianaeurope%5Cfanart.jpg%26meta%3Dlabel%253D%25255BB%25255D%25255BI%25255D%25255BCOLOR%252Bmediumblue%25255DAdriana%252BEurope%25255B%25252FCOLOR%25255D%25255B%25252FI%25255D%25255B%25252FB%25255D%26desc%3D%5DAdriana+Europe+je+KODI+Addon+za+gledanje+live+TV+programa.+Autor+ovog+addona+%28programskog+dodatka%29+nema+nikakav+autorski+materijal+unutar+ovog+addona.+Koristi+linkove+koji+su+dostupni+na+internetu%2C+te+ne+snosi+nikakvu+odgovornost+za+njegovu+upotrebu.%26_options_sf&quot;,return)</favourite>
	<favourite name="TempTV" thumb="special://home/addons/plugin.video.temptv/icon.png">ActivateWindow(10025,&quot;plugin://plugin.video.temptv/?sf_options=fanart%3Dspecial%3A%2F%2Fhome%2Faddons%5Cplugin.video.temptv%5Cfanart.jpg%26meta%3Dlabel%253D%25255BCOLOR%252Bfuchsia%25255DTempTV%25255B%25252FCOLOR%25255D%26desc%3DBeta.+Simple+Free+Light+IPTV+and+1+Click+Movies.%26_options_sf&quot;,return)</favourite>
	<favourite name="The Crew TV" thumb="special://home/addons/plugin.video.thecrew/icon.png">ActivateWindow(10025,&quot;plugin://plugin.video.thecrew/?action=swiftCat&amp;url=32&amp;sf_options=fanart%3Dspecial%3A%2F%2Fhome%2Faddons%5Cscript.thecrew.artwork%5Cresources%5Cmedia%5Cthecrew%5Cfanart.jpg%26meta%3Dlabel%253DSPAIN%252BTV%26_options_sf&quot;,return)</favourite>
	<favourite name="cCloud TV" thumb="special://home/addons/plugin.video.ccloudtv/icon.png">ActivateWindow(10025,&quot;plugin://plugin.video.ccloudtv/?content_type=video&amp;sf_options=fanart%3Dspecial%3A%2F%2Fhome%2Faddons%5Cplugin.video.ccloudtv%5Cfanart.jpg%26meta%3Dlabel%253DcCloud%252BTV%26desc%3DcCloud+is+an+open+source+cloud+based+social+IPTV+service.+It+is+built+by+the+community+for+the+community%2C+where+streaming+is+just+a+click+away.+Just+click%2C+play+and+stream.+Yes%2C+it%27s+that+simple.+Just+go+to+%5BCOLOR+blue%5Dhttp%3A%2F%2Fccloudtv.org%5B%2FCOLOR%5D+and+enjoy%3A%29+Please+report+any+channels+that+are+down+here+%5BCOLOR+blue%5Dhttp%3A%2F%2Fwww.tiny.cc%2Freportchs%5B%2FCOLOR%5D+Users+can+now+check+servers+status+which+can+be+found+at+%5BCOLOR+blue%5Dhttp%3A%2F%2Fccloudtv.org%2Fstatus%5B%2FCOLOR%5D%26_options_sf&quot;,return)</favourite>
	<favourite name="IVUEcreator" thumb="special://home/addons/plugin.video.IVUEcreator/icon.png">ActivateWindow(10025,&quot;plugin://plugin.video.IVUEcreator?sf_options=fanart%3Dspecial%3A%2F%2Fskin%2Fmedia%2Ffanart%2FIvueCreator.jpg%26meta%3Dlabel%253DIVUEcreator%26desc%3DIntegrate+any+plugin+installed+to+IVUE+guide+easily+and+quickly%26_options_sf&quot;,return)</favourite>
	<favourite name="Playlist Loader" thumb="special://home/addons/plugin.video.playlistLoader/icon.png">ActivateWindow(10025,&quot;plugin://plugin.video.playlistLoader/?sf_options=fanart%3Dspecial%3A%2F%2Fskin%2Fmedia%2Ffanart%2FPlaylist+Loader.jpg%26meta%3Dlabel%253DPlaylist%252BLoader%26desc%3DPlaylist+Loader%26_options_sf&quot;,return)</favourite>
</favourites>