<favourites>
	<favourite name="#Vamos" thumb="special://home/media/Icons/TV_Channels/Mis_Canales/#Vamos.png">PlayMedia(&quot;plugin://plugin.video.kodispaintv/?url=plugin%3A%2F%2Fplugin.video.f4mTester%2F%3Fstreamtype%3DTSDOWNLOADER%26amp%3Bname%3D%5BCOLOR+red%5DKodi%5B%2FCOLOR%5D%5BCOLOR+yellow%5DSpain%5B%2FCOLOR%5D%3Burl%3Dhttp%3A%2F%2Fcms.accesss.me%3A25461%2FUV9uR4udMk%2F7778577577%2F28461&amp;mode=12&amp;sf_options=meta%3Dvotes%253D0%2526label%253D%25257CES%25257C%252BVamos%2526title%253D%25257CES%25257C%252BVamos%26winID%3D10025%26_options_sf&quot;)</favourite>
	<favourite name="Movistar Deportes" thumb="special://home/media/Icons/TV_Channels/Mis_Canales/Movistar Deportes.png">PlayMedia(&quot;plugin://plugin.video.kodispaintv/?url=plugin%3A%2F%2Fplugin.video.f4mTester%2F%3Fstreamtype%3DTSDOWNLOADER%26amp%3Bname%3D%5BCOLOR+red%5DKodi%5B%2FCOLOR%5D%5BCOLOR+yellow%5DSpain%5B%2FCOLOR%5D%3Burl%3Dhttp%3A%2F%2Fcms.accesss.me%3A25461%2FUV9uR4udMk%2F7778577577%2F28482&amp;mode=12&amp;sf_options=meta%3Dvotes%253D0%2526label%253D%25257CES%25257C%252BM.%252BDeportes%2526title%253D%25257CES%25257C%252BM.%252BDeportes%26winID%3D10025%26_options_sf&quot;)</favourite>
	<favourite name="Movistar Futbol" thumb="special://home/media/Icons/TV_Channels/Mis_Canales/Movistar Fútbol.png">special://home/media/Icons/TV_Channels/Mis_Canales/tdp.png&quot;&gt;special://home/media/Icons/TV_Channels/Mis_Canales/tdp.png&quot;&gt;PlayMedia(&quot;plugin://plugin.video.kodispaintv/?url=%324doregex%5BGetPageUrl%5D%7CUser-Agent%3DMozilla%2F5.0&amp;mode=17&amp;regexs=%7Bu%27GetPageUrl%27%3A%20%7B%27expres%27%3A%20u%22source%3A%20%27%28.%2A%3F%29%27%22%2C%20%27referer%27%3A%20u%27http%3A//verdirectotv.com/tv/deportes/teledeporte.html%27%2C%20%27name%27%3A%20u%27GetPageUrl%27%2C%20%27page%27%3A%20u%27http%3A//vergol.com/live1/teledeporte.php%27%7D%7D&amp;iconimage=https%3A%2F%2Fs1.postimg.org%2F2hle88ybmn%2FTDEP.png&amp;sf_options=winID%3D10025%26_options_sf&quot;)</favourite>
	<favourite name="Movistar F1" thumb="special://home/media/Icons/TV_Channels/Mis_Canales/Movistar F1.png">special://home/media/Icons/TV_Channels/Mis_Canales/tdp.png&quot;&gt;PlayMedia(&quot;plugin://plugin.video.kodispaintv/?url=%224doregex%5BGetPageUrl%5D%7CUser-Agent%3DMozilla%2F5.0&amp;mode=17&amp;regexs=%7Bu%27GetPageUrl%27%3A%20%7B%27expres%27%3A%20u%22source%3A%20%27%28.%2A%3F%29%27%22%2C%20%27referer%27%3A%20u%27http%3A//verdirectotv.com/tv/deportes/teledeporte.html%27%2C%20%27name%27%3A%20u%27GetPageUrl%27%2C%20%27page%27%3A%20u%27http%3A//vergol.com/live1/teledeporte.php%27%7D%7D&amp;iconimage=https%3A%2F%2Fs1.postimg.org%2F2hle88ybmn%2FTDEP.png&amp;sf_options=winID%3D10025%26_options_sf&quot;)</favourite>
	<favourite name="Teledeporte" thumb="special://home/media/Icons/TV_Channels/Mis_Canales/TDP.png">PlayMedia(&quot;plugin://plugin.video.kodispaintv/?url=plugin%3A%2F%2Fplugin.video.f4mTester%2F%3Fstreamtype%3DTSDOWNLOADER%26amp%3Bname%3D%5BCOLOR+red%5DKodi%5B%2FCOLOR%5D%5BCOLOR+yellow%5DSpain%5B%2FCOLOR%5D%3Burl%3Dhttp%3A%2F%2Fcms.accesss.me%3A25461%2FUV9uR4udMk%2F7778577577%2F28492&amp;mode=12&amp;sf_options=meta%3Dvotes%253D0%2526label%253D%25257CES%25257C%252BTeledeporte%2526title%253D%25257CES%25257C%252BTeledeporte%26winID%3D10025%26_options_sf&quot;)</favourite>
	<favourite name="Redbull TV" thumb="special://home/media/Icons/TV_Channels/Mis_Canales/Red Bull TV.png">PlayMedia(&quot;plugin://plugin.video.thecrew/?action=play&amp;url=https%3A%2F%2Frbmn-live.akamaized.net%2Fhls%2Flive%2F590964%2FBoRB-AT%2Fmaster_3360.m3u8&amp;content=addons&amp;sf_options=fanart%3Dspecial%3A%2F%2Fhome%2Faddons%5Cplugin.video.thecrew%5Cfanart.jpg%26meta%3Dvotes%253D0%2526label%253DRed%252BBull%252BTV%252B%252528UHD%252529%26winID%3D10025%26_options_sf&quot;)</favourite>
	<favourite name="EUROSPORT 1" thumb="special://home/media/Icons/TV_Channels/Mis_Canales/Eurosport 1.png">special://home/media/Icons/TV_Channels/Mis_Canales/tdp.png&quot;&gt;PlayMedia(&quot;plugin://plugin.video.kodispaintv/?url=%524doregex%5BGetPageUrl%5D%7CUser-Agent%3DMozilla%2F5.0&amp;mode=17&amp;regexs=%7Bu%27GetPageUrl%27%3A%20%7B%27expres%27%3A%20u%22source%3A%20%27%28.%2A%3F%29%27%22%2C%20%27referer%27%3A%20u%27http%3A//verdirectotv.com/tv/deportes/teledeporte.html%27%2C%20%27name%27%3A%20u%27GetPageUrl%27%2C%20%27page%27%3A%20u%27http%3A//vergol.com/live1/teledeporte.php%27%7D%7D&amp;iconimage=https%3A%2F%2Fs1.postimg.org%2F2hle88ybmn%2FTDEP.png&amp;sf_options=winID%3D10025%26_options_sf&quot;)</favourite>
	<favourite name="Tennis Channel" thumb="https://k60.kn3.net/55C20E701.png|User-Agent=Mozilla%2F5.0%20%28Linux%3B%20Android%205.1.1%3B%20AFTT%20Build%2FLVY48F%29%20AppleWebKit%2F537.36%20%28KHTML%2C%20like%20Gecko%29%20Chrome%2F57.0.2987.132%20Mobile%20Safari%2F537.36">special://home/media/Icons/TV_Channels/Mis_Canales/tdp.png&quot;&gt;PlayMedia(&quot;plugin://plugin.video.kodispaintv/?url=%624doregex%5BGetPageUrl%5D%7CUser-Agent%3DMozilla%2F5.0&amp;mode=17&amp;regexs=%7Bu%27GetPageUrl%27%3A%20%7B%27expres%27%3A%20u%22source%3A%20%27%28.%2A%3F%29%27%22%2C%20%27referer%27%3A%20u%27http%3A//verdirectotv.com/tv/deportes/teledeporte.html%27%2C%20%27name%27%3A%20u%27GetPageUrl%27%2C%20%27page%27%3A%20u%27http%3A//vergol.com/live1/teledeporte.php%27%7D%7D&amp;iconimage=https%3A%2F%2Fs1.postimg.org%2F2hle88ybmn%2FTDEP.png&amp;sf_options=winID%3D10025%26_options_sf&quot;)</favourite>
	<favourite name="NBA TV" thumb="special://home/media/Icons/TV_Channels/Mis_Canales/NBA TV.png">PlayMedia(&quot;plugin://script.module.tt/play/159/play.pvr?sf_options=winID%3D10025%26_options_sf&quot;)</favourite>
	<favourite name="ESPN" thumb="special://home/media/Icons/TV_Channels/Mis_Canales/ESPN.png">special://home/media/Icons/TV_Channels/Mis_Canales/tdp.png&quot;&gt;PlayMedia(&quot;plugin://plugin.video.kodispaintv/?url=%824doregex%5BGetPageUrl%5D%7CUser-Agent%3DMozilla%2F5.0&amp;mode=17&amp;regexs=%7Bu%27GetPageUrl%27%3A%20%7B%27expres%27%3A%20u%22source%3A%20%27%28.%2A%3F%29%27%22%2C%20%27referer%27%3A%20u%27http%3A//verdirectotv.com/tv/deportes/teledeporte.html%27%2C%20%27name%27%3A%20u%27GetPageUrl%27%2C%20%27page%27%3A%20u%27http%3A//vergol.com/live1/teledeporte.php%27%7D%7D&amp;iconimage=https%3A%2F%2Fs1.postimg.org%2F2hle88ybmn%2FTDEP.png&amp;sf_options=winID%3D10025%26_options_sf&quot;)</favourite>
	<favourite name="Top Gear" thumb="special://home/media/Icons/TV_Channels/Mis_Canales/Top Gear.png">special://home/media/Icons/TV_Channels/Mis_Canales/tdp.png&quot;&gt;PlayMedia(&quot;plugin://plugin.video.kodispaintv/?url=%924doregex%5BGetPageUrl%5D%7CUser-Agent%3DMozilla%2F5.0&amp;mode=17&amp;regexs=%7Bu%27GetPageUrl%27%3A%20%7B%27expres%27%3A%20u%22source%3A%20%27%28.%2A%3F%29%27%22%2C%20%27referer%27%3A%20u%27http%3A//verdirectotv.com/tv/deportes/teledeporte.html%27%2C%20%27name%27%3A%20u%27GetPageUrl%27%2C%20%27page%27%3A%20u%27http%3A//vergol.com/live1/teledeporte.php%27%7D%7D&amp;iconimage=https%3A%2F%2Fs1.postimg.org%2F2hle88ybmn%2FTDEP.png&amp;sf_options=winID%3D10025%26_options_sf&quot;)</favourite>
	<favourite name="Fox Sports 1" thumb="special://home/media/Icons/TV_Channels/Mis_Canales/FOX Sports 1.png">special://home/media/Icons/TV_Channels/Mis_Canales/tdp.png&quot;&gt;PlayMedia(&quot;plugin://plugin.video.kodispaintv/?url=%1024doregex%5BGetPageUrl%5D%7CUser-Agent%3DMozilla%2F5.0&amp;mode=17&amp;regexs=%7Bu%27GetPageUrl%27%3A%20%7B%27expres%27%3A%20u%22source%3A%20%27%28.%2A%3F%29%27%22%2C%20%27referer%27%3A%20u%27http%3A//verdirectotv.com/tv/deportes/teledeporte.html%27%2C%20%27name%27%3A%20u%27GetPageUrl%27%2C%20%27page%27%3A%20u%27http%3A//vergol.com/live1/teledeporte.php%27%7D%7D&amp;iconimage=https%3A%2F%2Fs1.postimg.org%2F2hle88ybmn%2FTDEP.png&amp;sf_options=winID%3D10025%26_options_sf&quot;)</favourite>
</favourites>