<?xml version="1.0" encoding="UTF-8" standalone="yes"?>
<addon id="repository.Rising.Tides" name="[COLOR red][B]R[/B][/COLOR][COLOR white][B]ising[/B][/COLOR] [COLOR pink][B]T[/B][/COLOR][COLOR white][B]ides[/B][/COLOR] Repository" version="1.1.1" provider-name="[COLOR turquoise][B]@mullafabz[/B][/COLOR]">
	<extension point="xbmc.addon.repository" name="[COLOR red][B]R[/B][/COLOR]ising [COLOR pink][B]T[/B][/COLOR]ides Repository">
	<dir>
		<info compressed="false">http://mullafabz.xyz/Plugins/addons.xml</info>
		<checksum>http://mullafabz.xyz/Plugins/addons.xml.md5</checksum>
		<datadir zip="true">http://mullafabz.xyz/Plugins/</datadir>
	</dir>
	<dir>
		<info compressed="false">https://raw.githubusercontent.com/jsergio123/zips/master/addons.xml</info>
		<checksum>https://raw.githubusercontent.com/jsergio123/zips/master/addons.xml.md5</checksum>
		<datadir zip="true">https://raw.githubusercontent.com/jsergio123/zips/master/</datadir>
    </dir>
	</extension>
	<extension point="xbmc.addon.metadata">
		<summary>All types of Contents</summary>
		<description>Find any type of content</description>
		<platform>all</platform>
	</extension>
</addon>