<?xml version="1.0" encoding="UTF-8"?>
<window>
	<onload condition="!String.IsEmpty(Window(Home).Property(Window.HasSettings))">ClearProperty(Window.HasSettings,Home)</onload>
	<onunload>SetProperty(Window.HasSettings,True,Home)</onunload>
	<views>50</views>
	<controls>
		<include>CommonBackground</include>
		<include>Topbar</include>
		<control type="label" id="991">
			<include>HiddenObject</include>
		</control>
		<control type="group">
			<include>OpenClose_Zoom</include>
			<control type="group">
				<top>30</top>
				<control type="image">
					<left>51</left>
					<width>1818</width>
					<height>965</height>
					<texture colordiffuse="C4FFFFFF" border="40">lists/listpanel_back.png</texture>
				</control>
				<control type="image">
					<left>436</left>
					<top>32</top>
					<width>1</width>
					<height>900</height>
					<texture colordiffuse="$VAR[ThemeLabelColor]">separator_vertical.png</texture>
					<animation effect="slide" end="90" condition="Window.IsActive(profiles)">Conditional</animation>
					<animation effect="slide" end="275" condition="Window.IsActive(script-skinshortcuts.xml) + String.IsEmpty(Window(Home).Property(skinshortcuts-management-widget))">Conditional</animation>
				</control>
				<control type="list" id="9000">
					<left>82</left>
					<top>32</top>
					<width>356</width>
					<height>900</height>
					<onleft condition="Control.IsVisible(990)">SetProperty(MediaMenu,True,Home)</onleft>
					<onleft condition="Control.IsVisible(990)">SetFocus(990)</onleft>
					<onright>50</onright>
					<onup>9000</onup>
					<ondown>9000</ondown>
					<pagecontrol>60</pagecontrol>
					<scrolltime tween="quadratic">300</scrolltime>
					<itemlayout height="90" width="356">
						<control type="label">
							<width>356</width>
							<height>90</height>
							<font>font15</font>
							<textoffsetx>20</textoffsetx>
							<textcolor>grey2</textcolor>
							<label>$INFO[ListItem.Label]</label>
						</control>
						<control type="label">
							<width>356</width>
							<height>90</height>
							<font>font15</font>
							<textoffsetx>20</textoffsetx>
							<textcolor>grey2</textcolor>
							<align>right</align>
							<label>$INFO[ListItem.Label2]</label>
						</control>
					</itemlayout>
					<focusedlayout height="90" width="356">
						<control type="image">
							<width>356</width>
							<height>90</height>
							<texture border="4">lists/listselect_fo.png</texture>
							<animation effect="fade" start="100" end="40" time="300" tween="sine" easing="inout" condition="!Control.HasFocus(9000)">Conditional</animation>
						</control>
						<control type="label">
							<width>356</width>
							<height>90</height>
							<font>font15</font>
							<textoffsetx>20</textoffsetx>
							<label>$INFO[ListItem.Label]</label>
							<animation effect="fade" start="100" end="70" time="300" tween="sine" easing="inout" condition="!Control.HasFocus(9000)">Conditional</animation>
						</control>
						<control type="label">
							<width>356</width>
							<height>90</height>
							<font>font15</font>
							<textoffsetx>20</textoffsetx>
							<align>right</align>
							<label>$INFO[ListItem.Label2]</label>
							<animation effect="fade" start="100" end="70" time="300" tween="sine" easing="inout" condition="!Control.HasFocus(9000)">Conditional</animation>
						</control>
					</focusedlayout>
				</control>
				<control type="scrollbar" id="60">
					<left>65</left>
					<top>32</top>
					<width>14</width>
					<height>720</height>
					<onleft>9050</onleft>
					<onright>9000</onright>
					<ondown>60</ondown>
					<onup>60</onup>
					<showonepage>false</showonepage>
					<texturesliderbackground />
					<texturesliderbar colordiffuse="80FFFFFF" border="1">scrollbar/texturesliderbar2.png</texturesliderbar>
					<texturesliderbarfocus border="1">scrollbar/texturesliderbar2.png</texturesliderbarfocus>
				</control>
				<control type="image">
					<left>50</left>
					<top>955</top>
					<width>400</width>
					<height>130</height>
					<texture>aeon-nox-logo.png</texture>
				</control>
			</control>
			<control type="label" id="999">
				<left>522</left>
				<top>160</top>
				<width>1316</width>
				<height>839</height>
				<font>font45caps_title</font>
				<align>center</align>
				<label>$LOCALIZE[284]</label>
				<include>VisibleFadeAnimation</include>
			</control>
			<control type="group">
				<left>438</left>
				<top>62</top>
				<control type="panel" id="50">
					<width>1401</width>
					<height>740</height>
					<pagecontrol>61</pagecontrol>
					<onleft>9000</onleft>
					<onright>61</onright>
					<onup>50</onup>
					<ondown>50</ondown>
					<viewtype label="535">list</viewtype>
					<preloaditems>2</preloaditems>
					<animation effect="fade" time="200">VisibleChange</animation>
					<scrolltime tween="cubic" easing="out">500</scrolltime>
					<itemlayout width="200" height="370" condition="Container.Content(movies) | Container.Content(tvshows) | Container.Content(seasons)">
						<control type="image">
							<width>200</width>
							<height>300</height>
							<aspectratio>scale</aspectratio>
							<texture background="true">$INFO[ListItem.Art(poster)]</texture>
							<bordertexture border="2">thumbs/panel_border3.png</bordertexture>
							<bordersize>1</bordersize>
						</control>
						<control type="label">
							<top>305</top>
							<width>200</width>
							<height>30</height>
							<font>font12</font>
							<align>center</align>
							<textoffsetx>5</textoffsetx>
							<label>$INFO[ListItem.Label]</label>
						</control>
						<control type="label">
							<top>335</top>
							<width>200</width>
							<height>30</height>
							<font>font12</font>
							<align>center</align>
							<textoffsetx>5</textoffsetx>
							<label>$INFO[ListItem.Year,, • ]$INFO[ListItem.Rating]</label>
						</control>
					</itemlayout>
					<focusedlayout width="200" height="370" condition="Container.Content(movies) | Container.Content(tvshows) | Container.Content(seasons)">
						<control type="group">
							<animation type="Focus">
								<effect type="zoom" start="95" end="100" time="200" tween="sine" easing="inout" center="auto" />
							</animation>
							<control type="image">
								<width>200</width>
								<height>300</height>
								<aspectratio>scale</aspectratio>
								<texture background="true">$INFO[ListItem.Art(poster)]</texture>
								<bordertexture colordiffuse="$VAR[ThemeLabelColor]" border="4">thumbs/thumbnail_focused.png</bordertexture>
								<bordersize>4</bordersize>
							</control>
							<control type="label">
								<top>305</top>
								<width>200</width>
								<height>30</height>
								<font>font12</font>
								<align>center</align>
								<textoffsetx>5</textoffsetx>
								<textcolor>$VAR[ThemeLabelColor]</textcolor>
								<label>$INFO[ListItem.Label]</label>
							</control>
							<control type="label">
								<top>335</top>
								<width>200</width>
								<height>30</height>
								<font>font12</font>
								<align>center</align>
								<textoffsetx>5</textoffsetx>
								<textcolor>$VAR[ThemeLabelColor]</textcolor>
								<label>$INFO[ListItem.Year,, • ]$INFO[ListItem.Rating]</label>
							</control>
						</control>
					</focusedlayout>
					<itemlayout width="280.2" height="246.66" condition="Container.Content(episodes)">
						<control type="image">
							<top>1</top>
							<width>280.2</width>
							<height>186.8</height>
							<aspectratio>scale</aspectratio>
							<texture background="true">$INFO[ListItem.Icon]</texture>
							<bordertexture border="2">thumbs/panel_border3.png</bordertexture>
							<bordersize>1</bordersize>
						</control>
						<control type="label">
							<top>188</top>
							<width>280.2</width>
							<height>30</height>
							<font>font12</font>
							<align>center</align>
							<textoffsetx>5</textoffsetx>
							<label>$INFO[ListItem.TvShowTitle]</label>
						</control>
						<control type="label">
							<top>218</top>
							<width>280.2</width>
							<height>30</height>
							<font>font12</font>
							<align>center</align>
							<textoffsetx>5</textoffsetx>
							<label>$INFO[ListItem.Label]</label>
						</control>
					</itemlayout>
					<focusedlayout width="280.2" height="246.66" condition="Container.Content(episodes)">
						<control type="group">
							<animation type="Focus">
								<effect type="zoom" start="95" end="100" time="200" tween="sine" easing="inout" center="auto" />
							</animation>
							<control type="image">
								<top>1</top>
								<width>280.2</width>
								<height>186.8</height>
								<aspectratio>scale</aspectratio>
								<texture background="true">$INFO[ListItem.Icon]</texture>
								<bordertexture colordiffuse="$VAR[ThemeLabelColor]" border="4">thumbs/thumbnail_focused.png</bordertexture>
								<bordersize>4</bordersize>
							</control>
							<control type="label">
								<top>188</top>
								<width>280.2</width>
								<height>30</height>
								<font>font12</font>
								<align>center</align>
								<textoffsetx>5</textoffsetx>
								<textcolor>$VAR[ThemeLabelColor]</textcolor>
								<label>$INFO[ListItem.TvShowTitle]</label>
							</control>
							<control type="label">
								<top>218</top>
								<width>280.2</width>
								<height>30</height>
								<font>font12</font>
								<align>center</align>
								<textoffsetx>5</textoffsetx>
								<textcolor>$VAR[ThemeLabelColor]</textcolor>
								<label>$INFO[ListItem.Label]</label>
							</control>
						</control>
					</focusedlayout>
					<itemlayout width="280.2" height="370" condition="Container.Content(artists) | Container.Content(albums)">
						<control type="image">
							<width>280.2</width>
							<height>280.2</height>
							<aspectratio>scale</aspectratio>
							<texture background="true">$INFO[ListItem.Icon]</texture>
							<bordertexture border="2">thumbs/panel_border3.png</bordertexture>
							<bordersize>1</bordersize>
							<colordiffuse>BAffffff</colordiffuse>
						</control>
						<control type="label">
							<top>285</top>
							<width>280.2</width>
							<height>26</height>
							<font>font12</font>
							<align>center</align>
							<textoffsetx>5</textoffsetx>
							<label>$INFO[ListItem.Artist]</label>
							<animation effect="slide" end="0,30" condition="Container.Content(albums)">Conditional</animation>
						</control>
						<control type="label">
							<top>285</top>
							<width>280.2</width>
							<height>26</height>
							<font>font12</font>
							<align>center</align>
							<textoffsetx>5</textoffsetx>
							<label>$INFO[ListItem.Album]</label>
						</control>
						<control type="label">
							<top>315</top>
							<width>280.2</width>
							<height>26</height>
							<font>font12</font>
							<align>center</align>
							<textoffsetx>5</textoffsetx>
							<label>$INFO[ListItem.Property(Artist_YearsActive)]</label>
							<visible>!String.IsEmpty(ListItem.Property(Artist_YearsActive))</visible>
						</control>
						<control type="label">
							<top>315</top>
							<width>280.2</width>
							<height>26</height>
							<font>font12</font>
							<align>center</align>
							<textoffsetx>5</textoffsetx>
							<label>$INFO[ListItem.Property(Artist_Formed)]</label>
							<visible>String.IsEmpty(ListItem.Property(Artist_YearsActive))</visible>
						</control>
					</itemlayout>
					<focusedlayout width="280.2" height="370" condition="Container.Content(artists) | Container.Content(albums)">
						<control type="group">
							<animation type="Focus">
								<effect type="zoom" start="95" end="100" time="200" tween="sine" easing="inout" center="auto" />
							</animation>
							<control type="image">
								<width>280.2</width>
								<height>280.2</height>
								<aspectratio>scale</aspectratio>
								<texture background="true">$INFO[ListItem.Icon]</texture>
								<bordertexture colordiffuse="$VAR[ThemeLabelColor]" border="4">thumbs/thumbnail_focused.png</bordertexture>
								<bordersize>4</bordersize>
							</control>
							<control type="label">
								<top>285</top>
								<width>280.2</width>
								<height>26</height>
								<font>font13</font>
								<align>center</align>
								<textoffsetx>5</textoffsetx>
								<textcolor>$VAR[ThemeLabelColor]</textcolor>
								<label>$INFO[ListItem.Artist]</label>
								<animation effect="slide" end="0,30" condition="Container.Content(albums)">Conditional</animation>
							</control>
							<control type="label">
								<top>285</top>
								<width>280.2</width>
								<height>26</height>
								<font>font13</font>
								<align>center</align>
								<textoffsetx>5</textoffsetx>
								<textcolor>$VAR[ThemeLabelColor]</textcolor>
								<label>$INFO[ListItem.Album]</label>
							</control>
							<control type="label">
								<top>315</top>
								<width>280.2</width>
								<height>26</height>
								<font>font13</font>
								<align>center</align>
								<textoffsetx>5</textoffsetx>
								<textcolor>$VAR[ThemeLabelColor]</textcolor>
								<label>$INFO[ListItem.Property(Artist_YearsActive)]</label>
								<visible>!String.IsEmpty(ListItem.Property(Artist_YearsActive))</visible>
							</control>
							<control type="label">
								<top>315</top>
								<width>280.2</width>
								<height>26</height>
								<font>font13</font>
								<align>center</align>
								<textoffsetx>5</textoffsetx>
								<textcolor>$VAR[ThemeLabelColor]</textcolor>
								<label>$INFO[ListItem.Property(Artist_Formed)]</label>
								<visible>String.IsEmpty(ListItem.Property(Artist_YearsActive))</visible>
							</control>
						</control>
					</focusedlayout>
					<itemlayout width="280.2" height="370" condition="Container.Content(songs) | Container.Content(livetv)">
						<control type="image">
							<width>280.2</width>
							<height>280.2</height>
							<aspectratio>keep</aspectratio>
							<texture background="true">$INFO[ListItem.Icon]</texture>
							<bordertexture border="2">thumbs/panel_border3.png</bordertexture>
							<bordersize>1</bordersize>
							<colordiffuse>BAffffff</colordiffuse>
						</control>
						<control type="label">
							<top>285</top>
							<width>280.2</width>
							<height>26</height>
							<font>font12</font>
							<align>center</align>
							<textoffsetx>5</textoffsetx>
							<label>$INFO[ListItem.Artist]</label>
						</control>
						<control type="label">
							<top>285</top>
							<width>280.2</width>
							<height>26</height>
							<font>font12</font>
							<align>center</align>
							<textoffsetx>5</textoffsetx>
							<label>$INFO[ListItem.Property(ChannelName)]</label>
							<visible>Container.Content(LiveTV)</visible>
						</control>
						<control type="label">
							<top>315</top>
							<width>280.2</width>
							<height>26</height>
							<font>font12</font>
							<align>center</align>
							<textoffsetx>5</textoffsetx>
							<label>$INFO[ListItem.Tracknumber,,. ]$INFO[ListItem.Label]</label>
						</control>
					</itemlayout>
					<focusedlayout width="280.2" height="370" condition="Container.Content(songs) | Container.Content(livetv)">
						<control type="group">
							<animation type="Focus">
								<effect type="zoom" start="95" end="100" time="200" tween="sine" easing="inout" center="auto" />
							</animation>
							<control type="image">
								<width>280.2</width>
								<height>280.2</height>
								<aspectratio>keep</aspectratio>
								<texture background="true">$INFO[ListItem.Icon]</texture>
								<bordertexture colordiffuse="$VAR[ThemeLabelColor]" border="4">thumbs/thumbnail_focused.png</bordertexture>
								<bordersize>4</bordersize>
							</control>
							<control type="label">
								<top>285</top>
								<width>280.2</width>
								<height>26</height>
								<font>font12</font>
								<align>center</align>
								<textoffsetx>5</textoffsetx>
								<textcolor>$VAR[ThemeLabelColor]</textcolor>
								<label>$INFO[ListItem.Artist]</label>
							</control>
							<control type="label">
								<top>285</top>
								<width>280.2</width>
								<height>26</height>
								<font>font12</font>
								<align>center</align>
								<textoffsetx>5</textoffsetx>
								<textcolor>$VAR[ThemeLabelColor]</textcolor>
								<label>$INFO[ListItem.Property(ChannelName)]</label>
								<visible>Container.Content(LiveTV)</visible>
							</control>
							<control type="label">
								<top>315</top>
								<width>280.2</width>
								<height>26</height>
								<font>font12</font>
								<align>center</align>
								<textoffsetx>5</textoffsetx>
								<textcolor>$VAR[ThemeLabelColor]</textcolor>
								<label>$INFO[ListItem.Tracknumber,,. ]$INFO[ListItem.Label]</label>
							</control>
						</control>
					</focusedlayout>
					<itemlayout width="200" height="370" condition="Container.Content(actors) | Container.Content(directors)">
						<control type="image">
							<width>200</width>
							<height>300</height>
							<aspectratio>scale</aspectratio>
							<texture background="true">$INFO[ListItem.Icon]</texture>
							<bordertexture border="2">thumbs/panel_border3.png</bordertexture>
							<bordersize>1</bordersize>
						</control>
						<control type="label">
							<top>300</top>
							<width>200</width>
							<height>30</height>
							<font>font12</font>
							<align>center</align>
							<textoffsetx>5</textoffsetx>
							<label>$INFO[ListItem.Label]</label>
						</control>
					</itemlayout>
					<focusedlayout width="200" height="370" condition="Container.Content(actors) | Container.Content(directors)">
						<control type="group">
							<animation type="Focus">
								<effect type="zoom" start="95" end="100" time="200" tween="sine" easing="inout" center="auto" />
							</animation>
							<control type="image">
								<width>200</width>
								<height>300</height>
								<aspectratio>scale</aspectratio>
								<texture background="true">$INFO[ListItem.Icon]</texture>
								<bordertexture colordiffuse="$VAR[ThemeLabelColor]" border="4">thumbs/thumbnail_focused.png</bordertexture>
								<bordersize>4</bordersize>
							</control>
							<control type="label">
								<top>300</top>
								<width>200</width>
								<height>30</height>
								<font>font12</font>
								<align>center</align>
								<textoffsetx>5</textoffsetx>
								<textcolor>$VAR[ThemeLabelColor]</textcolor>
								<label>$INFO[ListItem.Label]</label>
							</control>
						</control>
					</focusedlayout>
				</control>
				<control type="group">
					<top>750</top>
					<control type="label">
						<width>1401</width>
						<height>40</height>
						<label>$INFO[ListItem.Tagline]</label>
						<font>font15</font>
						<textcolor>$VAR[ThemeLabelColor]</textcolor>
						<textoffsetx>15</textoffsetx>
					</control>
					<control type="label">
						<width>1401</width>
						<height>40</height>
						<label>$INFO[ListItem.Tracknumber,,. ]$INFO[ListItem.Label]</label>
						<font>font15</font>
						<textcolor>$VAR[ThemeLabelColor]</textcolor>
						<textoffsetx>15</textoffsetx>
						<visible>![Container.Content(movies) | Container.Content(tvshows)]</visible>
					</control>
					<control type="label">
						<width>1401</width>
						<height>40</height>
						<label>$INFO[ListItem.Genre]</label>
						<font>font15</font>
						<textcolor>$VAR[ThemeLabelColor]</textcolor>
						<textoffsetx>15</textoffsetx>
						<visible>String.IsEmpty(ListItem.Tagline)</visible>
					</control>
					<control type="label">
						<width>1403</width>
						<height>40</height>
						<align>right</align>
						<label>$INFO[ListItem.Duration,$LOCALIZE[2050]: ]</label>
						<font>font15</font>
						<textcolor>$VAR[ThemeLabelColor]</textcolor>
						<textoffsetx>15</textoffsetx>
					</control>
					<control type="textbox">
						<left>15</left>
						<top>45</top>
						<width>1375</width>
						<height>100</height>
						<textcolor>grey2</textcolor>
						<font>font14_textbox</font>
						<align>justify</align>
						<label>$VAR[VideoPlotVar]</label>
						<autoscroll time="3000" delay="4000" repeat="5000">true</autoscroll>
					</control>
				</control>
				<control type="group">
					<top>935</top>
					<control type="grouplist">
						<width>1300</width>
						<height>90</height>
						<align>justify</align>
						<orientation>horizontal</orientation>
						<visible>Container.Content(movies)</visible>
						<control type="image">
							<width>168</width>
							<height>80</height>
							<include>MediaFlagValues</include>
							<bordersize>2</bordersize>
							<texture>$VAR[PathFlagsStudios]$INFO[ListItem.Studio,,.png]</texture>
							<visible>!String.IsEmpty(ListItem.Studio)</visible>
						</control>
						<control type="image">
							<width>168</width>
							<height>80</height>
							<include>MediaFlagValues</include>
							<texture>$VAR[MediaFlagsPathVar]/mpaa/$VAR[RatingFlagVar]</texture>
							<visible>!String.IsEmpty(ListItem.MPAA)</visible>
						</control>
						<control type="image">
							<width>168</width>
							<height>80</height>
							<include>MediaFlagValues</include>
							<texture>$VAR[MediaFlagsPathVar]/resolution/$INFO[ListItem.VideoResolution,,.png]</texture>
							<visible>!String.IsEmpty(ListItem.VideoResolution)</visible>
						</control>
						<control type="image">
							<width>168</width>
							<height>80</height>
							<include>MediaFlagValues</include>
							<texture>$VAR[MediaFlagsPathVar]/videocodec/$VAR[SourceFlagVar]</texture>
							<visible>!String.IsEmpty(ListItem.VideoCodec)</visible>
						</control>
						<control type="image">
							<width>168</width>
							<height>80</height>
							<include>MediaFlagValues</include>
							<texture>$VAR[MediaFlagsPathVar]/audiocodec/$VAR[AudioCodecFlagVar]</texture>
							<visible>!String.IsEmpty(ListItem.AudioCodec)</visible>
						</control>
						<control type="image">
							<width>168</width>
							<height>80</height>
							<include>MediaFlagValues</include>
							<texture>$VAR[MediaFlagsPathVar]/audiochannels/$INFO[ListItem.AudioChannels,,.png]</texture>
							<visible>!String.IsEmpty(ListItem.AudioChannels)</visible>
						</control>
					</control>
					<control type="grouplist">
						<left>40</left>
						<width>1300</width>
						<height>90</height>
						<orientation>horizontal</orientation>
						<visible>Container.Content(tvshows)</visible>
						<control type="image">
							<width>168</width>
							<include>MediaFlagValues</include>
							<bordersize>2</bordersize>
							<texture>$VAR[PathFlagsStudios]$INFO[ListItem.Studio,,.png]</texture>
							<visible>!String.IsEmpty(ListItem.Studio)</visible>
						</control>
						<control type="image">
							<width>168</width>
							<include>MediaFlagValues</include>
							<texture>$VAR[MediaFlagsPathVar]/mpaa/$VAR[RatingFlagVar]</texture>
							<visible>!String.IsEmpty(ListItem.MPAA)</visible>
						</control>
					</control>
					<control type="grouplist">
						<width>1300</width>
						<height>90</height>
						<align>justify</align>
						<orientation>horizontal</orientation>
						<visible>Container.Content(episodes)</visible>
						<control type="image">
							<width>168</width>
							<include>MediaFlagValues</include>
							<texture>$VAR[MediaFlagsPathVar]/resolution/$INFO[ListItem.VideoResolution,,.png]</texture>
							<visible>!String.IsEmpty(ListItem.VideoResolution)</visible>
						</control>
						<control type="image">
							<width>168</width>
							<include>MediaFlagValues</include>
							<texture>$VAR[MediaFlagsPathVar]/videocodec/$VAR[SourceFlagVar]</texture>
							<visible>!String.IsEmpty(ListItem.VideoCodec)</visible>
						</control>
						<control type="image">
							<width>168</width>
							<include>MediaFlagValues</include>
							<texture>$VAR[MediaFlagsPathVar]/audiocodec/$VAR[AudioCodecFlagVar]</texture>
							<visible>!String.IsEmpty(ListItem.AudioCodec)</visible>
						</control>
						<control type="image">
							<width>168</width>
							<include>MediaFlagValues</include>
							<texture>$VAR[MediaFlagsPathVar]/audiochannels/$INFO[ListItem.AudioChannels,,.png]</texture>
							<visible>!String.IsEmpty(ListItem.AudioChannels)</visible>
						</control>
					</control>
				</control>
			</control>
			<control type="scrollbar" id="61">
				<left>1838</left>
				<top>90</top>
				<width>14</width>
				<height>630</height>
				<onleft>50</onleft>
				<onright>9050</onright>
				<ondown>61</ondown>
				<onup>61</onup>
				<showonepage>false</showonepage>
				<texturesliderbackground />
				<texturesliderbar border="1">scrollbar/texturesliderbar2.png</texturesliderbar>
				<texturesliderbarfocus border="1" colordiffuse="$VAR[ThemeLabelColor]">scrollbar/texturesliderbar2.png</texturesliderbarfocus>
				<animation effect="fade" start="100" end="0" time="500" delay="500" condition="!Control.HasFocus(61) + !Container.Scrolling">Conditional</animation>
			</control>
		</control>
		<control type="group">
			<left>-440</left>
			<include>SideBladeLeft</include>
			<control type="grouplist" id="9050">
				<top>100</top>
				<width>400</width>
				<height>1080</height>
				<onleft>9050</onleft>
				<onright>ClearProperty(MediaMenu,Home)</onright>
				<onright>50</onright>
				<onup>9050</onup>
				<ondown condition="Player.HasMedia">9957</ondown>
				<ondown condition="!Player.HasMedia">9050</ondown>
				<onback>ClearProperty(MediaMenu,Home)</onback>
				<onback>50</onback>
				<include condition="Skin.HasSetting(KioskMode.Enabled)">KioskModeButton</include>
				<control type="label" id="200">
					<width>400</width>
					<height>52</height>
					<textoffsetx>15</textoffsetx>
					<font>font13_title</font>
					<label>31006</label>
					<textcolor>$VAR[ThemeLabelColor]</textcolor>
				</control>
				<control type="button" id="990">
					<include>ButtonCommonValues</include>
					<label>$ADDON[script.globalsearch 32299]?</label>
					<onclick>ClearProperty(MediaMenu,Home)</onclick>
					<visible>![Container(9000).IsUpdating | Container(50).IsUpdating]</visible>
				</control>
			</control>
			<include>MediaMenuPlayerControls</include>
		</control>
		<control type="image">
			<include>FullscreenDimensions</include>
			<texture colordiffuse="D9FFFFFF">colors/black.png</texture>
			<animation effect="fade" time="100">VisibleChange</animation>
			<visible>!Control.IsVisible(990)</visible>
		</control>
		<control type="group">
			<visible>!Control.IsVisible(990)</visible>
			<animation type="Visible" reversible="false">
				<effect type="zoom" start="150" end="100" center="960,540" time="250" tween="cubic" easing="out" />
				<effect type="fade" end="100" time="100" />
			</animation>
			<animation type="Hidden" reversible="false">
				<effect type="fade" start="100" end="0" time="100" delay="100" />
				<effect type="zoom" start="100" end="130" center="960,540" time="250" tween="cubic" easing="in" />
			</animation>
			<left>912</left>
			<top>492</top>
			<control type="image">
				<description>Busy animation</description>
				<width>96</width>
				<height>96</height>
				<texture colordiffuse="$VAR[ThemeLabelColor]">android/spinner_48_inner_holo.png</texture>
				<aspectratio>keep</aspectratio>
				<animation effect="rotate" start="0" end="360" center="auto" time="2000" loop="true" condition="true">Conditional</animation>
			</control>
			<control type="image">
				<description>Busy animation</description>
				<width>96</width>
				<height>96</height>
				<texture colordiffuse="$VAR[ThemeLabelColor]">android/spinner_48_outer_holo.png</texture>
				<aspectratio>keep</aspectratio>
				<animation effect="rotate" start="360" end="0" center="auto" time="2000" loop="true" condition="true">Conditional</animation>
			</control>
		</control>
	</controls>
</window>