<?xml version="1.0" encoding="UTF-8"?>
<window>
	<defaultcontrol>9000</defaultcontrol>
	<onload>ClearProperty(BusySkinBackup,Home)</onload>
	<onload condition="Control.IsVisible(10)">SetFocus(10)</onload>
	<onunload condition="Window.IsVisible(home) + System.HasAddon(script.skinshortcuts) + !String.IsEmpty(Window(Home).Property(RunSkinShortcutsAfterInstall))">RunScript(script.skinshortcuts,type=buildxml&amp;mainmenuID=9000&amp;levels=2&amp;options=noGroups)</onunload>
	<include>OpenClose_Zoom</include>
	<controls>
	    <include>FullScreen_Overlay</include>
		<control type="image">
			<include>FullscreenDimensions</include>
			<texture colordiffuse="AAFFFFFF">colors/black.png</texture>
			<animation effect="fade" time="300">WindowOpen</animation>
			<animation effect="fade" time="300">WindowClose</animation>
		</control>
		<control type="group">
			<left>502</left>
			<top>293</top>
			<control type="label" id="1">
				<width>0</width>
				<height>0</height>
				<font />
				<visible>false</visible>
			</control>
			<control type="image">
				<width>916</width>
				<height>494</height>
				<texture border="40">dialogs/default/bg.png</texture>
			</control>
			<control type="image">
				<left>17</left>
				<top>70</top>
				<width>882</width>
				<height>1</height>
				<texture colordiffuse="$VAR[ThemeLabelColor]">separator_horizontal.png</texture>
			</control>
			<control type="progress">
				<left>30</left>
				<top>21</top>
				<width>856</width>
				<height>40</height>
				<info>System.Progressbar</info>
				<colordiffuse>$VAR[ThemeLabelColor]</colordiffuse>
				<visible>Window.IsActive(progressdialog)</visible>
			</control>
			<control type="label">
				<left>30</left>
				<top>22</top>
				<width>856</width>
				<height>40</height>
				<textoffsetx>15</textoffsetx>
				<font>font15_title</font>
				<align>center</align>
				<textcolor>grey2</textcolor>
				<label>$INFO[Control.GetLabel(1)] $INFO[System.Progressbar,- ,%]</label>
			</control>
			<control type="textbox" id="9">
				<left>45</left>
				<top>88</top>
				<width>825</width>
				<height>290</height>
				<label />
				<textcolor>grey2</textcolor>
				<autoscroll time="3000" delay="4000" repeat="5000">true</autoscroll>
			</control>
			<control type="grouplist" id="9000">
				<left>20</left>
				<top>402</top>
				<width>876</width>
				<orientation>horizontal</orientation>
				<align>center</align>
				<itemgap>5</itemgap>
				<control type="button" id="11">
					<description>Yes button</description>
					<width>287</width>
					<height>60</height>
					<label>107</label>
					<font>font15_title</font>
					<textcolor>grey2</textcolor>
					<focusedcolor>white</focusedcolor>
					<align>center</align>
					<texturefocus border="5">lists/listselect_fo.png</texturefocus>
				</control>
				<control type="button" id="10">
					<description>No button</description>
					<width>287</width>
					<height>60</height>
					<label>106</label>
					<font>font15_title</font>
					<textcolor>grey2</textcolor>
					<focusedcolor>white</focusedcolor>
					<align>center</align>
					<texturefocus border="5">lists/listselect_fo.png</texturefocus>
				</control>
				<control type="button" id="12">
					<description>Settings button</description>
					<width>287</width>
					<height>60</height>
					<font>font15_title</font>
					<textcolor>grey2</textcolor>
					<focusedcolor>white</focusedcolor>
					<align>center</align>
					<texturefocus border="5">lists/listselect_fo.png</texturefocus>
				</control>
			</control>
		</control>
	</controls>
</window>