<?xml version="1.0" encoding="UTF-8" standalone="yes"?>
<addon id="plugin.video.govi.wizard" name="GoVi Wizard" version="2020.4.1" provider-name="GoVi">
  <requires>
    <import addon="xbmc.python" version="2.1.0"/>
  </requires>
  <extension point="xbmc.python.pluginsource" library="default.py">
        <provides>executable</provides>
  </extension>
  <extension point="xbmc.addon.metadata">
    <summary lang="en">GoVi Wizard</summary>
    <description lang="en">Wizard GoVi Build</description>
    <platform>all</platform>
  </extension>
</addon>
