<?xml version="1.0" encoding="UTF-8"?>
<window>
	<defaultcontrol always="true">9000</defaultcontrol>
	<onload>ClearProperty(RunSkinShortcutsAfterInstall,Home)</onload>
	<onload condition="!System.HasAddon(script.skinshortcuts)">SetProperty(MissingDependency,True,Home)</onload>
	<onload condition="!System.HasAddon(script.skinshortcuts)">ActivateWindow(1126)</onload>
	<onload condition="System.HasAddon(script.skinshortcuts) + String.IsEmpty(Window(Home).Property(RunSkinShortcutsAfterInstall))">RunScript(script.skinshortcuts,type=buildxml&amp;mainmenuID=9000&amp;levels=2&amp;options=noGroups)</onload>
	<onload condition="System.HasAddon(script.skinshortcuts) + !Skin.HasSetting(AskedDefaultBackground)">SetProperty(AskDefaultBackground,True,Home)</onload>
	<onload condition="System.HasAddon(script.skinshortcuts) + !Skin.HasSetting(AskedDefaultBackground) + !Control.IsVisible(9999)">AlarmClock(Ask for Default Background,ActivateWindow(1126),00:02,silent)</onload>
	<onload condition="System.HasAddon(script.skin.info.service) + String.IsEmpty(Window(Home).Property(skininfos_daemon_running))">RunScript(script.skin.info.service)</onload>
	<menucontrol>9051</menucontrol>
	<controls>
		<control type="button" id="64">
			<include>HiddenObject</include>
			<onback>SetFocus(9000)</onback>
			<onleft>SetFocus(9000)</onleft>
			<onright>SetFocus(9000)</onright>
			<onup>SetFocus(9000)</onup>
			<ondown>SetFocus(9000)</ondown>
			<onclick>SetFocus(9000)</onclick>
		</control>
		<control type="fadelabel" id="4410">
			<top>-100</top>
			<width>2560</width>
			<height>0</height>
			<scroll>false</scroll>
			<scrollout>false</scrollout>
			<randomize>true</randomize>
			<resetonlabelchange>true</resetonlabelchange>
			<visible>!Skin.HasSetting(Disable.ExtraFanart)</visible>
			<include>FadeLabelTime</include>
			<label>$INFO[Container.ListItem.Art(fanart)]</label>
			<label>$INFO[Container.ListItem.Art(fanart1)]</label>
			<label>$INFO[Container.ListItem.Art(fanart2)]</label>
			<label>$INFO[Container.ListItem.Art(fanart3)]</label>
			<label>$INFO[Container.ListItem.Art(fanart4)]</label>
			<label>$INFO[Container.ListItem.Art(fanart5)]</label>
			<label>$INFO[Container.ListItem.Art(fanart6)]</label>
			<label>$INFO[Container.ListItem.Art(fanart7)]</label>
			<label>$INFO[Container.ListItem.Art(fanart8)]</label>
			<label>$INFO[Container.ListItem.Art(fanart9)]</label>
			<label>$INFO[Container.ListItem.Art(fanart10)]</label>
			<label>$INFO[Container.ListItem.Art(fanart11)]</label>
			<label>$INFO[Container.ListItem.Art(fanart12)]</label>
			<label>$INFO[Container.ListItem.Art(fanart13)]</label>
			<label>$INFO[Container.ListItem.Art(fanart14)]</label>
			<label>$INFO[Container.ListItem.Art(fanart15)]</label>
			<label>$INFO[Container.ListItem.Art(fanart16)]</label>
			<label>$INFO[Container.ListItem.Art(fanart17)]</label>
			<label>$INFO[Container.ListItem.Art(fanart18)]</label>
			<label>$INFO[Container.ListItem.Art(fanart19)]</label>
			<label>$INFO[Container.ListItem.Art(fanart20)]</label>
			<label>$INFO[Container.ListItem.Art(tvshow.fanart1)]</label>
			<label>$INFO[Container.ListItem.Art(tvshow.fanart2)]</label>
			<label>$INFO[Container.ListItem.Art(tvshow.fanart3)]</label>
			<label>$INFO[Container.ListItem.Art(tvshow.fanart4)]</label>
			<label>$INFO[Container.ListItem.Art(tvshow.fanart5)]</label>
			<label>$INFO[Container.ListItem.Art(tvshow.fanart6)]</label>
			<label>$INFO[Container.ListItem.Art(tvshow.fanart7)]</label>
			<label>$INFO[Container.ListItem.Art(tvshow.fanart8)]</label>
			<label>$INFO[Container.ListItem.Art(tvshow.fanart9)]</label>
			<label>$INFO[Container.ListItem.Art(tvshow.fanart10)]</label>
			<label>$INFO[Container.ListItem.Art(tvshow.fanart11)]</label>
			<label>$INFO[Container.ListItem.Art(tvshow.fanart12)]</label>
			<label>$INFO[Container.ListItem.Art(tvshow.fanart13)]</label>
			<label>$INFO[Container.ListItem.Art(tvshow.fanart14)]</label>
			<label>$INFO[Container.ListItem.Art(tvshow.fanart15)]</label>
			<label>$INFO[Container.ListItem.Art(tvshow.fanart16)]</label>
			<label>$INFO[Container.ListItem.Art(tvshow.fanart17)]</label>
			<label>$INFO[Container.ListItem.Art(tvshow.fanart18)]</label>
			<label>$INFO[Container.ListItem.Art(tvshow.fanart19)]</label>
			<label>$INFO[Container.ListItem.Art(tvshow.fanart20)]</label>
			<label>$INFO[Container.ListItem.Art(artist.fanart1)]</label>
			<label>$INFO[Container.ListItem.Art(artist.fanart2)]</label>
			<label>$INFO[Container.ListItem.Art(artist.fanart3)]</label>
			<label>$INFO[Container.ListItem.Art(artist.fanart4)]</label>
			<label>$INFO[Container.ListItem.Art(artist.fanart5)]</label>
			<label>$INFO[Container.ListItem.Art(artist.fanart6)]</label>
			<label>$INFO[Container.ListItem.Art(artist.fanart7)]</label>
			<label>$INFO[Container.ListItem.Art(artist.fanart8)]</label>
			<label>$INFO[Container.ListItem.Art(artist.fanart9)]</label>
			<label>$INFO[Container.ListItem.Art(artist.fanart10)]</label>
			<label>$INFO[Container.ListItem.Art(artist.fanart11)]</label>
			<label>$INFO[Container.ListItem.Art(artist.fanart12)]</label>
			<label>$INFO[Container.ListItem.Art(artist.fanart13)]</label>
			<label>$INFO[Container.ListItem.Art(artist.fanart14)]</label>
			<label>$INFO[Container.ListItem.Art(artist.fanart15)]</label>
			<label>$INFO[Container.ListItem.Art(artist.fanart16)]</label>
			<label>$INFO[Container.ListItem.Art(artist.fanart17)]</label>
			<label>$INFO[Container.ListItem.Art(artist.fanart18)]</label>
			<label>$INFO[Container.ListItem.Art(artist.fanart19)]</label>
			<label>$INFO[Container.ListItem.Art(artist.fanart20)]</label>
			<label>$INFO[Container.ListItem.Art(albumartist.fanart1)]</label>
			<label>$INFO[Container.ListItem.Art(albumartist.fanart2)]</label>
			<label>$INFO[Container.ListItem.Art(albumartist.fanart3)]</label>
			<label>$INFO[Container.ListItem.Art(albumartist.fanart4)]</label>
			<label>$INFO[Container.ListItem.Art(albumartist.fanart5)]</label>
			<label>$INFO[Container.ListItem.Art(albumartist.fanart6)]</label>
			<label>$INFO[Container.ListItem.Art(albumartist.fanart7)]</label>
			<label>$INFO[Container.ListItem.Art(albumartist.fanart8)]</label>
			<label>$INFO[Container.ListItem.Art(albumartist.fanart9)]</label>
			<label>$INFO[Container.ListItem.Art(albumartist.fanart10)]</label>
			<label>$INFO[Container.ListItem.Art(albumartist.fanart11)]</label>
			<label>$INFO[Container.ListItem.Art(albumartist.fanart12)]</label>
			<label>$INFO[Container.ListItem.Art(albumartist.fanart13)]</label>
			<label>$INFO[Container.ListItem.Art(albumartist.fanart14)]</label>
			<label>$INFO[Container.ListItem.Art(albumartist.fanart15)]</label>
			<label>$INFO[Container.ListItem.Art(albumartist.fanart16)]</label>
			<label>$INFO[Container.ListItem.Art(albumartist.fanart17)]</label>
			<label>$INFO[Container.ListItem.Art(albumartist.fanart18)]</label>
			<label>$INFO[Container.ListItem.Art(albumartist.fanart19)]</label>
			<label>$INFO[Container.ListItem.Art(albumartist.fanart20)]</label>
		</control>
		<control type="fadelabel" id="4411">
			<top>-100</top>
			<width>2560</width>
			<height>0</height>
			<scroll>false</scroll>
			<scrollout>false</scrollout>
			<randomize>true</randomize>
			<resetonlabelchange>true</resetonlabelchange>
			<include>FadeLabelTime</include>
			<!-- All Movies -->
			<label>$INFO[Container(9035).ListItem.Art(fanart)]</label>
			<!-- All TV Shows -->
			<label>$INFO[Container(9036).ListItem.Art(fanart)]</label>
			<!-- All Album Artists -->
			<label>$INFO[Container(9037).ListItem.Art(fanart)]</label>
			<!-- All Music Videos -->
			<label>$INFO[Container(9038).ListItem.Art(fanart)]</label>
		</control>
		<include>HomeFanartLists</include>
		<control type="button" id="9051">
			<include>HiddenObject</include>
			<onfocus condition="Player.HasMedia">ActivateWindow(playercontrols)</onfocus>
			<onfocus condition="!Player.HasMedia">SetFocus(9000)</onfocus>
		</control>
		<include>CommonBackground</include>
		<control type="group">
			<visible>!Integer.IsEqual(Container(9000).NumItems,0) + !Control.HasFocus(64)</visible>
			<include>VisibleFadeAnimation</include>
			<include condition="!Skin.HasSetting(Disable.Videoinfo)">NowPlayingVideoWidget</include>
			<include condition="!Skin.HasSetting(Disable.Musicinfo)">NowPlayingMusicWidget</include>
			<include>WidgetMove</include>
			<include>Widget1</include>
			<include>Widget2</include>
			<include>Widget3</include>
			<include>Widget4</include>
			<include>LiveTVWidget</include>
			<!-- Horizontal Menu -->
			<!-- RSS Feeds -->
			<include condition="!String.IsEqual(Skin.String(MainMenu.Layout),vertical)">HorizontalMenuSystemBars</include>
			<include condition="!String.IsEqual(Skin.String(MainMenu.Layout),vertical)">HorizontalMenu</include>
			<!-- Vertical Menu -->
			<include condition="!String.IsEqual(Skin.String(HorizontalRSSPosition),high) + system.getbool(lookandfeel.enablerssfeeds) + !String.IsEqual(Skin.String(MainMenu.Layout),vertical)">RSSFeed</include>
			<include condition="String.IsEqual(Skin.String(HorizontalRSSPosition),high) + system.getbool(lookandfeel.enablerssfeeds) + !String.IsEqual(Skin.String(MainMenu.Layout),vertical)">RSSFeed2</include>
			<include condition="String.IsEqual(Skin.String(MainMenu.Layout),vertical)">VerticalMenu</include>
			<!-- RSS Feed -->
			<include condition="String.IsEqual(Skin.String(MainMenu.Layout),vertical)">RSSFeedVerticalMenu</include>
			<!-- Fanart Title Widget -->
			<include condition="!Skin.HasSetting(Disable.FanartTitle)">FanartTitle</include>
			<!-- Vertical SubMenu + System Bars -->
			<include condition="String.IsEqual(Skin.String(MainMenu.Layout),vertical)">VerticalSubMenu</include>
			<include condition="String.IsEqual(Skin.String(MainMenu.Layout),vertical)">VerticalMenuSystemBars</include>
		</control>
		<control type="group" id="9999">
			<visible>System.HasAddon(script.skinshortcuts) + [Integer.IsEqual(Container(9000).NumItems,0) | Container(9000).IsUpdating]</visible>
			<control type="image">
				<width>1920</width>
				<height>2160</height>
				<texture border="1">colors/black.png</texture>
			</control>
			<control type="group">
				<control type="label">
					<top>300</top>
					<width>100%</width>
					<height>100</height>
					<align>center</align>
					<font>font_skinversion</font>
					<label>$LOCALIZE[31526]</label>
				</control>
				<control type="fadelabel">
					<top>400</top>
					<width>100%</width>
					<height>100</height>
					<align>center</align>
					<font>font_kodiversion</font>
					<label>$LOCALIZE[31527]</label>
					<label>$LOCALIZE[31527].</label>
					<label>$LOCALIZE[31527]..</label>
					<label>$LOCALIZE[31527]...</label>
					<scrollout>false</scrollout>
					<pauseatend>1000</pauseatend>
				</control>
			</control>
			<control type="image">
				<left>1482</left>
				<top>853</top>
				<width>400</width>
				<height>130</height>
				<aspectratio align="right">keep</aspectratio>
				<texture>aeon_govi_logo.png</texture>
			</control>
			<control type="image">
				<left>82</left>
				<top>840</top>
				<width>356</width>
				<height>120</height>
				<aspectratio align="left">keep</aspectratio>
				<texture>Icons/xbmc-logo.png</texture>
			</control>
		</control>

	<!--- ·Overlay wraplist -->
		<control type="button">
			<animation effect="slide" start= "0,-500" end="0,0" time="200" tween="cubic" easing="inout">WindowOpen</animation>
			<animation effect="slide" start= "0,0" end="0,-500" time="200" tween="cubic" easing="inout">WindowClose</animation>
			<top>40</top>
			<right>0</right>
			<width>1650</width>
			<height>110</height>
			<texturenofocus>homemenu_overlay.png</texturenofocus>
			<texturefocus>homemenu_overlay.png</texturefocus>
			<visible>Window.IsVisible(Home) + !Skin.HasSetting(HorizontalListNavVar)</visible>
		</control>

	<!-- ·Home Buttons -->
		<control type="group" id="9999">
			<top>5</top>
			<left>10</left>
			<width>100%</width>
			<height>50</height>
			<orientation>horizontal</orientation>
			<itemgap>25</itemgap>
			<align>left</align>
			<visible>Control.IsVisible(9000)</visible>
			<control type="button" id="9998">
				<top>0</top>
				<left>5</left>
				<width>56</width>
				<height>56</height>
				<aspectratio>keep</aspectratio>
				<texturefocus>icons/kodi_logo_3.ico</texturefocus>
				<texturenofocus>icons/kodi_logo_2.png</texturenofocus>
				<onclick>ActivateWindow(Shutdownmenu)</onclick>
				<ondown>9000</ondown>
				<onright>9997</onright>
				<animation effect="slide" start= "0,-500" end="0,0" time="200" tween="cubic" easing="inout">WindowOpen</animation>
				<animation effect="slide" start= "0,0" end="0,-500" time="200" tween="cubic" easing="inout">WindowClose</animation>
			</control>
			<control type="button" id="9997">
				<top>15</top>
				<left>70</left>
				<width>112</width>
				<height>36</height>
				<aspectratio>keep</aspectratio>
				<texturefocus colordiffuse="$VAR[ThemeLabelColor]">icons/kodi_logo_text.png</texturefocus>
				<texturenofocus>icons/kodi_logo_text.png</texturenofocus>
				<onclick>Skin.ToggleDebug</onclick>
				<ondown>9000</ondown>
				<onleft>9998</onleft>
				<animation effect="slide" start= "0,-500" end="0,0" time="200" tween="cubic" easing="inout">WindowOpen</animation>
				<animation effect="slide" start= "0,0" end="0,-500" time="200" tween="cubic" easing="inout">WindowClose</animation>
			</control>
			<control type="group">
				<left>10</left>
				<visible>Player.HasMedia + !ControlGroup(90010).HasFocus + !Pvr.IsPlayingTv</visible>
				<visible>Player.HasMedia + !ControlGroup(90020).HasFocus + !Pvr.IsPlayingTv</visible>
				<animation effect="fade" start="100" end="0" condition="[!String.IsEqual(Skin.String(MainMenu.Layout),vertical) + ControlGroup(90020).HasFocus] | [!String.IsEqual(Skin.String(MainMenu.Layout),vertical) + ControlGroup(90010).HasFocus + !String.IsEqual(Container(9000).ListItem.Property(widgetStyle),List) + [!String.IsEmpty(Container(9000).ListItem.Property(widgetPanelInfo))]]">Conditional</animation>
				<animation effect="slide" start= "0,-600" end="0,0" time="720" tween="cubic">WindowOpen</animation>
				<animation effect="slide" start= "0,0" end="0,-600" time="720" tween="cubic">WindowClose</animation>
				<animation effect="slide" end="100,0" condition="String.IsEmpty(Player.Art(poster))">Conditional</animation>
				<control type="togglebutton" id="9996">
					<top>235</top>
					<left>250</left>
					<width>50</width>
					<height>50</height>
					<font />
					<label />
					<altlabel>208</altlabel>
					<texturefocus colordiffuse="$VAR[ThemeLabelColor]">icons/osd/pause.png</texturefocus>
					<texturenofocus colordiffuse="$VAR[GreyColorVar]">icons/osd/pause.png</texturenofocus>
					<alttexturefocus colordiffuse="$VAR[ThemeLabelColor]">icons/osd/play.png</alttexturefocus>
					<alttexturenofocus colordiffuse="$VAR[GreyColorVar]">icons/osd/play.png</alttexturenofocus>
					<usealttexture>Player.Paused</usealttexture>
					<onclick>PlayerControl(Play)</onclick>
				</control>
				<control type="button" id="9995">
					<top>235</top>
					<left>285</left>
					<width>1400</width>
					<height>50</height>
					<font>font14</font>
					<label>208</label>
					<focusedcolor>$VAR[ThemeLabelColor]</focusedcolor>
					<texturefocus />
					<texturenofocus />
					<visible>Player.Paused + !Pvr.IsPlayingTv</visible>
					<onclick>Back</onclick>
					<onclick>PlayerControl(Play)</onclick>
				</control>
				<control type="button" id="9994">
					<top>235</top>
					<left>285</left>
					<width>1400</width>
					<height>50</height>
					<font>font14</font>
					<label>34159</label>
					<focusedcolor>$VAR[ThemeLabelColor]</focusedcolor>
					<texturefocus />
					<texturenofocus />
					<visible>!Player.Paused + !Pvr.IsPlayingTv</visible>
					<onclick>PlayerControl(Play)</onclick>
				</control>
			</control>
		</control>
		<control type="button" id="9993">
			<top>1035</top>
			<left>-3</left>
			<width>48</width>
			<height>48</height>
			<texturefocus colordiffuse="$VAR[ThemeLabelColor]">icons/osd/button_down.png</texturefocus>
			<texturenofocus colordiffuse="$VAR[GreyColorVar]">icons/osd/button_down.png</texturenofocus>
			<visible>Window.IsVisible(Home) + [Control.IsVisible(90030) | Control.IsVisible(90040)]</visible>
			<animation effect="fade" start="100" end="0" time="200" condition="Control.HasFocus(9992) | Control.HasFocus(9993) | ControlGroup(90030).HasFocus | ControlGroup(90040).HasFocus">Conditional</animation>
		</control>
	</controls>
</window>