<?xml version="1.0" encoding="UTF-8"?>
<includes>

<!-- ·Homemenu banner -->
	<include name="HorizontalMenu">
		<control type="group">
			<top>80</top>
			<animation effect="slide" start= "0,-500" end="0,0" time="200" tween="cubic" easing="inout">WindowOpen</animation>
			<animation effect="slide" start= "0,0" end="0,-500" time="200" tween="cubic" easing="inout">WindowClose</animation>
			<include condition="system.getbool(input.enablemouse)">SubmenuMouseButton</include>
			<control type="image">
			    <top>-17</top>
				<width>100%</width>
				<height>82</height>
				<texture>home_menu.png</texture>
				<visible>String.StartsWith(Skin.String(ThemeHomeMenuBarColor),ff) | String.IsEmpty(Skin.String(ThemeHomeMenuBarColor)) | String.IsEqual(Skin.String(ThemeHomeMenuBarColor),None)</visible>
			</control>
			<!-- <include condition="Skin.HasSetting(HorizontalListNavVar) + !String.IsEqual(Skin.String(MainMenu.Layout),1)">MainMenuListFixed</include>
			<include condition="!Skin.HasSetting(HorizontalListNavVar) | String.IsEqual(Skin.String(MainMenu.Layout),1)">MainMenuListWrapped</include> -->
			<include condition="Skin.HasSetting(HorizontalListNavVar) + !String.IsEqual(Skin.String(MainMenu.Layout),1)">MainMenuListWrapped</include>
			<include condition="!Skin.HasSetting(HorizontalListNavVar) | String.IsEqual(Skin.String(MainMenu.Layout),1)">MainMenuList</include>
			<control type="group" id="9001">
				<top>80</top>
				<include condition="[String.IsEmpty(Skin.String(HorizontalRSSPosition)) | !String.IsEmpty(Skin.String(HorizontalRSSPosition)) + !Skin.HasSetting(Enable.VisibleSubmenu)] + system.getbool(lookandfeel.enablerssfeeds) | [!system.getbool(lookandfeel.enablerssfeeds) + !Skin.HasSetting(Enable.VisibleSubmenu)]">SubMenuAnimation</include>		
				<include>HorizontalSubMenu</include>
			</control>
		</control>
	</include>

<!-- ·Home menu Layouts -->
	<include name="MainMenuListContent">
		<left>20</left>
		<top>-50</top>
        <width>100%</width>
		<height>150</height>
		<scrolltime tween="sine" easing="out">200</scrolltime>
		<onleft>9000</onleft>
		<onright>9000</onright>
		<ondown condition="Control.IsVisible(9010)">9010</ondown>
		<orientation>horizontal</orientation>
		<onup condition="Window.IsVisible(Home)">9998</onup>
		<ondown condition="Control.IsVisible(9027)">9020</ondown>
		<ondown condition="Control.IsVisible(90010) + !Control.IsVisible(9027)">90010</ondown>
		<ondown condition="!Control.IsVisible(90010) + Control.IsVisible(90020) + !Control.IsVisible(9027) + !Skin.HasSetting(centermainmenu)">90020</ondown>
		<ondown condition="String.IsEqual(Container(9000).ListItem.Property(hasSubmenu),True)">9001</ondown>
		<ondown condition="!String.IsEqual(Container(9000).ListItem.Property(hasSubmenu),True) + Skin.HasSetting(centermainmenu) + Control.IsVisible(90020)">90020</ondown>
		<onback condition="Skin.HasSetting(Home.Hide) + !Player.Playing">SetFocus(64)</onback>	
		<!-- <onup condition="Control.IsVisible(9027)">9020</onup>
		<onup condition="Control.IsVisible(90010) + !Control.IsVisible(9027)">90010</onup>
		<onup condition="!Control.IsVisible(90010) + Control.IsVisible(90020) + !Control.IsVisible(9027) + !Skin.HasSetting(centermainmenu)">90020</onup>
		<ondown condition="String.IsEqual(Container(9000).ListItem.Property(hasSubmenu),True)">9001</ondown>
		<ondown condition="!String.IsEqual(Container(9000).ListItem.Property(hasSubmenu),True) + Skin.HasSetting(centermainmenu) + Control.IsVisible(90020)">90020</ondown>
		<onback condition="Skin.HasSetting(Home.Hide) + !Player.Playing">SetFocus(64)</onback> -->		
		<pagecontrol />	
		<itemlayout height="120" width="320" condition="String.IsEqual(Skin.String(MainMenu.Layout),3)">
			<control type="image">
                <top>55</top>
				<left>0</left>
				<width>48</width>
				<height>48</height>
				<align>left</align>
				<texture>$INFO[ListItem.thumb]</texture>
			</control>
			<control type="label">
                <top>35</top>
				<left>50</left>
				<align>left</align>
				<font>font_MainMenu</font>
				<textcolor>azure</textcolor>
				<shadowcolor>shadow</shadowcolor>				
				<label>$INFO[ListItem.Label]</label>
			</control>
		</itemlayout>
		<focusedlayout height="120" width="320" condition="String.IsEqual(Skin.String(MainMenu.Layout),3)">
		    <control type="image">
			    <top>35</top>
				<height>75</height>
				<aspectratio>keep</aspectratio>
				<align>center</align>
				<aligny>center</aligny>
				<texture>lists/listselect3_fo.png</texture>
			</control>
			<control type="image">
                <top>55</top>
				<left>0</left>
				<width>48</width>
				<height>48</height>
				<align>left</align>
				<texture>$INFO[ListItem.thumb]</texture>
			</control>
			<control type="label">
			    <top>35</top>
				<left>50</left>
				<align>left</align>
				<font>font_MainMenu</font>
				<textcolor>azure</textcolor>
				<label>$INFO[ListItem.Label]</label>
				<texturefocus>lists/listselect3_fo.png</texturefocus>
				<visible>!Control.HasFocus(9000)</visible>
			</control>
			<control type="label">
			    <top>35</top>
				<left>50</left>
				<align>left</align>
				<font>font_MainMenu_focus</font>	
				<textcolor>azure</textcolor>
				<label>$INFO[ListItem.Label]</label>
				<texturefocus>lists/listselect3_fo.png</texturefocus>
				<visible>Control.HasFocus(9000)</visible>
			</control>
	    </focusedlayout>
		<content>
			<include>skinshortcuts-mainmenu</include>
		</content>
	</include>

<!-- ·Submenu bottom -->
	<include name="HorizontalSubMenu">	    
		<control type="list" id="9010">
			<width>5000</width>
			<height>50</height>
			<top>-15</top>
			<left>20</left>
			<orientation>horizontal</orientation>
			<onup>9000</onup>
			<onback>9000</onback>
			<ondown condition="Control.IsVisible(90020) + Skin.HasSetting(centermainmenu)">90020</ondown>
			<ondown condition="!Control.IsVisible(90020) | !Skin.HasSetting(centermainmenu)">9000</ondown>
				<itemlayout height="70" width="235">
					<control type="group">
						<control type="label">
							<top>-10</top>
							<align>center</align>
							<aligny>center</aligny>
							<font>font_SubMenu</font>
							<textcolor>azure</textcolor>
							<focusedcolor>FF12A0C7</focusedcolor>
							<shadowcolor>shadow</shadowcolor>
							<label>$INFO[ListItem.Label]</label>
						</control>
					</control>	
				</itemlayout>
				<focusedlayout height="70" width="235">
					<control type="group">
						<visible>Control.HasFocus(9010)</visible>
						<control type="image">
							<height>50</height>
							<texture>lists/listselect2_fo.png</texture>
						</control>
						<control type="label">
							<top>-10</top>
							<align>center</align>
							<aligny>center</aligny>
							<font>font_SubMenu_focus</font>
							<textcolor>azure</textcolor>
							<shadowcolor>shadow</shadowcolor>
							<label>$INFO[ListItem.Label]</label>
						</control>
					</control>
					<control type="group">
						<visible>!Control.HasFocus(9010)</visible>
						<control type="label">
							<align>center</align>
							<aligny>center</aligny>
							<top>-10</top>
							<font>font_SubMenu</font>
							<shadowcolor>shadow</shadowcolor>						
							<label>$INFO[ListItem.Label]</label>
						</control>
					</control>
				</focusedlayout>
			
			<content>
				<include>skinshortcuts-submenu</include>
			</content>
		</control>
		<control type="button">
			<width>30</width>
			<height>30</height>
			<texturefocus flipx="true" colordiffuse="white">arrowright.png</texturefocus>
			<texturenofocus flipx="true">arrowright.png</texturenofocus>
			<visible>Container(9010).HasPrevious</visible>
			<onclick>Control.Move(9010,-1)</onclick>
		</control>
		<control type="button">
			<left>1900</left>
			<width>30</width>
			<height>30</height>
			<texturefocus colordiffuse="white">arrowright.png</texturefocus>
			<texturenofocus>arrowright.png</texturenofocus>
			<visible>Container(9010).HasNext</visible>
			<onclick>Control.Move(9010,1)</onclick>
		</control>	
	</include>
	
<!-- ·Submenu top -->
	<include name="HorizontalMenuSystemBars">
		<control type="group">
			<top>380</top>
			<left>200</left>
			<control type="group">
				<animation effect="slide" end="0,338" time="200" tween="cubic" easing="inout" condition="!Skin.HasSetting(centermainmenu)">Conditional</animation>
				<animation effect="slide" end="0,-812" time="200" tween="cubic" easing="inout" condition="![System.GetBool(lookandfeel.enablerssfeeds) + String.IsEqual(Skin.String(HorizontalRSSPosition),high)] + [System.GetBool(lookandfeel.enablerssfeeds) + !String.IsEqual(Skin.String(HorizontalRSSPosition),high) + Skin.HasSetting(SystemBarOnTop) + !Skin.HasSetting(centermainmenu)] | [!System.GetBool(lookandfeel.enablerssfeeds) + Skin.HasSetting(SystemBarOnTop) + !Skin.HasSetting(centermainmenu)]">Conditional</animation>
				<animation effect="slide" end="0,-474" time="200" tween="cubic" easing="inout" condition="![System.GetBool(lookandfeel.enablerssfeeds) + String.IsEqual(Skin.String(HorizontalRSSPosition),high)] + [System.GetBool(lookandfeel.enablerssfeeds) + !String.IsEqual(Skin.String(HorizontalRSSPosition),high) + Skin.HasSetting(SystemBarOnTop) + Skin.HasSetting(centermainmenu)] | [!System.GetBool(lookandfeel.enablerssfeeds) + Skin.HasSetting(SystemBarOnTop) + Skin.HasSetting(centermainmenu)]">Conditional</animation>
				<include condition="!Skin.HasSetting(SystemBarOnTop) | Skin.HasSetting(SystemBarOnTop) + [System.GetBool(lookandfeel.enablerssfeeds) + String.IsEqual(Skin.String(HorizontalRSSPosition),high)]">OpenClose_Zoom</include>
				<animation effect="slide" start="0,-90" end="0,0" time="200" delay="200" condition="[System.GetBool(lookandfeel.enablerssfeeds) + [String.IsEmpty(Skin.String(HorizontalRSSPosition)) | String.IsEqual(Skin.String(HorizontalRSSPosition),low)] + !String.IsEqual(Skin.String(HorizontalRSSPosition),high) + Skin.HasSetting(SystemBarOnTop)] | [!System.GetBool(lookandfeel.enablerssfeeds) + Skin.HasSetting(SystemBarOnTop)]">WindowOpen</animation>
				<animation effect="slide" end="0,-90" start="0,0" time="200" condition="[System.GetBool(lookandfeel.enablerssfeeds) + [String.IsEmpty(Skin.String(HorizontalRSSPosition)) | String.IsEqual(Skin.String(HorizontalRSSPosition),low)] + !String.IsEqual(Skin.String(HorizontalRSSPosition),high) + Skin.HasSetting(SystemBarOnTop)] | [!System.GetBool(lookandfeel.enablerssfeeds) + Skin.HasSetting(SystemBarOnTop)]">WindowClose</animation>			
				<include condition="System.HasAddon(service.library.data.provider)">PlayListStatsList</include>
				<control type="label">
				    <align>left</align>
					<top>90</top>
					<width>100%</width>
					<height>50</height>
					<label>$VAR[LibraryStatsVar]</label>
					<textoffsetx>20</textoffsetx>
					<font>font13_title</font>
					<textcolor>$VAR[ThemeHomeLabelColor]</textcolor>
					<shadowcolor>shadow</shadowcolor>
				</control>
				<control type="label" id="9026">
				    <align>right</align>
					<top>65</top>
					<right>110</right>
					<width>auto</width>
					<height>100</height>
					<label>$INFO[System.Time]</label>
					<font>font16_title</font>
					<textcolor>$VAR[ThemeLabelColor]</textcolor>
					<shadowcolor>shadow</shadowcolor>
				</control>
				<control type="grouplist" id="9020">
					<visible>!String.IsEmpty(Container(9000).ListItem.Property(InfoLine)) | !Skin.HasSetting(CenteredInfoLine)</visible>
					<right>110</right>
					<top>95</top>
					<width>800</width>
					<height>100</height>
					<align>right</align>
					<orientation>horizontal</orientation>
					<onup condition="Control.IsVisible(90010)">90010</onup>
					<onup condition="!Control.IsVisible(90010) + Control.IsVisible(90020) + !Skin.HasSetting(centermainmenu)">90020</onup>
					<onup condition="!Control.IsVisible(90010) + !Control.IsVisible(90020)">9000</onup>
					<ondown>9000</ondown>
					<control type="label" id="9025">
						<width>auto</width>
						<height>41</height>
						<label>$INFO[System.Date,[COLOR grey], | [/COLOR]]</label>
						<font>font13_title</font>
						<textcolor>$VAR[ThemeHomeLabelColor]</textcolor>
						<shadowcolor>shadow</shadowcolor>
					</control>					
					<control type="label" id="9023">
						<width>auto</width>
						<height>41</height>
						<label>$INFO[Weather.Temperature,,[COLOR grey] [/COLOR]]</label>
						<font>font13_title</font>
						<textcolor>$VAR[ThemeHomeLabelColor]</textcolor>
						<visible>Weather.IsFetched + !String.IsEmpty(Weather.Plugin)</visible>
						<shadowcolor>shadow</shadowcolor>
					</control>		
					<control type="multiimage">
					    <top>-5</top>
						<width>60</width>
						<height>50</height>
						<imagepath>$VAR[WeatherIconsPathVar]$INFO[Weather.FanartCode]$VAR[WeatherIconsExtVar]</imagepath>
						<aspectratio>keep</aspectratio>
						<timeperimage>70</timeperimage>
						<fadetime>1</fadetime>
						<randomize>false</randomize>
						<visible>Weather.IsFetched + !String.IsEmpty(Weather.Plugin)</visible>
					</control>			
					<include condition="System.HasAddon(script.globalsearch) + !Skin.HasSetting(Disable.SearchButton)">HomeSearchButton</include>
				</control>
			</control>
		</control>
	</include>
	
<!-- ·Vertical -->
	<include name="VerticalMenu">
		<control type="group">
			<animation effect="slide" end="-480,0" time="240">WindowClose</animation>
			<animation effect="slide" start="-480,0" end="0,0" delay="300" time="240" condition="!Window.Previous(startup)">WindowOpen</animation>
			<animation effect="slide" start="-480,0" end="0,0" delay="800" time="480" condition="Window.Previous(startup)">WindowOpen</animation>
			<animation effect="slide" end="-410,0" time="320" tween="cubic" easing="inout" condition="$EXP[HasVerticalMenuWithExtended]">Conditional</animation>
			<control type="group">
				<width>455</width>
				<height>1080</height>
				<control type="image">
					<texture border="40">mediamenu_back.png</texture>
					<animation effect="fade" start="100" end="80" condition="true">Conditional</animation>
					<visible>[String.IsEmpty(Skin.String(ThemeHomeMenuBarColor)) | String.IsEqual(Skin.String(ThemeHomeMenuBarColor),None)]</visible>
				</control>
				<control type="image">
					<texture colordiffuse="$VAR[ThemeHomeMenuBarColor]" border="40">mediamenu_back_white.png</texture>
					<animation effect="fade" start="100" end="80" condition="true">Conditional</animation>
					<visible>!String.IsEmpty(Skin.String(ThemeHomeMenuBarColor)) + !String.IsEqual(Skin.String(ThemeHomeMenuBarColor),None)</visible>
				</control>
			</control>
			<control type="button">
				<top>528</top>
				<width>28</width>
				<height>28</height>
				<texturefocus flipx="true" colordiffuse="white">arrowright2.png</texturefocus>
				<texturenofocus flipx="true" colordiffuse="white">arrowright2.png</texturenofocus>
				<onclick>90001</onclick>
				<visible>!Skin.HasSetting(HorizontalListNavVar) + String.IsEqual(Container(9000).ListItem.Property(hasSubmenu),True) + Integer.IsGreater(Container(9010).NumItems,0)</visible>
				<animation effect="fade" time="250">Visible</animation>
				<animation effect="fade" time="250">Hidden</animation>
			</control>
			<include condition="Skin.HasSetting(HorizontalListNavVar)">MainMenuListFixed</include>
			<include condition="!Skin.HasSetting(HorizontalListNavVar)">MainMenuListWrapped</include>
		</control>
	</include>
	<include name="VerticalSubMenu">
		<control type="group" id="90001">
			<animation effect="slide" end="-500,0" time="240">WindowClose</animation>
			<animation effect="slide" end="380,0" time="300" tween="quadratic" easing="out" condition="Control.HasFocus(9010)">Conditional</animation>
			<left>-380</left>
			<control type="image">
				<width>350</width>
				<height>1080</height>
				<texture>dialogs/dialog_vertical_submenu.png</texture>
			</control>
			<control type="list" id="9010">
				<animation effect="slide" end="0,300" condition="Integer.IsLessOrEqual(Container(9010).NumItems,7)">Conditional</animation>
				<animation effect="slide" end="0,200" condition="Integer.IsGreaterOrEqual(Container(9010).NumItems,8) + Integer.IsLess(Container(9010).NumItems,10)">Conditional</animation>
				<top>210</top>
				<width>380</width>
				<height>840</height>
				<onup>9010</onup>
				<ondown>9010</ondown>
				<onright>9000</onright>
				<onback>9000</onback>
				<pagecontrol />
				<scrolltime tween="quadratic" easing="out">300</scrolltime>
				<itemlayout height="60" width="375">
					<control type="label">
						<left>15</left>
						<width>308</width>
						<height>60</height>
						<font>font14_title</font>
						<textcolor>$VAR[UnfocusedSubMenuColor]</textcolor>
						<label>$INFO[ListItem.Label]</label>
					</control>
				</itemlayout>
				<focusedlayout height="60" width="375">
					<control type="image">
						<width>338</width>
						<height>60</height>
						<texture>lists/listselect_fo.png</texture>
					</control>
					<control type="label">
						<left>15</left>
						<width>308</width>
						<height>60</height>
						<font>font14_title</font>
						<textcolor>$VAR[FocusedSubMenuColor]</textcolor>
						<label>$INFO[ListItem.Label]</label>
					</control>
				</focusedlayout>
				<content>
					<include>skinshortcuts-submenu</include>
				</content>
			</control>
		</control>
	</include>
	<include name="VerticalMenuSystemBars">
		<control type="group">
			<animation effect="slide" end="1870,0" time="240">WindowClose</animation>
			<animation effect="slide" start="1400,0" end="0,0" delay="300" time="240" condition="!Window.Previous(startup)">WindowOpen</animation>
			<animation effect="slide" start="1400,0" end="0,0" delay="800" time="480" condition="Window.Previous(startup)">WindowOpen</animation>
			<animation effect="slide" end="0,993" time="320" tween="cubic" easing="inout" condition="system.getbool(lookandfeel.enablerssfeeds) + String.IsEqual(Skin.String(VerticalMenuRSS.Position),$LOCALIZE[419]) | [!system.getbool(lookandfeel.enablerssfeeds) + String.IsEqual(Skin.String(VerticalMenuSystemBar.Position),$LOCALIZE[418])]">Conditional</animation>
			<control type="group">
				<animation effect="slide" end="-410,0" time="320" tween="cubic" easing="inout" condition="$EXP[HasVerticalMenuWithExtended]">Conditional</animation>
				<control type="group">
					<visible>[String.IsEmpty(Skin.String(ThemeHomeMenuBarColor)) | String.IsEqual(Skin.String(ThemeHomeMenuBarColor),None)] + [String.IsEmpty(Skin.String(ThemeHomeSystemBarsColor)) | String.IsEqual(Skin.String(ThemeHomeSystemBarsColor),None)]</visible>
					<height>87</height>
					<control type="group">
						<visible>system.getbool(lookandfeel.enablerssfeeds) + !String.IsEqual(Skin.String(VerticalMenuRSS.Position),$LOCALIZE[419]) | [!system.getbool(lookandfeel.enablerssfeeds) + String.IsEmpty(Skin.String(VerticalMenuSystemBar.Position))]</visible>
						<control type="image">
							<left>510</left>
							<width>1820</width>
							<texture colordiffuse="$VAR[ThemeHomeSystemBarsColor]">submenu_bar.png</texture>
						</control>
						<control type="image">
							<left>420</left>
							<width>90</width>
							<texture colordiffuse="$VAR[ThemeHomeSystemBarsColor]">submenu_end.png</texture>
						</control>
					</control>
					<control type="group">
						<visible>system.getbool(lookandfeel.enablerssfeeds) + String.IsEqual(Skin.String(VerticalMenuRSS.Position),$LOCALIZE[419]) | [!system.getbool(lookandfeel.enablerssfeeds) + String.IsEqual(Skin.String(VerticalMenuSystemBar.Position),$LOCALIZE[418])]</visible>
						<control type="image">
							<left>510</left>
							<width>1820</width>
							<texture colordiffuse="$VAR[ThemeHomeSystemBarsColor]" flipy="true">submenu_bar.png</texture>
						</control>
						<control type="image">
							<left>420</left>
							<width>90</width>
							<texture colordiffuse="$VAR[ThemeHomeSystemBarsColor]" flipy="true">submenu_end.png</texture>
						</control>
					</control>
				</control>
				<control type="group">
					<visible>[!String.IsEmpty(Skin.String(ThemeHomeMenuBarColor)) + !String.IsEqual(Skin.String(ThemeHomeMenuBarColor),None)] | [!String.IsEmpty(Skin.String(ThemeHomeSystemBarsColor)) + !String.IsEqual(Skin.String(ThemeHomeSystemBarsColor),None)]</visible>
					<height>87</height>
					<control type="group">
						<visible>system.getbool(lookandfeel.enablerssfeeds) + !String.IsEqual(Skin.String(VerticalMenuRSS.Position),$LOCALIZE[419]) | [!system.getbool(lookandfeel.enablerssfeeds) + String.IsEmpty(Skin.String(VerticalMenuSystemBar.Position))]</visible>
						<control type="image">
							<left>510</left>
							<width>1820</width>
							<texture colordiffuse="$VAR[ThemeHomeSystemBarsColor]">submenu_bar_white.png</texture>
						</control>
						<control type="image">
							<left>422</left>
							<width>90</width>
							<texture colordiffuse="$VAR[ThemeHomeSystemBarsColor]">submenu_end_white.png</texture>
						</control>
					</control>
					<control type="group">
						<visible>[system.getbool(lookandfeel.enablerssfeeds) + String.IsEqual(Skin.String(VerticalMenuRSS.Position),$LOCALIZE[419])] | [!system.getbool(lookandfeel.enablerssfeeds) + !String.IsEmpty(Skin.String(VerticalMenuSystemBar.Position))]</visible>
						<control type="image">
							<left>510</left>
							<width>1820</width>
							<texture colordiffuse="$VAR[ThemeHomeSystemBarsColor]" flipy="true">submenu_bar_white.png</texture>
						</control>
						<control type="image">
							<left>422</left>
							<width>90</width>
							<texture colordiffuse="$VAR[ThemeHomeSystemBarsColor]" flipy="true">submenu_end_white.png</texture>
						</control>
					</control>
				</control>
			</control>
			<control type="group">
				<animation effect="slide" end="0,45" time="320" tween="cubic" easing="inout" condition="system.getbool(lookandfeel.enablerssfeeds) + String.IsEqual(Skin.String(VerticalMenuRSS.Position),$LOCALIZE[419]) | [!system.getbool(lookandfeel.enablerssfeeds) + String.IsEqual(Skin.String(VerticalMenuSystemBar.Position),$LOCALIZE[418])]">Conditional</animation>
				<control type="group">
					<animation effect="slide" end="-410,0" time="320" tween="cubic" easing="inout" condition="$EXP[HasVerticalMenuWithExtended]">Conditional</animation>
					<include condition="System.HasAddon(service.library.data.provider)">PlayListStatsList</include>
					<control type="label">
						<left>485</left>
						<width>740</width>
						<height>40</height>
						<label>$VAR[LibraryStatsVar]</label>
						<scroll>true</scroll>
						<textoffsetx>15</textoffsetx>
						<font>font13_title</font>
						<textcolor>$VAR[ThemeHomeLabelColor]</textcolor>
						<shadowcolor>shadow</shadowcolor>
					</control>
				</control>
				<control type="grouplist" id="9020">
					<left>1110</left>
					<width>800</width>
					<height>41</height>
					<align>right</align>
					<orientation>horizontal</orientation>
					<control type="multiimage">
						<width>65</width>
						<height>40</height>
						<imagepath>$VAR[WeatherIconsPathVar]$INFO[Weather.FanartCode]$VAR[WeatherIconsExtVar]</imagepath>
						<aspectratio>keep</aspectratio>
						<timeperimage>70</timeperimage>
						<fadetime>1</fadetime>
						<randomize>false</randomize>
						<visible>Weather.IsFetched + !String.IsEmpty(Weather.Plugin)</visible>
					</control>
					<control type="label" id="9023">
						<width>auto</width>
						<height>41</height>
						<label>$INFO[Weather.Temperature,,[COLOR grey] | [/COLOR]]</label>
						<font>font13_title</font>
						<textcolor>$VAR[ThemeHomeLabelColor]</textcolor>
						<visible>Weather.IsFetched + !String.IsEmpty(Weather.Plugin)</visible>
						<shadowcolor>shadow</shadowcolor>
					</control>
					<control type="label" id="9025">
						<width>auto</width>
						<height>41</height>
						<label>$INFO[System.Date,[COLOR grey], | [/COLOR]]$INFO[System.Time]</label>
						<font>font13_title</font>
						<textcolor>$VAR[ThemeHomeLabelColor]</textcolor>
						<shadowcolor>shadow</shadowcolor>
					</control>
				</control>
			</control>
		</control>
	</include>
	<include name="OneMainMenuItemListContent">
		<top>62</top>
		<width>1920</width>
		<height>100</height>
		<onleft>9000</onleft>
		<onright>9000</onright>
		<onup condition="Control.IsVisible(9027)">9020</onup>
		<onup condition="Control.IsVisible(90010) + !Control.IsVisible(9027)">90010</onup>
		<onup condition="!Control.IsVisible(90010) + Control.IsVisible(90020) + !Control.IsVisible(9027) + !Skin.HasSetting(centermainmenu)">90020</onup>
		<ondown condition="String.IsEqual(Container(9000).ListItem.Property(hasSubmenu),True)">9001</ondown>
		<ondown condition="!String.IsEqual(Container(9000).ListItem.Property(hasSubmenu),True) + Skin.HasSetting(centermainmenu) + Control.IsVisible(90020)">90020</ondown>
		<onback condition="Skin.HasSetting(Home.Hide) + !Player.Playing">SetFocus(64)</onback>
		<pagecontrol />
		<scrolltime tween="quadratic" easing="out">400</scrolltime>
		<orientation>horizontal</orientation>
		<itemlayout height="100" width="1920">
			<control type="label">
				<width>100%</width>
				<height>90</height>
				<font>font_MainMenu</font>
				<textcolor>$VAR[UnfocusedMainMenuColor]</textcolor>
				<align>center</align>
				<label>$INFO[ListItem.Label]</label>
			</control>
		</itemlayout>
		<focusedlayout height="100" width="1920">
			<control type="label">
				<width>100%</width>
				<height>90</height>
				<font>font_MainMenu</font>
				<textcolor>$VAR[UnfocusedMainMenuColor]</textcolor>
				<align>center</align>
				<label>$INFO[ListItem.Label]</label>
			</control>
			<control type="label">
				<width>100%</width>
				<height>90</height>
				<font>font_MainMenu</font>
				<textcolor>$VAR[FocusedMainMenuColor]</textcolor>
				<align>center</align>
				<label>$INFO[ListItem.Label]</label>
				<visible>Control.HasFocus(9000)</visible>
				<include>VisibleFadeAnimation</include>
			</control>
		</focusedlayout>
		<content>
			<include>skinshortcuts-mainmenu</include>
		</content>
	</include>
	<include name="VerticalMainMenuListContent">
		<left>0</left>
		<top>48</top>
		<width>420</width>
		<height>980</height>
		<onup>9000</onup>
		<ondown>9000</ondown>
		<onleft>90001</onleft>
		<onright condition="Control.IsVisible(90010)">90010</onright>
		<onright condition="!Control.IsVisible(90010) + Control.IsVisible(90020)">90020</onright>
		<onright condition="!Control.IsVisible(90010) + !Control.IsVisible(90020) + Control.IsVisible(9027)">9020</onright>
		<onback condition="Skin.HasSetting(Home.Hide) + !Player.Playing">SetFocus(64)</onback>
		<pagecontrol />
		<focusposition>3</focusposition>
		<movement>3</movement>
		<scrolltime tween="quadratic" easing="out">200</scrolltime>
		<animation effect="fade" time="200" start="100" end="50" reversible="true" condition="Control.HasFocus(9010)">Conditional</animation>
		<itemlayout height="140" width="420">
			<control type="label">
				<left>30</left>
				<width>390</width>
				<height>140</height>
				<font>font_VerticalMainMenu</font>
				<textcolor>$VAR[UnfocusedMainMenuColor]</textcolor>
				<align>right</align>
				<label>$INFO[ListItem.Label]</label>
			</control>
		</itemlayout>
		<focusedlayout height="140" width="420">
			<control type="group">
				<visible>Skin.HasSetting(HorizontalListNavVar) + Control.HasFocus(9000) + ![Container(9000).OnNext | Container(9000).OnPrevious]</visible>
				<control type="button">
					<top>58</top>
					<width>28</width>
					<height>28</height>
					<texturefocus flipx="true" colordiffuse="white">arrowright2.png</texturefocus>
					<texturenofocus flipx="true" colordiffuse="white">arrowright2.png</texturenofocus>
					<onclick>90001</onclick>
					<visible>Integer.IsGreater(Container(9010).NumItems,0)</visible>
					<animation effect="fade" time="250">Visible</animation>
				</control>
			</control>
			<control type="label">
				<left>30</left>
				<width>390</width>
				<height>140</height>
				<font>font_VerticalMainMenu</font>
				<textcolor>$VAR[UnfocusedMainMenuColor]</textcolor>
				<align>right</align>
				<label>$INFO[ListItem.Label]</label>
			</control>
			<control type="label">
				<left>30</left>
				<width>390</width>
				<height>140</height>
				<font>font_VerticalMainMenu</font>
				<textcolor>$VAR[FocusedMainMenuColor]</textcolor>
				<align>right</align>
				<label>$INFO[ListItem.Label]</label>
				<visible>Control.HasFocus(9000)</visible>
				<include>VisibleFadeAnimation</include>
			</control>
		</focusedlayout>
		<content>
			<include>skinshortcuts-mainmenu</include>
		</content>
	</include>
	
<!-- Fixed/Wrap -->
	<!-- <include name="MainMenuListFixed">
		<control type="fixedlist" id="9000">
			<include condition="!String.IsEqual(Skin.String(MainMenu.Layout),vertical)">MainMenuListContent</include>
			<include condition="String.IsEqual(Skin.String(MainMenu.Layout),vertical)">VerticalMainMenuListContent</include>
		</control>
	</include> -->
	<!-- <include name="MainMenuListWrapped">
		<control type="wraplist" id="9000">
			<include condition="!String.IsEqual(Skin.String(MainMenu.Layout),vertical) + !String.IsEqual(Skin.String(MainMenu.Layout),1)">MainMenuListContent</include>
			<include condition="String.IsEqual(Skin.String(MainMenu.Layout),1)">OneMainMenuItemListContent</include>
			<include condition="String.IsEqual(Skin.String(MainMenu.Layout),vertical)">VerticalMainMenuListContent</include>
		</control>
	</include> -->
	<include name="MainMenuListWrapped">
		<control type="wraplist" id="9000">
			<include condition="!String.IsEqual(Skin.String(MainMenu.Layout),vertical)">MainMenuListContent</include>
			<include condition="String.IsEqual(Skin.String(MainMenu.Layout),vertical)">VerticalMainMenuListContent</include>
		</control>
	</include>
	<include name="MainMenuList">
		<control type="list" id="9000">
			<include condition="!String.IsEqual(Skin.String(MainMenu.Layout),vertical) + !String.IsEqual(Skin.String(MainMenu.Layout),1)">MainMenuListContent</include>
			<include condition="String.IsEqual(Skin.String(MainMenu.Layout),1)">OneMainMenuItemListContent</include>
			<include condition="String.IsEqual(Skin.String(MainMenu.Layout),vertical)">VerticalMainMenuListContent</include>
		</control>
	</include>
	
	<!-- Focus -->
	<include name="FocusPosition4">
		<focusposition>4</focusposition>
	</include>
	<include name="FocusPosition2">
		<focusposition>2</focusposition>
	</include>
	<include name="PlayListStatsList">
		<control type="list" id="43260">
			<visible>String.IsEqual(Container(9000).ListItem.Property(InfoLine),$LOCALIZE[31097]) | String.IsEqual(Container(9000).ListItem.Property(InfoLine),$LOCALIZE[31098]) | String.IsEqual(Container(9000).ListItem.Property(InfoLine),$LOCALIZE[31099])</visible>
			<visible>!ControlGroup(9004).HasFocus()</visible>
			<width>1</width>
			<height>1</height>
			<focusedlayout />
			<itemlayout />
			<content>$VAR[PlaylistStatsContentVar]</content>
		</control>
	</include>
	<include name="HomeSearchButton">
		<control type="button" id="9027">
			<label></label>
			<textoffsetx>0</textoffsetx>
			<width>50</width>
			<height>41</height>
			<align>center</align>
			<font>IconTiny</font>
			<textcolor>grey</textcolor>
			<shadowcolor>shadow</shadowcolor>
			<onclick>SetProperty(CustomSelectSearch,True,Home)</onclick>
			<onclick>ActivateWindow(1129)</onclick>
			<animation type="Visible">
				<effect type="fade" start="0" end="100" tween="sine" easing="inout" time="300" />
				<effect type="zoom" start="50" end="100" center="auto" tween="sine" easing="inout" time="300" />
			</animation>
			<animation type="Hidden">
				<effect type="fade" start="100" end="0" tween="sine" easing="inout" time="300" />
				<effect type="zoom" start="100" end="50" center="auto" tween="sine" easing="inout" time="300" />
			</animation>
		</control>
	</include>
	<include name="SubmenuMouseButton">
		<control type="button" id="99100">
			<top>145</top>
			<height>87</height>
			<width>100%</width>
			<texturefocus />
			<texturenofocus />
			<label />
			<font />
		</control>
	</include>
	<!-- SiLVO Now Playing Widgets -->
	<include name="NowPlayingVideoWidget">
		<!-- Video Info -->
		<control type="group">
		<top>150</top>
			<visible>Player.HasVideo + !Window.IsActive(script-globalsearch.xml)</visible>
			<include>VisibleFadeAnimation</include>
			<animation effect="slide" tween="cubic" time="720" start="0,1080" end="0,0" condition="Skin.HasSetting(centermainmenu) + !String.IsEqual(Skin.String(MainMenu.Layout),vertical)">WindowOpen</animation>
			<animation effect="slide" tween="cubic" time="720" end="0,1080" start="0,0" condition="Skin.HasSetting(centermainmenu) + !String.IsEqual(Skin.String(MainMenu.Layout),vertical)">WindowClose</animation>
			<animation effect="slide" tween="cubic" time="720" start="0,-1080" end="0,0" condition="!Skin.HasSetting(centermainmenu) | String.IsEqual(Skin.String(MainMenu.Layout),vertical)">WindowOpen</animation>
			<animation effect="slide" tween="cubic" time="720" end="0,-1080" start="0,0" condition="!Skin.HasSetting(centermainmenu) | String.IsEqual(Skin.String(MainMenu.Layout),vertical)">WindowClose</animation>
			<animation effect="slide" end="0,610" time="320" tween="cubic" easing="inout" condition="Skin.HasSetting(centermainmenu) + !String.IsEqual(Skin.String(MainMenu.Layout),vertical)">Conditional</animation>
			<animation effect="slide" end="425,-30" time="320" tween="cubic" easing="inout" condition="String.IsEqual(Skin.String(MainMenu.Layout),vertical)">Conditional</animation>
			<animation effect="slide" end="-410,0" time="320" tween="cubic" easing="inout" condition="String.IsEqual(Skin.String(MainMenu.Layout),vertical) + String.Contains(Container(9000).ListItem.Property(widgetStyle),Extended) + ControlGroup(90010).HasFocus">Conditional</animation>
			<animation effect="slide" end="-410,0" time="320" tween="cubic" easing="inout" condition="String.IsEqual(Skin.String(MainMenu.Layout),vertical) + String.Contains(Container(9000).ListItem.Property(widgetStyle.2),Extended) + ControlGroup(90020).HasFocus">Conditional</animation>
			<animation effect="fade" start="100" end="0" condition="[!String.IsEqual(Skin.String(MainMenu.Layout),vertical) + ControlGroup(90020).HasFocus] | [!String.IsEqual(Skin.String(MainMenu.Layout),vertical) + ControlGroup(90010).HasFocus + !String.IsEqual(Container(9000).ListItem.Property(widgetStyle),List) + [!String.IsEmpty(Container(9000).ListItem.Property(widgetPanelInfo))]]">Conditional</animation>
			<control type="image">
				<width>1920</width>
				<height>600</height>
				<texture>gradient_floor.png</texture>
				<visible>Skin.HasSetting(centermainmenu) + !String.IsEqual(Skin.String(MainMenu.Layout),vertical)</visible>
			</control>
			<control type="image">
				<width>1920</width>
				<height>600</height>
				<texture flipy="true">gradient_floor.png</texture>
				<visible>!Skin.HasSetting(centermainmenu) | String.IsEqual(Skin.String(MainMenu.Layout),vertical)</visible>
			</control>
			<control type="group">
				<left>40</left>
				<top>82</top>
				<visible>VideoPlayer.Content(movies) | VideoPlayer.Content(episodes)</visible>
				<control type="image">
					<top>-20</top>
					<left>-20</left>
					<width>240</width>
					<height>340</height>
					<texture fallback="DefaultVideoCover.png">$VAR[HomeNowPlayingThumbVar]</texture>
					<bordertexture border="20">thumbs/thumb_shadow.png</bordertexture>
					<bordersize>20</bordersize>
				</control>
				<control type="grouplist">
					<left>240</left>
					<height>300</height>
					<itemgap>10</itemgap>
					<align>center</align>
					<control type="label">
						<width>940</width>
						<height>40</height>
						<font>font48</font>
						<textcolor>white2</textcolor>
						<shadowcolor>black</shadowcolor>
						<label>$INFO[Player.Title]</label>
					</control>
					<control type="label">
						<width>940</width>
						<height>40</height>
						<font>font15_title</font>
						<textcolor>$VAR[ThemeHomeLabelColor]</textcolor>
						<shadowcolor>black</shadowcolor>
						<label>$INFO[VideoPlayer.TvShowTitle]</label>
						<visible>VideoPlayer.Content(episodes)</visible>
					</control>
					<control type="label">
						<width>940</width>
						<height>40</height>
						<font>font15</font>
						<textcolor>white2</textcolor>
						<shadowcolor>black</shadowcolor>
						<label>$INFO[VideoPlayer.Season,$LOCALIZE[20373] ,], $INFO[VideoPlayer.Episode,$LOCALIZE[20452] , , ]</label>
						<visible>VideoPlayer.Content(episodes)</visible>
					</control>
					<control type="label">
						<width>940</width>
						<height>40</height>
						<font>font15</font>
						<textcolor>white2</textcolor>
						<shadowcolor>black</shadowcolor>
						<label>$INFO[VideoPlayer.Premiered]</label>
						<visible>VideoPlayer.Content(episodes)</visible>
					</control>
					<control type="label">
						<width>940</width>
						<height>40</height>
						<font>font15_title</font>
						<textcolor>$VAR[ThemeHomeLabelColor]</textcolor>
						<shadowcolor>black</shadowcolor>
						<label>$INFO[VideoPlayer.Tagline]</label>
						<visible>VideoPlayer.Content(movies) + !String.IsEmpty(VideoPlayer.Tagline)</visible>
					</control>
					<control type="label">
						<width>940</width>
						<height>40</height>
						<font>font15</font>
						<textcolor>white2</textcolor>
						<shadowcolor>black</shadowcolor>
						<label>$INFO[VideoPlayer.Year]$INFO[VideoPlayer.Genre, | ]</label>
						<visible>VideoPlayer.Content(movies)</visible>
					</control>
					<control type="label">
						<width>940</width>
						<height>40</height>
						<font>font15</font>
						<textcolor>white2</textcolor>
						<shadowcolor>black</shadowcolor>
						<label>$INFO[VideoPlayer.Studio]</label>
						<visible>VideoPlayer.Content(movies)</visible>
					</control>
					<control type="label">
						<height>50</height>
						<width>940</width>
						<label>[COLOR white2]$INFO[Player.Time][/COLOR]$INFO[Player.Duration, / [COLOR=white2],[/COLOR]]</label>
						<font>font48</font>
						<textcolor>$VAR[ThemeHomeLabelColor]</textcolor>
						<shadowcolor>black</shadowcolor>
					</control>
				</control>
			</control>
			<control type="group">
				<left>40</left>
				<top>82</top>
				<visible>[VideoPlayer.Content(musicvideos) | VideoPlayer.Content(livetv) | Player.IsInternetStream] + ![VideoPlayer.Content(episodes) | VideoPlayer.Content(movies)]</visible>
				<control type="image">
					<top>-20</top>
					<left>-20</left>
					<width>340</width>
					<height>340</height>
					<texture colordiffuse="11FFFFFF">dialogs/dialog_window.png</texture>
					<bordertexture border="20">thumbs/thumb_shadow.png</bordertexture>
					<bordersize>20</bordersize>
					<visible>![VideoPlayer.Content(livetv) | Player.IsInternetStream]</visible>
				</control>
				<control type="image">
					<width>300</width>
					<height>300</height>
					<aspectratio>keep</aspectratio>
					<texture fallback="DefaultVideoCover.png">$VAR[HomeNowPlayingThumbVar]</texture>
				</control>
				<control type="group">
					<left>340</left>
					<!-- PVR/Live TV -->
					<control type="grouplist">
						<height>300</height>
						<itemgap>10</itemgap>
						<align>center</align>
						<visible>VideoPlayer.Content(livetv)</visible>
						<control type="label">
							<width>840</width>
							<height>40</height>
							<font>font48</font>
							<textcolor>white2</textcolor>
							<shadowcolor>black</shadowcolor>
							<label>$INFO[VideoPlayer.ChannelName]</label>
						</control>
						<control type="grouplist">
							<width>840</width>
							<height>50</height>
							<itemgap>10</itemgap>
							<orientation>horizontal</orientation>
							<control type="image">
								<width>40</width>
								<height>40</height>
								<texture>new_pvr/icons/PVR-IsRecording.png</texture>
								<animation effect="fade" start="100" end="40" time="2000" pulse="true" condition="true">Conditional</animation>
								<visible>String.IsEqual(VideoPlayer.ChannelName,PVR.NowRecordingChannel)</visible>
							</control>
							<control type="label">
								<width>auto</width>
								<height>50</height>
								<font>font48</font>
								<textcolor>$VAR[ThemeHomeLabelColor]</textcolor>
								<shadowcolor>black</shadowcolor>
								<label>$INFO[Player.Title]</label>
							</control>
						</control>
						<control type="label">
							<width>auto</width>
							<height>40</height>
							<font>font15</font>
							<textcolor>white2</textcolor>
							<shadowcolor>black</shadowcolor>
							<label>$VAR[PlayerEpisodeCountVar,, - ]$INFO[VideoPlayer.EpisodeName]</label>
						</control>
						<control type="label">
							<width>940</width>
							<height>40</height>
							<font>font15</font>
							<textcolor>white2</textcolor>
							<shadowcolor>black</shadowcolor>
							<label>$INFO[VideoPlayer.Genre]</label>
							<visible>!String.IsEmpty(VideoPlayer.Genre)</visible>
						</control>
						<control type="label">
							<height>50</height>
							<width>940</width>
							<label>[COLOR white2]$INFO[PVR.EpgEventElapsedTime][/COLOR]$INFO[PVR.EpgEventDuration, / [COLOR=white2],[/COLOR]]</label>
							<font>font48</font>
							<textcolor>$VAR[ThemeHomeLabelColor]</textcolor>
							<shadowcolor>black</shadowcolor>
						</control>
					</control>
					<control type="grouplist">
						<height>300</height>
						<itemgap>10</itemgap>
						<align>center</align>
						<visible>!VideoPlayer.Content(livetv)</visible>
						<control type="label">
							<width>840</width>
							<height>40</height>
							<font>font48</font>
							<textcolor>$VAR[ThemeHomeLabelColor]</textcolor>
							<shadowcolor>black</shadowcolor>
							<label>$INFO[Player.Title]</label>
						</control>
						<control type="label">
							<width>840</width>
							<height>40</height>
							<font>font15_title</font>
							<textcolor>$VAR[ThemeHomeLabelColor]</textcolor>
							<shadowcolor>black</shadowcolor>
							<label>$INFO[VideoPlayer.Artist]</label>
							<visible>!String.IsEmpty(VideoPlayer.Artist) + !String.IsEqual(VideoPlayer.Studio,VideoPlayer.Artist)</visible>
						</control>
						<control type="label">
							<width>840</width>
							<height>40</height>
							<font>font15</font>
							<textcolor>white2</textcolor>
							<shadowcolor>black</shadowcolor>
							<label>$INFO[VideoPlayer.Premiered]$INFO[VideoPlayer.Genre, | ]</label>
							<visible>!String.IsEmpty(VideoPlayer.Premiered)</visible>
						</control>
						<control type="label">
							<width>840</width>
							<height>40</height>
							<font>font15</font>
							<textcolor>white2</textcolor>
							<shadowcolor>black</shadowcolor>
							<label>$INFO[VideoPlayer.Studio]</label>
							<visible>!String.IsEmpty(VideoPlayer.Studio)</visible>
						</control>
						<control type="label">
							<height>50</height>
							<width>940</width>
							<font>font48</font>
							<shadowcolor>black</shadowcolor>
							<textcolor>$VAR[ThemeHomeLabelColor]</textcolor>
							<label>[COLOR white2]$INFO[Player.Time][/COLOR]$INFO[Player.Duration, / [COLOR=white2],[/COLOR]]</label>
						</control>
					</control>
				</control>
			</control>
		</control>
	</include>
	<include name="NowPlayingMusicWidget">
		<!-- Music Info -->
		<control type="group">
			<visible>!Window.Next(musicplaylist) + !Window.Next(visualisation)</visible>
			<control type="group">
				<visible>Player.HasAudio + !Window.IsActive(script-globalsearch.xml)</visible>
				<include>VisibleFadeAnimation</include>
				<animation effect="slide" tween="cubic" time="720" start="0,1080" end="0,0" condition="Skin.HasSetting(centermainmenu) + !String.IsEqual(Skin.String(MainMenu.Layout),vertical)">WindowOpen</animation>
				<animation effect="slide" tween="cubic" time="720" end="0,1080" start="0,0" condition="Skin.HasSetting(centermainmenu) + !String.IsEqual(Skin.String(MainMenu.Layout),vertical)">WindowClose</animation>
				<animation effect="slide" tween="cubic" time="720" start="0,-1080" end="0,0" condition="!Skin.HasSetting(centermainmenu) | String.IsEqual(Skin.String(MainMenu.Layout),vertical)">WindowOpen</animation>
				<animation effect="slide" tween="cubic" time="720" end="0,-1080" start="0,0" condition="!Skin.HasSetting(centermainmenu) | String.IsEqual(Skin.String(MainMenu.Layout),vertical)">WindowClose</animation>
				<animation effect="slide" end="0,615" time="320" tween="cubic" easing="inout" condition="Skin.HasSetting(centermainmenu) + !String.IsEqual(Skin.String(MainMenu.Layout),vertical)">Conditional</animation>
				<animation effect="slide" end="425,-30" time="320" tween="cubic" easing="inout" condition="String.IsEqual(Skin.String(MainMenu.Layout),vertical)">Conditional</animation>
				<animation effect="slide" end="-410,0" time="320" tween="cubic" easing="inout" condition="String.IsEqual(Skin.String(MainMenu.Layout),vertical) + String.Contains(Container(9000).ListItem.Property(widgetStyle),Extended) + ControlGroup(90010).HasFocus">Conditional</animation>
				<animation effect="slide" end="-410,0" time="320" tween="cubic" easing="inout" condition="String.IsEqual(Skin.String(MainMenu.Layout),vertical) + String.Contains(Container(9000).ListItem.Property(widgetStyle.2),Extended) + ControlGroup(90020).HasFocus">Conditional</animation>
				<animation effect="fade" start="100" end="0" condition="[!String.IsEqual(Skin.String(MainMenu.Layout),vertical) + ControlGroup(90020).HasFocus] | [!String.IsEqual(Skin.String(MainMenu.Layout),vertical) + ControlGroup(90010).HasFocus + !String.IsEqual(Container(9000).ListItem.Property(widgetStyle),List) + [!String.IsEmpty(Container(9000).ListItem.Property(widgetPanelInfo))]]">Conditional</animation>
				<control type="image">
					<width>1920</width>
					<height>600</height>
					<texture>gradient_floor.png</texture>
					<visible>Skin.HasSetting(centermainmenu) + !String.IsEqual(Skin.String(MainMenu.Layout),vertical)</visible>
				</control>
				<control type="image">
					<width>1920</width>
					<height>600</height>
					<texture flipy="true">gradient_floor.png</texture>
					<visible>!Skin.HasSetting(centermainmenu) | String.IsEqual(Skin.String(MainMenu.Layout),vertical)</visible>
				</control>
				<control type="group">
					<left>40</left>
					<top>82</top>
					<visible>!Player.IsInternetStream + !VideoPlayer.Content(livetv)</visible>
					<control type="image">
						<left>90</left>
						<top>-30</top>
						<width>360</width>
						<height>360</height>
						<aligny>top</aligny>
						<aspectratio align="left">keep</aspectratio>
						<fadetime>300</fadetime>
						<animation effect="rotate" end="-360" center="auto" time="8333" loop="true" reversible="false" condition="!Player.Paused">Conditional</animation>
						<texture background="true" diffuse="thumbs/boxes/cdart_mask.png">$VAR[PlayerArtworkDiscVar]</texture>
						<bordersize>30</bordersize>
					</control>
					<control type="image">
						<left>-28</left>
						<top>-28</top>
						<width>356</width>
						<height>356</height>
						<aspectratio align="center">scale</aspectratio>
						<texture diffuse="thumbs/boxes/cdcover_mask2.png" fallback="DefaultAlbumCover.png">$INFO[Player.Art(thumb)]</texture>
						<bordertexture border="28">thumbs/boxes/cd_shadow2.png</bordertexture>
						<bordersize>28</bordersize>
					</control>
					<control type="grouplist">
						<left>430</left>
						<height>300</height>
						<itemgap>10</itemgap>
						<align>center</align>
						<control type="label">
							<width>750</width>
							<height>40</height>
							<font>font48</font>
							<textcolor>white2</textcolor>
							<shadowcolor>black</shadowcolor>
							<label>$INFO[MusicPlayer.TrackNumber,,. ]$INFO[Player.Title]</label>
						</control>
						<control type="label">
							<width>750</width>
							<height>40</height>
							<font>font15_title</font>
							<textcolor>$VAR[ThemeHomeLabelColor]</textcolor>
							<shadowcolor>black</shadowcolor>
							<label>$INFO[MusicPlayer.Artist]</label>
						</control>
						<control type="label">
							<width>750</width>
							<height>40</height>
							<font>font15</font>
							<textcolor>white2</textcolor>
							<shadowcolor>black</shadowcolor>
							<label>$INFO[MusicPlayer.Album]$INFO[musicplayer.discnumber, - $LOCALIZE[427]:]</label>
						</control>
						<control type="label">
							<width>750</width>
							<height>40</height>
							<font>font15</font>
							<textcolor>$VAR[ThemeHomeLabelColor]</textcolor>
							<shadowcolor>black</shadowcolor>
							<label>$INFO[MusicPlayer.offset(1).TrackNumber,$LOCALIZE[19031]: [COLOR white2],.[/COLOR] ][COLOR white2]$INFO[MusicPlayer.offset(1).Artist,, - ]$INFO[MusicPlayer.offset(1).Title][/COLOR]</label>
						</control>
						<control type="label">
							<height>50</height>
							<width>750</width>
							<label>[COLOR white2]$INFO[Player.Time][/COLOR]$INFO[Player.Duration, / [COLOR=white2],[/COLOR]]</label>
							<font>font48</font>
							<textcolor>$VAR[ThemeHomeLabelColor]</textcolor>
							<shadowcolor>black</shadowcolor>
						</control>
					</control>
				</control>
				<control type="group">
					<left>40</left>
					<top>82</top>
					<visible>Player.IsInternetStream | VideoPlayer.Content(livetv)</visible>
					<control type="image">
						<width>340</width>
						<height>340</height>
						<aspectratio>keep</aspectratio>
						<bordersize>20</bordersize>
						<bordertexture border="20">thumbs/thumb_shadow.png</bordertexture>
						<texture fallback="DefaultVideoCover.png">$VAR[HomeNowPlayingThumbVar]</texture>
					</control>
					<control type="grouplist">
						<left>340</left>
						<height>300</height>
						<itemgap>10</itemgap>
						<align>center</align>
						<control type="label">
							<width>840</width>
							<height>40</height>
							<font>font48</font>
							<textcolor>white2</textcolor>
							<shadowcolor>black</shadowcolor>
							<label>$INFO[VideoPlayer.ChannelName]</label>
							<visible>VideoPlayer.Content(livetv)</visible>
						</control>
						<control type="label">
							<width>830</width>
							<height>40</height>
							<font>font48</font>
							<textcolor>white2</textcolor>
							<shadowcolor>black</shadowcolor>
							<label>$INFO[Player.Title]</label>
						</control>
						<control type="label">
							<width>830</width>
							<height>40</height>
							<font>font15_title</font>
							<textcolor>$VAR[ThemeHomeLabelColor]</textcolor>
							<shadowcolor>black</shadowcolor>
							<label>$INFO[MusicPlayer.Artist]</label>
							<visible>Player.IsInternetStream + !String.IsEmpty(MusicPlayer.Artist)</visible>
						</control>
						<control type="label">
							<width>830</width>
							<height>40</height>
							<font>font15</font>
							<textcolor>white2</textcolor>
							<shadowcolor>black</shadowcolor>
							<label>$INFO[MusicPlayer.Genre]</label>
							<visible>Player.IsInternetStream + !String.IsEmpty(MusicPlayer.Genre)</visible>
						</control>
						<control type="label">
							<width>830</width>
							<height>40</height>
							<font>font15</font>
							<textcolor>white2</textcolor>
							<shadowcolor>black</shadowcolor>
							<label>[COLOR=$VAR[ThemeHomeLabelColor]]$LOCALIZE[19031]:[/COLOR] $INFO[MusicPlayer.offset(1).Title]</label>
							<visible>Player.IsInternetStream + !String.IsEmpty(MusicPlayer.offset(1).Title)</visible>
						</control>
						<control type="textbox">
							<width>840</width>
							<height max="120">auto</height>
							<font>font15</font>
							<shadowcolor>black</shadowcolor>
							<label>$INFO[VideoPlayer.Plot]</label>
							<visible>VideoPlayer.Content(livetv)</visible>
							<autoscroll time="3000" delay="4000" repeat="5000">Skin.HasSetting(Enable.AutoScroll)</autoscroll>
						</control>
						<control type="label">
							<height>50</height>
							<width>830</width>
							<label>[COLOR=white2]$INFO[Player.Time][/COLOR]$INFO[Player.Duration, / [COLOR=white2],[/COLOR]]</label>
							<font>font48</font>
							<textcolor>$VAR[ThemeHomeLabelColor]</textcolor>
							<shadowcolor>black</shadowcolor>
						</control>
					</control>
				</control>
			</control>
		</control>
	</include>
	<!-- RSS Feed -->
	<include name="RSSFeed">
		<control type="group">
			<include>OpenClose_Zoom</include>
			<animation effect="fade" start="100" end="0" time="200" condition="ControlGroup(9001).HasFocus() + String.IsEmpty(Skin.String(HorizontalRSSPosition))">Conditional</animation>
			<animation effect="slide" end="0,340" condition="!Skin.HasSetting(centermainmenu) | [Skin.HasSetting(centermainmenu) + String.IsEqual(Skin.String(HorizontalRSSPosition),low)]">Conditional</animation>
			<animation effect="slide" end="0,84" condition="String.IsEqual(Skin.String(HorizontalRSSPosition),low)">Conditional</animation>
			<top>613</top>
			<control type="group">
				<visible>String.IsEmpty(Skin.String(HorizontalRSSPosition))</visible>
				<width>100%</width>
				<control type="image">
					<height>97</height>
					<texture colordiffuse="$VAR[ThemeHomeSystemBarsColor]">submenu_bar.png</texture>
					<visible>[String.IsEmpty(Skin.String(ThemeHomeMenuBarColor)) | String.IsEqual(Skin.String(ThemeHomeMenuBarColor),None)] + [String.IsEmpty(Skin.String(ThemeHomeSystemBarsColor)) | String.IsEqual(Skin.String(ThemeHomeSystemBarsColor),None)]</visible>
				</control>
				<control type="image">
					<height>96</height>
					<texture colordiffuse="$VAR[ThemeHomeSystemBarsColor]">submenu_bar_white.png</texture>
					<visible>[!String.IsEmpty(Skin.String(ThemeHomeMenuBarColor)) + !String.IsEqual(Skin.String(ThemeHomeMenuBarColor),None)] | [!String.IsEmpty(Skin.String(ThemeHomeSystemBarsColor)) + !String.IsEqual(Skin.String(ThemeHomeSystemBarsColor),None)]</visible>
				</control>
			</control>
			<control type="group">
				<top>-43</top>
				<width>100%</width>
				<visible>String.IsEqual(Skin.String(HorizontalRSSPosition),low)</visible>
				<control type="image">
					<height>87</height>
					<texture colordiffuse="$VAR[ThemeHomeSystemBarsColor]" flipy="true">submenu_bar.png</texture>
					<visible>[String.IsEmpty(Skin.String(ThemeHomeMenuBarColor)) | String.IsEqual(Skin.String(ThemeHomeMenuBarColor),None)] + [String.IsEmpty(Skin.String(ThemeHomeSystemBarsColor)) | String.IsEqual(Skin.String(ThemeHomeSystemBarsColor),None)]</visible>
				</control>
				<control type="image">
					<top>-3</top>
					<height>91</height>
					<texture colordiffuse="$VAR[ThemeHomeSystemBarsColor]" flipy="true">submenu_bar_white.png</texture>
					<visible>[!String.IsEmpty(Skin.String(ThemeHomeMenuBarColor)) + !String.IsEqual(Skin.String(ThemeHomeMenuBarColor),None)] | [!String.IsEmpty(Skin.String(ThemeHomeSystemBarsColor)) + !String.IsEqual(Skin.String(ThemeHomeSystemBarsColor),None)]</visible>
				</control>
			</control>
			<control type="label">
				<left>1870</left>
				<width>60</width>
				<height>41</height>
				<label></label>
				<font>IconSmall</font>
				<textcolor>$VAR[ThemeHomeLabelColor]</textcolor>
			</control>
			<control type="rss">
				<left>20</left>
				<height>30</height>
				<width>1845</width>
				<font>font13</font>
				<urlset>1</urlset>
				<textcolor>$VAR[ThemeHomeLabelColor]</textcolor>
				<titlecolor>$VAR[ThemeHomeLabelColor]</titlecolor>
				<headlinecolor>$VAR[RSSFeedColor]</headlinecolor>
				<shadowcolor>shadow</shadowcolor>
			</control>
			<control type="image">
				<top>2</top>
				<width>100%</width>
				<height>2</height>
				<texture colordiffuse="$VAR[ThemeHomeSystemGlowBarsColor]">separator_horizontal.png</texture>
				<animation effect="slide" end="0,43" condition="[String.IsEqual(Skin.String(HorizontalRSSPosition),low) | String.IsEmpty(Skin.String(HorizontalRSSPosition))] + [system.getbool(lookandfeel.enablerssfeeds) + !String.IsEqual(Skin.String(MainMenu.Layout),vertical)] + String.IsEmpty(Skin.String(HorizontalRSSPosition))">Conditional</animation>
			</control>
		</control>
	</include>
	<include name="RSSFeed2">
		<control type="group">
			<animation effect="slide" tween="cubic" time="720" start="0,-1080" end="0,0">WindowOpen</animation>
			<animation effect="slide" tween="cubic" time="720" end="0,-1080" start="0,0">WindowClose</animation>
			<top>47</top>
			<control type="group">
				<animation effect="rotatex" end="180" center="20" condition="true">Conditional</animation>
				<control type="image">
					<width>100%</width>
					<height>87</height>
					<texture colordiffuse="$VAR[ThemeHomeSystemBarsColor]" flipy="true">submenu_bar.png</texture>
					<visible>[String.IsEmpty(Skin.String(ThemeHomeMenuBarColor)) | String.IsEqual(Skin.String(ThemeHomeMenuBarColor),None)] + [String.IsEmpty(Skin.String(ThemeHomeSystemBarsColor)) | String.IsEqual(Skin.String(ThemeHomeSystemBarsColor),None)]</visible>
				</control>
				<control type="image">
					<width>100%</width>
					<height>88</height>
					<texture colordiffuse="$VAR[ThemeHomeSystemBarsColor]" flipy="true">submenu_bar_white.png</texture>
					<visible>[!String.IsEmpty(Skin.String(ThemeHomeMenuBarColor)) + !String.IsEqual(Skin.String(ThemeHomeMenuBarColor),None)] | [!String.IsEmpty(Skin.String(ThemeHomeSystemBarsColor)) + !String.IsEqual(Skin.String(ThemeHomeSystemBarsColor),None)]</visible>
				</control>
			</control>
			<control type="group">
				<top>-90</top>
				<control type="label">
					<left>1880</left>
					<top>42</top>
					<width>60</width>
					<height>41</height>
					<label></label>
					<font>IconSmall</font>
					<textcolor>$VAR[ThemeHomeLabelColor]</textcolor>
				</control>
				<control type="rss">
					<left>20</left>
					<top>43</top>
					<height>30</height>
					<width>1858</width>
					<font>font13</font>
					<urlset>1</urlset>
					<textcolor>$VAR[ThemeHomeLabelColor]</textcolor>
					<titlecolor>$VAR[ThemeHomeLabelColor]</titlecolor>
					<headlinecolor>$VAR[RSSFeedColor]</headlinecolor>
					<shadowcolor>shadow</shadowcolor>
				</control>
			</control>
			<control type="image">
				<width>100%</width>
				<top>-6</top>
				<height>2</height>
				<texture colordiffuse="$VAR[ThemeHomeSystemGlowBarsColor]">separator_horizontal.png</texture>
			</control>
		</control>
	</include>
	<include name="RSSFeedVerticalMenu">
		<control type="group">
			<animation effect="slide" end="1870,0" time="240">WindowClose</animation>
			<animation effect="slide" start="1400,0" end="0,0" delay="300" time="240" condition="!Window.Previous(startup)">WindowOpen</animation>
			<animation effect="slide" start="1400,0" end="0,0" delay="800" time="480" condition="Window.Previous(startup)">WindowOpen</animation>
			<animation effect="slide" end="0,-993" time="320" tween="cubic" easing="inout" condition="[system.getbool(lookandfeel.enablerssfeeds) + String.IsEqual(Skin.String(VerticalMenuRSS.Position),$LOCALIZE[419])] | [!system.getbool(lookandfeel.enablerssfeeds) + String.IsEqual(Skin.String(VerticalMenuSystemBar.Position),$LOCALIZE[418])]">Conditional</animation>
			<animation effect="slide" end="1250,0" time="320" tween="cubic" easing="inout" condition="!system.getbool(lookandfeel.enablerssfeeds)">Conditional</animation>
			<animation effect="slide" end="100,0" time="320" tween="cubic" easing="inout" condition="!system.getbool(lookandfeel.enablerssfeeds) + !Skin.HasSetting(Disable.SearchButton) + !System.HasMediaDVD">Conditional</animation>
			<animation effect="slide" end="50,0" time="320" tween="cubic" easing="inout" condition="!system.getbool(lookandfeel.enablerssfeeds) + Skin.HasSetting(Disable.SearchButton) + System.HasMediaDVD">Conditional</animation>
			<visible>system.getbool(lookandfeel.enablerssfeeds) | [System.HasAddon(script.globalsearch) + !Skin.HasSetting(Disable.SearchButton)] | System.HasMediaDVD</visible>
			<top>1036</top>
			<control type="group">
				<animation effect="slide" end="-410,0" time="320" tween="cubic" easing="inout" condition="String.Contains(Container(9000).ListItem.Property(widgetStyle),Extended) + ControlGroup(90010).HasFocus">Conditional</animation>
				<animation effect="slide" end="-410,0" time="320" tween="cubic" easing="inout" condition="String.Contains(Container(9000).ListItem.Property(widgetStyle.2),Extended) + ControlGroup(90020).HasFocus">Conditional</animation>
				<control type="group">
					<top>-43</top>
					<height>87</height>
					<control type="group">
						<visible>[system.getbool(lookandfeel.enablerssfeeds) + String.IsEmpty(Skin.String(VerticalMenuRSS.Position))] | [!system.getbool(lookandfeel.enablerssfeeds) + String.IsEmpty(Skin.String(VerticalMenuSystemBar.Position))]</visible>
						<control type="group">
							<visible>[String.IsEmpty(Skin.String(ThemeHomeMenuBarColor)) | String.IsEqual(Skin.String(ThemeHomeMenuBarColor),None)] + [String.IsEmpty(Skin.String(ThemeHomeSystemBarsColor)) | String.IsEqual(Skin.String(ThemeHomeSystemBarsColor),None)]</visible>
							<control type="image" id="90101">
								<left>420</left>
								<width>90</width>
								<texture colordiffuse="$VAR[ThemeHomeSystemBarsColor]" flipy="true">submenu_end.png</texture>
							</control>
							<control type="image">
								<left>510</left>
								<width>1820</width>
								<texture colordiffuse="$VAR[ThemeHomeSystemBarsColor]" flipy="true">submenu_bar.png</texture>
							</control>
						</control>
						<control type="group">
							<visible>[!String.IsEmpty(Skin.String(ThemeHomeMenuBarColor)) + !String.IsEqual(Skin.String(ThemeHomeMenuBarColor),None)] | [!String.IsEmpty(Skin.String(ThemeHomeSystemBarsColor)) + !String.IsEqual(Skin.String(ThemeHomeSystemBarsColor),None)]</visible>
							<control type="image" id="90102">
								<left>422</left>
								<width>90</width>
								<texture colordiffuse="$VAR[ThemeHomeSystemBarsColor]" flipy="true">submenu_end_white.png</texture>
							</control>
							<control type="image">
								<left>510</left>
								<width>1820</width>
								<texture colordiffuse="$VAR[ThemeHomeSystemBarsColor]" flipy="true">submenu_bar_white.png</texture>
							</control>
						</control>
					</control>
					<control type="group">
						<visible>[system.getbool(lookandfeel.enablerssfeeds) + String.IsEqual(Skin.String(VerticalMenuRSS.Position),$LOCALIZE[419])] | [!system.getbool(lookandfeel.enablerssfeeds) + String.IsEqual(Skin.String(VerticalMenuSystemBar.Position),$LOCALIZE[418])]</visible>
						<control type="group">
							<visible>[String.IsEmpty(Skin.String(ThemeHomeMenuBarColor)) | String.IsEqual(Skin.String(ThemeHomeMenuBarColor),None)] + [String.IsEmpty(Skin.String(ThemeHomeSystemBarsColor)) | String.IsEqual(Skin.String(ThemeHomeSystemBarsColor),None)]</visible>
							<control type="image" id="90101">
								<left>420</left>
								<width>90</width>
								<texture colordiffuse="$VAR[ThemeHomeSystemBarsColor]">submenu_end.png</texture>
							</control>
							<control type="image">
								<left>510</left>
								<width>1820</width>
								<texture colordiffuse="$VAR[ThemeHomeSystemBarsColor]" flipx="true">submenu_bar.png</texture>
							</control>
						</control>
						<control type="group">
							<visible>[!String.IsEmpty(Skin.String(ThemeHomeMenuBarColor)) + !String.IsEqual(Skin.String(ThemeHomeMenuBarColor),None)] | [!String.IsEmpty(Skin.String(ThemeHomeSystemBarsColor)) + !String.IsEqual(Skin.String(ThemeHomeSystemBarsColor),None)]</visible>
							<control type="image" id="90102">
								<left>422</left>
								<width>90</width>
								<texture colordiffuse="$VAR[ThemeHomeSystemBarsColor]">submenu_end_white.png</texture>
							</control>
							<control type="image">
								<left>510</left>
								<width>1820</width>
								<texture colordiffuse="$VAR[ThemeHomeSystemBarsColor]" flipx="true">submenu_bar_white.png</texture>
							</control>
						</control>
					</control>
				</control>
			</control>
			<control type="group">
				<animation effect="slide" end="0,-46" time="320" tween="cubic" easing="inout" condition="[system.getbool(lookandfeel.enablerssfeeds) + String.IsEqual(Skin.String(VerticalMenuRSS.Position),$LOCALIZE[419])] | [!system.getbool(lookandfeel.enablerssfeeds) + String.IsEqual(Skin.String(VerticalMenuSystemBar.Position),$LOCALIZE[418])]">Conditional</animation>
				<control type="grouplist" id="9020">
					<top>3</top>
					<left>503</left>
					<width>1770</width>
					<height>41</height>
					<orientation>horizontal</orientation>
					<onleft>9000</onleft>
					<ondown condition="Control.IsVisible(90010)">90010</ondown>
					<ondown condition="!Control.IsVisible(90010) + Control.IsVisible(90020)">90020</ondown>
					<ondown condition="!Control.IsVisible(90010) + !Control.IsVisible(90020)">9000</ondown>
					<onup condition="Control.IsVisible(90020)">90020</onup>
					<onup condition="Control.IsVisible(90010) + !Control.IsVisible(90020)">90010</onup>
					<onup condition="!Control.IsVisible(90010) + !Control.IsVisible(90020)">9000</onup>
					<animation effect="slide" end="-410,0" time="320" tween="cubic" easing="inout" condition="String.Contains(Container(9000).ListItem.Property(widgetStyle),Extended) + ControlGroup(90010).HasFocus">Conditional</animation>
					<animation effect="slide" end="-410,0" time="320" tween="cubic" easing="inout" condition="String.Contains(Container(9000).ListItem.Property(widgetStyle.2),Extended) + ControlGroup(90020).HasFocus">Conditional</animation>
					<include condition="System.HasAddon(script.globalsearch) + !Skin.HasSetting(Disable.SearchButton)">HomeSearchButton</include>
					<control type="label">
						<width>410</width>
						<label />
						<visible>!ControlGroup(90010).HasFocus | [!String.Contains(Container(9000).ListItem.Property(widgetStyle),Extended) + ControlGroup(90010).HasFocus]</visible>
						<visible>!ControlGroup(90020).HasFocus | [!String.Contains(Container(9000).ListItem.Property(widgetStyle.2),Extended) + ControlGroup(90020).HasFocus]</visible>
					</control>
					<control type="rss">
						<height>30</height>
						<width min="1210" max="1770">auto</width>
						<font>font13</font>
						<urlset>1</urlset>
						<textcolor>$VAR[ThemeHomeLabelColor]</textcolor>
						<titlecolor>$VAR[ThemeHomeLabelColor]</titlecolor>
						<headlinecolor>$VAR[RSSFeedColor]</headlinecolor>
						<shadowcolor>shadow</shadowcolor>
						<visible>system.getbool(lookandfeel.enablerssfeeds)</visible>
						<animation effect="slide" end="-410,0" condition="[!ControlGroup(90010).HasFocus + !ControlGroup(90020).HasFocus] | [!String.Contains(Container(9000).ListItem.Property(widgetStyle),Extended) + ControlGroup(90010).HasFocus] | [!String.Contains(Container(9000).ListItem.Property(widgetStyle.2),Extended) + ControlGroup(90020).HasFocus]">Conditional</animation>
					</control>
				</control>
				<control type="label">
					<left>1880</left>
					<width>60</width>
					<height>41</height>
					<label></label>
					<font>IconSmall</font>
					<textcolor>$VAR[ThemeHomeLabelColor]</textcolor>
					<visible>system.getbool(lookandfeel.enablerssfeeds)</visible>
				</control>
			</control>
		</control>
	</include>
	<include name="LiveTVWidget">
		<control type="group">
			<left>490r</left>
			<top>45</top>
			<visible>!String.IsEmpty(Container(9000).ListItem.Property(widgetLiveTV))</visible>
			<include>OpenClose_Zoom</include>
			<animation effect="fade" time="300">Visible</animation>
			<animation effect="fade" start="100" end="0" time="200" condition="ControlGroup(90020).HasFocus">Conditional</animation>
			<animation effect="slide" end="0,735" time="0" tween="cubic" easing="inout" condition="[Skin.HasSetting(centermainmenu) | String.IsEqual(Skin.String(MainMenu.Layout),vertical)]">Conditional</animation>
			<!-- NextRecording -->
			<control type="group">
				<animation effect="slide" end="0,120" time="0" condition="PVR.IsRecording">Conditional</animation>
				<visible>PVR.HasNonRecordingTimer</visible>
				<height>120</height>
				<control type="image">
					<left>-200</left>
					<width>800</width>
					<height>120</height>
					<texture flipx="true" border="40,0,0,0" >side_fade.png</texture>
				</control>
				<control type="image">
					<left>390</left>
					<width>90</width>
					<height>120</height>
					<aspectratio>keep</aspectratio>
					<texture background="true" fallback="DefaultTVShows.png">$INFO[PVR.NextRecordingChannelIcon]</texture>
				</control>
				<control type="image">
					<left>344</left>
					<top>12</top>
					<visible>PVR.IsRecording</visible>
					<width>29</width>
					<height>29</height>
					<texture colordiffuse="grey">new_pvr/icons/PVR-HasTimer.png</texture>
				</control>
				<control type="label">
					<left>-163</left>
					<top>12</top>
					<height>25</height>
					<width>500</width>
					<align>right</align>
					<textcolor>$VAR[ThemeHomeLabelColor]</textcolor>
					<shadowcolor>black</shadowcolor>
					<label>$LOCALIZE[19157][COLOR=grey]$INFO[PVR.NextRecordingChannel, - ,][/COLOR]</label>
				</control>
				<control type="label">
					<left>-120</left>
					<top>48</top>
					<height>25</height>
					<width>500</width>
					<align>right</align>
					<scroll>true</scroll>
					<shadowcolor>black</shadowcolor>
					<label>$INFO[PVR.NextRecordingDateTime,$LOCALIZE[19126] - ]</label>
				</control>
				<control type="label">
					<left>-420</left>
					<top>85</top>
					<height>25</height>
					<width>800</width>
					<label>$INFO[PVR.NextRecordingTitle]</label>
					<align>right</align>
					<font>font13_title</font>
					<shadowcolor>black</shadowcolor>
					<scroll>true</scroll>
				</control>
			</control>
			<!-- CurrentlyRecording -->
			<control type="group">
				<visible>PVR.IsRecording</visible>
				<height>120</height>
				<control type="image">
					<left>-200</left>
					<width>800</width>
					<height>120</height>
					<texture flipx="true" border="40,0,0,0" >side_fade.png</texture>
				</control>
				<control type="image">
					<left>390</left>
					<width>90</width>
					<height>120</height>
					<aspectratio>keep</aspectratio>
					<texture background="true" fallback="DefaultTVShows.png">$INFO[PVR.NowRecordingChannelIcon]</texture>
				</control>
				<control type="image">
					<left>340</left>
					<top>6</top>
					<visible>PVR.IsRecording</visible>
					<width>40</width>
					<height>40</height>
					<texture>new_pvr/icons/PVR-IsRecording.png</texture>
					<animation effect="fade" start="100" end="40" time="2000" pulse="true" condition="true">Conditional</animation>
				</control>
				<control type="label">
					<left>-155</left>
					<top>12</top>
					<height>25</height>
					<width>500</width>
					<align>right</align>
					<textcolor>$VAR[ThemeHomeLabelColor]</textcolor>
					<shadowcolor>black</shadowcolor>
					<label>$LOCALIZE[19158][COLOR=grey]$INFO[PVR.NowRecordingChannel, - ,][/COLOR] $INFO[VideoPlayer.ChannelName]</label>
				</control>
				<control type="label">
					<left>-120</left>
					<top>48</top>
					<height>25</height>
					<width>500</width>
					<align>right</align>
					<scroll>true</scroll>
					<shadowcolor>black</shadowcolor>
					<label>$INFO[PVR.NowRecordingDateTime,$LOCALIZE[19126] - ]</label>
				</control>
				<control type="label">
					<left>-120</left>
					<top>85</top>
					<height>25</height>
					<width>500</width>
					<label>$INFO[PVR.NowRecordingTitle]</label>
					<align>right</align>
					<font>font13_title</font>
					<shadowcolor>black</shadowcolor>
					<scroll>true</scroll>
				</control>
			</control>
		</control>
	</include>
	<include name="FanartTitle">
		<control type="button">
			<top>1000</top>
			<width min="0" max="450">auto</width>
			<font>font10</font>
			<textcolor>FFDFDFDF</textcolor>
			<shadowcolor />
			<aligny>top</aligny>
			<textoffsetx>30</textoffsetx>
			<textoffsety>5</textoffsety>
			<label>$VAR[FanartTitleVar]</label>
			<texturenofocus border="30,0,30,30">text_shadow.png</texturenofocus>
			<include>VisibleFadeAnimation</include>
			<include>OpenClose_Zoom</include>
			<animation effect="fade" time="600">WindowOpen</animation>
			<animation effect="fade" time="600">WindowClose</animation>
			<animation effect="slide" end="0,40" time="300" tween="cubic" easing="inout" condition="String.IsEqual(Skin.String(MainMenu.Layout),vertical)">Conditional</animation>
			<visible>![ControlGroup(90010).HasFocus() | ControlGroup(90020).HasFocus()] | [!String.IsEmpty(Container(9000).ListItem.Property(widgetDisableFanart)) + ControlGroup(90010).HasFocus() | !ControlGroup(90010).HasFocus()] + [!String.IsEmpty(Container(9000).ListItem.Property(widgetDisableFanart.2)) + ControlGroup(90020).HasFocus() | !ControlGroup(90020).HasFocus()]</visible>
			<visible>[String.Contains(Container(9000).ListItem.Property(background),i:playlist) | String.EndsWith(Container(9000).ListItem.Property(background),.Fanart)] + !String.IsEqual(Container(9000).ListItem.Property(background),Weather.Fanart) + ![Player.HasVideo + !Skin.HasSetting(Disable.ShowBackgroundVideo)]</visible>
		</control>
	</include>
</includes>