﻿<?xml version="1.0" encoding="UTF-8"?>
<addon id="skin.aeon.govi" version="24.5.28" name="Aeon GoVi" provider-name="GoVi">
	<requires>
		<import addon="xbmc.gui" version="5.17.0" />
		<import addon="script.skinshortcuts" version="2.0.3" />
		<import addon="script.skinvariables" version="0.2.5" />
		<import addon="script.embuary.helper" version="2.0.8" />
		<import addon="script.globalsearch" version="8.0.11" />
		<import addon="script.trakt" version="3.6.1" />
		<import addon="service.library.data.provider" version="0.0.7" />
		<import addon="resource.images.moviegenreicons.filmstrip-hd.colour" version="1.0.0" />
		<import addon="resource.images.languageflags.colour" version="0.0.4" />
		<import addon="resource.images.studios.coloured" version="0.0.1" />
		<import addon="resource.images.studios.white" version="0.0.30" />
		<import addon="resource.images.recordlabels.white" version="0.0.1" />
		<import addon="plugin.video.themoviedb.helper" version="2.0.18" />
		<import addon="plugin.video.youtube" version="6.7.0" />
		<import addon="plugin.program.autowidget" version="3.7.0" />
	</requires>
	<extension point="xbmc.gui.skin" debugging="false">
		<res width="1920" height="1080" aspect="16:9" default="true" folder="1080p" />
	</extension>
	<extension point="xbmc.addon.metadata">
		<summary lang="en_GB">Redesign by GoVi based on Aeon Nox Silvo</summary>
		<summary lang="es_ES">Rediseño por GoVi basado en Aeon Nox Silvo</summary>
		<description lang="en_GB">>Optimized for mouse navigation. "Autowidget" integrated into the skin and more extras...</description>
		<description lang="es_ES">Skin completamente rediseñada, optimizada para navegar con ratón y más extras...</description>
		<platform>all</platform>
		<license>CC BY-NC-SA 4.0</license>
		<assets>
			<icon>icon.png</icon>
			<fanart>fanart.jpg</fanart>
			<screenshot>resources/screenshots/screenshot001.jpg</screenshot>
			<screenshot>resources/screenshots/screenshot002.jpg</screenshot>
			<screenshot>resources/screenshots/screenshot003.jpg</screenshot>
		</assets>
	</extension>
</addon>