<?xml version="1.0" encoding="UTF-8"?>
<window>
	<defaultcontrol always="true">50</defaultcontrol>
	<onload>SetProperty(Window.HasSettings,True,Home)</onload>
	<onload>ClearProperty(MediaMenu,Home)</onload>
	<onunload>ClearProperty(MediaMenu,Home)</onunload>
	<onunload>ClearProperty(Window.HasSettings,Home)</onunload>
	<views>50</views>
	<menucontrol>9051</menucontrol>
	<controls>
		<control type="group">
			<include>CommonBackground</include>
			<visible allowhiddenfocus="true">![Skin.HasSetting(launchmusicfullscreen) + !String.IsEmpty(Window(Home).Property(Music.FullscreenParty))]</visible>
			<control type="group">
				<include>OpenClose_Zoom</include>
				<include condition="!Skin.HasSetting(Enable.SlimList)">MusicList</include>
				<include condition="Skin.HasSetting(Enable.SlimList)">SlimMusicList</include>
				<!-- view id = 50 -->
			</control>
			<include condition="!Skin.HasSetting(Disable.ScrollLabel)">ScrollOffsetLabel</include>
			<include>Topbar</include>
			<include>LateralMenu</include>
			<control type="group">
				<left>-440</left>
				<include>SideBladeLeft</include>
				<control type="grouplist" id="9050">
					<include>MediaMenuTop</include>
					<control type="label" id="201">
						<width>375</width>
						<height>52</height>
						<textoffsetx>15</textoffsetx>
						<font>font13_title</font>
						<label>31026</label>
						<textcolor>$VAR[ThemeLabelColor]</textcolor>
					</control>
					<control type="radiobutton" id="20">
						<description>Shuffle button</description>
						<include>ButtonCommonValues</include>
						<label>191</label>
					</control>
					<control type="button" id="26">
						<description>Repeat button</description>
						<textwidth>352</textwidth>
						<include>ButtonCommonValues</include>
						<label />
					</control>
					<control type="button" id="21">
						<description>Save button</description>
						<label>190</label>
						<textwidth>352</textwidth>
						<include>ButtonCommonValues</include>
					</control>
					<control type="button" id="22">
						<description>Clear button</description>
						<label>192</label>
						<onclick condition="Window.IsActive(musicplaylist)">ReplaceWindow(music)</onclick>
						<onclick condition="Window.IsActive(videoplaylist)">ReplaceWindow(Videos)</onclick>
						<textwidth>352</textwidth>
						<include>ButtonCommonValues</include>
					</control>
				</control>
				<include>MediaMenuPlayerControls</include>
			</control>
		</control>
	</controls>
</window>