<?xml version="1.0" encoding="UTF-8"?>
<window>
	<defaultcontrol always="true">10</defaultcontrol>
	<onload>SetProperty(Window.HasSettings,True,Home)</onload>
	<onload>ClearProperty(MediaMenu,Home)</onload>
	<onunload>ClearProperty(MediaMenu,Home)</onunload>
	<onunload>ClearProperty(Window.HasSettings,Home)</onunload>
	<views>10</views>
	<menucontrol>9051</menucontrol>
	<controls>
		<include>CommonBackground</include>
		<control type="group">
			<include>OpenClose_Zoom</include>
			<include condition="String.IsEmpty(Skin.String(LiveTV.EpgViewType))">EpgTimelineStandard</include>
			<include condition="String.IsEqual(Skin.String(LiveTV.EpgViewType),1)">EpgTimelineMinified</include>
			<include condition="Skin.HasSetting(Disable.ScrollLabel)">ScrollOffsetLabel</include>
			<control type="image">
				<width>1920</width>
				<height>1080</height>
				<texture>dialogs/dialog_black.png</texture>
				<animation effect="fade" time="400">Visible</animation>
				<animation effect="fade" time="200">Hidden</animation>
				<visible>Window.IsActive(FileBrowser) | Window.IsActive(PVRGuideInfo) | Window.IsActive(PVRRecordingInfo) | Window.IsActive(PVRTimerSetting) | Window.IsActive(PVRGroupManager) | Window.IsActive(PVRGuideSearch)</visible>
			</control>
		</control>
		<include>Topbar</include>
		<include>LateralMenu</include>
		<include>PVRMediaMenu</include>
		<control type="label">
			<left>60</left>
			<top>60</top>
			<width>915</width>
			<height>60</height>
			<label>$INFO[PVR.ChannelNumberInput]</label>
			<font>font_MainMenu</font>
			<shadowcolor>black</shadowcolor>
			<visible>!String.IsEmpty(PVR.ChannelNumberInput)</visible>
		</control>
		<control type="label" id="29">
			<font />
			<include>HiddenObject</include>
		</control>
		<control type="label" id="30">
			<font />
			<include>HiddenObject</include>
		</control>
	</controls>
</window>