<favourites>
	<favourite name="40 Principales" thumb="special://skin/media/icons/TV_Channels/Channels/40 TV.png">PlayMedia(&quot;plugin://plugin.video.temptv/?action=lists_play&amp;url=https%3A%2F%2Funiversal-f.akamaihd.net%2Fi%2Fyu2019_x%40770834%2Fmaster.m3u8%3Ffluxustv.m3u8&amp;content=0&amp;sf_options=winID%3D10025%26_options_sf&quot;)</favourite>
	<favourite name="Sol Música" thumb="special://skin/media/icons/TV_Channels/Channels/Sol Musica.png">PlayMedia(&quot;plugin://script.module.aragon/play/3295?sf_options=winID%3D10025%26_options_sf&quot;)</favourite>
	<favourite name="VH1" thumb="special://skin/media/icons/TV_Channels/Channels/VH1.png">PlayMedia(&quot;plugin://script.module.aragon/play/5295?sf_options=winID%3D10025%26_options_sf&quot;)</favourite>
	<favourite name="VH1 Classic" thumb="special://skin/media/icons/TV_Channels/Channels/VH1 Classic.png">plugin://plugin.video.kodispaintv/?url=plugin%3A%2F%2Fplugin.video.f4mTester%2F%3Fstreamtype%3DTSDOWNLOADER%26amp%3Bname%3D%5BCOLOR+red%5DKodi%5B%2FCOLOR%5D%5BCOLOR+yellow%5DSpain%5B%2FCOLOR%5D%3Burl%3Dhttp%3A%2F%2Fcms-xalaq.net%3A25461%2Fj5ztMkqXO8%2F3XtTmL5TR4%2F5913&amp;mode=12</favourite>
	<favourite name="Retro Music TV" thumb="special://skin/media/icons/TV_Channels/Channels/Retro Music TV.png">http://stream.mediawork.cz/retrotv//retrotvHQ1/playlist.m3u8</favourite>
	<favourite name="Top Latino" thumb="special://skin/media/icons/TV_Channels/Channels/TOP Latino.png">http://online.radiodifusion.net:1935/livetv/latinoSD.stream/chunklist_w430979689.m3u8</favourite>
	<favourite name="MTV Music" thumb="special://skin/media/icons/TV_Channels/Channels/MTV Music.png">PlayMedia(&quot;plugin://plugin.video.kodispaintv/?url=plugin%3A%2F%2Fplugin.video.f4mTester%2F%3Fstreamtype%3DTSDOWNLOADER%26amp%3Bname%3D%5BCOLOR+red%5DKodi%5B%2FCOLOR%5D%5BCOLOR+yellow%5DSpain%5B%2FCOLOR%5D%3Burl%3Dhttp%3A%2F%2Fcms-xalaq.net%3A25461%2Fj5ztMkqXO8%2F3XtTmL5TR4%2F5915&amp;mode=12&amp;sf_options=winID%3D10025%26_options_sf&quot;)</favourite>
	<favourite name="MTV live" thumb="special://skin/media/icons/TV_Channels/Channels/MTV Live.png">PlayMedia(&quot;plugin://script.module.aragon/play/7643?sf_options=winID%3D10025%26_options_sf&quot;)</favourite>
	<favourite name="MTV HITS" thumb="special://skin/media/icons/TV_Channels/Channels/MTV Hits.png">plugin://plugin.video.kodispaintv/?url=plugin%3A%2F%2Fplugin.video.f4mTester%2F%3Fstreamtype%3DTSDOWNLOADER%26amp%3Bname%3D%5BCOLOR+red%5DKodi%5B%2FCOLOR%5D%5BCOLOR+yellow%5DSpain%5B%2FCOLOR%5D%3Burl%3Dhttp%3A%2F%2Fcms-xalaq.net%3A25461%2Fj5ztMkqXO8%2F3XtTmL5TR4%2F5919&amp;mode=12</favourite>
	<favourite name="MTV Classic" thumb="special://skin/media/icons/TV_Channels/Channels/MTV Classic.png">PlayMedia(&quot;plugin://script.module.aragon/play/9151?sf_options=winID%3D10025%26_options_sf&quot;)</favourite>
	<favourite name="MTV Rocks" thumb="special://skin/media/icons/TV_Channels/Channels/MTV Rocks.png">plugin://plugin.video.kodispaintv/?url=plugin%3A%2F%2Fplugin.video.f4mTester%2F%3Fstreamtype%3DTSDOWNLOADER%26amp%3Bname%3D%5BCOLOR+red%5DKodi%5B%2FCOLOR%5D%5BCOLOR+yellow%5DSpain%5B%2FCOLOR%5D%3Burl%3Dhttp%3A%2F%2Fcms-xalaq.net%3A25461%2Fj5ztMkqXO8%2F3XtTmL5TR4%2F5921&amp;mode=12</favourite>
	<favourite name="MTV Dance" thumb="special://skin/media/icons/TV_Channels/Channels/MTV Dance.png">plugin://plugin.video.kodispaintv/?url=plugin%3A%2F%2Fplugin.video.f4mTester%2F%3Fstreamtype%3DTSDOWNLOADER%26amp%3Bname%3D%5BCOLOR+red%5DKodi%5B%2FCOLOR%5D%5BCOLOR+yellow%5DSpain%5B%2FCOLOR%5D%3Burl%3Dhttp%3A%2F%2Fcms-xalaq.net%3A25461%2Fj5ztMkqXO8%2F3XtTmL5TR4%2F5920&amp;mode=12</favourite>
</favourites>