<?xml version="1.0" encoding="UTF-8"?>
<shortcuts>
	<shortcut>
		<defaultID />
		<label>137</label>
		<label2 />
		<icon />
		<thumb />
		<action>ActivateWindow(Videos,"plugin://plugin.video.noise",return)</action>
	</shortcut>
	<shortcut>
		<defaultID />
		<label>34148</label>
		<label2 />
		<icon />
		<thumb />
		<action>ActivateWindow(Music,sources://music/,return)</action>
	</shortcut>
	<shortcut>
		<defaultID />
		<label>31997</label>
		<label2 />
		<icon />
		<thumb />
		<action>ActivateWindow(Music,musicdb://)</action>
	</shortcut>
</shortcuts>