<?xml version="1.0" encoding="utf-8"?>
<window>
	<allowoverlay>no</allowoverlay>
	<coordinates>
		<system>1</system>
		<posx>0</posx>
		<posy>170</posy>
	</coordinates>
	<controls>
        <control type="image">
            <description>workaround for texture not being loaded</description>
            <posx>-10000</posx>
            <posy>-10000</posy>
            <width>1</width>
            <height>1</height>
            <texture>tvguide-program-red.png</texture>
        </control>
        <control type="image">
            <description>workaround for texture not being loaded</description>
            <posx>-10000</posx>
            <posy>-10000</posy>
            <width>1</width>
            <height>1</height>
            <texture>tvguide-program-red-focus.png</texture>
        </control>

<!-- Background -->
		<control type="image" id="4600">
			<posx>0</posx>
			<posy>-166</posy>
			<width>1280</width>
			<height>720</height>
            <texture>main.png</texture>
            <fadetime>500</fadetime>
            <animation type="Conditional" condition="Control.IsVisible(5000)">
                <effect type="fade" start="100" end="0" time="500" />
			</animation>
		</control>
		
<!-- Guide Grid Group -->
        <control type="label" id="5000">
            <description>visibility marker for TV Guide group</description>
        </control>
		
        <control type="image">
            <posx>0</posx>
            <posy>95</posy>
            <width>1280</width>
            <height>414</height>
            <texture>chanbg.png</texture>
			<visible>!Control.IsVisible(5000)</visible>
        </control>		
		
<!-- Backround Text -->
        <control type="group">
        <visible>!Control.IsVisible(5000)</visible>
			<control type="image">
				<left>0</left>
				<top>110</top>
				<width>1280</width>
				<height>50</height>
				<texture>tvguide-program-black.png</texture>
			</control>
			<control type="image">
				<left>0</left>
				<top>160</top>
				<width>1280</width>
				<height>50</height>
				<texture>tvguide-program-black.png</texture>
			</control>
			<control type="image">
				<left>0</left>
				<top>210</top>
				<width>1280</width>
				<height>50</height>
				<texture>tvguide-program-black.png</texture>
			</control>
			<control type="image">
				<left>0</left>
				<top>260</top>
				<width>1280</width>
				<height>50</height>
				<texture>tvguide-program-black.png</texture>
			</control>
			<control type="image">
				<left>0</left>
				<top>310</top>
				<width>1280</width>
				<height>50</height>
				<texture>tvguide-program-black.png</texture>
			</control>
			<control type="image">
				<left>0</left>
				<top>360</top>
				<width>1280</width>
				<height>50</height>
				<texture>tvguide-program-black.png</texture>
			</control>
			<control type="image">
				<left>0</left>
				<top>410</top>
				<width>1280</width>
				<height>50</height>
				<texture>tvguide-program-black.png</texture>
			</control>
			<control type="image">
				<left>0</left>
				<top>460</top>
				<width>1280</width>
				<height>50</height>
				<texture>tvguide-program-black.png</texture>
			</control>
		</control>
		
<!-- Grid Text -->		
        <control type="group">
            <description>TV Guide group</description>
            <posx>0</posx>
            <posy>0</posy>
            <width>1280</width>
            <height>720</height>
            <visible>!Control.IsVisible(5000)</visible>
			
<!-- Timebar -->
			<control type="image" id="4100">
				<posx>100</posx>
				<posy>110</posy>
				<width>-150</width>
				<height>405</height>
				<texture>tvguide-timebar.png</texture>
				<animation type="Conditional" condition="Control.IsVisible(5000)">
					<effect type="fade" start="100" end="0" time="300" />
				</animation>
				<animation effect="fade" start="100" end="0" time="300">WindowClose</animation>
				<visible>Control.IsVisible(4200)</visible>
			</control>		
            <control type="button" id="5001">
                <description>marker for EPG data view - should be hidden!</description>
                <posx>120</posx>
                <posy>110</posy>
                <width>1105</width>
                <height>400</height>
                <visible>false</visible>
            </control>

<!-- Date and time row -->
            <control type="group">
                <posx>0</posx>
                <posy>10</posy>
                <width>1280</width>
                <height>50</height>
                <visible>true</visible>						
                <control type="label" id="4000">
                    <description>date (short)</description>
                    <posx>1275</posx>
                    <posy>-210</posy>
                    <width>180</width>
                    <height>100</height>
                    <textcolor>ffffffff</textcolor>
                    <font>font13</font>
					<align>right</align>
                    <aligny>center</aligny>
					<visible>false</visible>
                </control>
				<control type="label" id="3999">
                    <description>date (long)</description>
                    <posx>1275</posx>
                    <posy>-210</posy>
                    <width>180</width>
                    <height>100</height>
                    <textcolor>ffffffff</textcolor>
                    <font>font13</font>
					<align>right</align>
                    <aligny>center</aligny>
                    <visible>false</visible>
                </control>	
		
<!-- Category -->
                <control type="image">
					<left>0</left>
					<top>15</top>
					<width>1280</width>
					<height>50</height>
					<texture>tvguide-program-black.png</texture>
				</control>
			    <control type="label" id="6006">
					<description>Category text</description>
					<posx>220</posx>
					<posy>26</posy>
					<width>300</width>
					<height>30</height>
					<textcolor>ffffffff</textcolor> 
					<font>font14</font> 
					<align>left</align>
					<aligny>center</aligny>
					<visible>Control.IsVisible(4200)</visible>
					<animation type="Conditional" condition="Control.IsVisible(5000)">
						<effect type="fade" start="100" end="0" time="300" />
					</animation>
				</control>
		
<!-- Half hour columns --> 				
                <control type="image">
					<posx>0</posx>
					<posy>65</posy>
					<width>1280</width>
					<height>35</height>
					<texture>tvguide-program-grey.png</texture>
					<visible>!Control.IsVisible (5000)</visible>
				</control>
				<control type="grouplist">
					<posx>123</posx>
					<posy>60</posy>
					<width>1280</width>
					<height>50</height>
					<itemgap>200</itemgap>
					<orientation>horizontal</orientation>
					<control type="label" id="4001">
						<description>1st half hour column</description>
						<width>100</width>
						<textcolor>ffffffff</textcolor>
						<font>[B]font13[B]</font>
						<texture>tvguide-program-grey.png</texture>
					</control>
					<control type="label" id="4002">
						<description>2nd half hour column</description>
						<width>100</width>
						<textcolor>ffffffff</textcolor>
						<font>[B]font13[B]</font>
					</control>
					<control type="label" id="4003">
						<description>3rd half hour column</description>
						<width>100</width>
						<textcolor>ffffffff</textcolor>
						<font>[B]font13[B]</font>
					</control>
					<control type="label" id="4004">
						<description>4th half hour column</description>
						<width>100</width>
						<textcolor>ffffffff</textcolor>
						<font>[B]font13[B]</font>
					</control>
				</control>
		    </control>

<!-- Channels column -->
            <control type="group">
                <posx>5</posx>
                <posy>0</posy>
                <width>180</width>
                <height>720</height>
                <visible>!Control.IsVisible(5000)</visible>

<!-- Channel text-logo backgrounds -->
                <control type="image" id="4210">
                    <description>1st channel</description>
                    <posx>0</posx>
                    <posy>110</posy>
                    <width>120</width>
                    <height>50</height>
                    <aspectratio>stretch</aspectratio>
                    <visible>Control.IsVisible(4010)|Control.IsVisible(4110)</visible>
                    <texture>tvguide-program-grey.png</texture>
                </control>
                <control type="image" id="4211">
                    <description>2nd channel</description>
                    <posx>0</posx>
                    <posy>160</posy>
                    <width>120</width>
                    <height>50</height>
                    <aspectratio>stretch</aspectratio>
                    <visible>Control.IsVisible(4011)|Control.IsVisible(4111)</visible>
                    <texture>tvguide-program-grey.png</texture>
                </control>
                <control type="image" id="4212">
                    <description>3rd channel</description>
                    <posx>0</posx>
                    <posy>210</posy>
                    <width>120</width>
                    <height>49</height>
                    <aspectratio>stretch</aspectratio>
                    <visible>Control.IsVisible(4012)|Control.IsVisible(4112)</visible>
                    <texture>tvguide-program-grey.png</texture>
                </control>
                <control type="image" id="4213">
                    <description>4th channel</description>
                    <posx>0</posx>
                    <posy>260</posy>
                    <width>120</width>
                    <height>49.5</height>
                    <aspectratio>stretch</aspectratio>
                    <visible>Control.IsVisible(4013)|Control.IsVisible(4113)</visible>
                    <texture>tvguide-program-grey.png</texture>
                </control>
                <control type="image" id="4214">
                    <description>5th channel</description>
                    <posx>0</posx>
                    <posy>310</posy>
                    <width>120</width>
                    <height>49.5</height>
                    <aspectratio>stretch</aspectratio>
                    <visible>Control.IsVisible(4014)|Control.IsVisible(4114)</visible>
                    <texture>tvguide-program-grey.png</texture>
                </control>
                <control type="image" id="4215">
                    <description>6th channel</description>
                    <posx>0</posx>
                    <posy>360</posy>
                    <width>120</width>
                    <height>49.5</height>
                    <aspectratio>stretch</aspectratio>
                    <visible>Control.IsVisible(4015)|Control.IsVisible(4115)</visible>
                    <texture>tvguide-program-grey.png</texture>
                </control>
                <control type="image" id="4216">
                    <description>7th channel</description>
                    <posx>0</posx>
                    <posy>410</posy>
                    <width>120</width>
                    <height>49</height>
                    <aspectratio>stretch</aspectratio>
                    <visible>Control.IsVisible(4016)|Control.IsVisible(4116)</visible>
                    <texture>tvguide-program-grey.png</texture>
                </control>
                <control type="image" id="4217">
                    <description>8th channel</description>
                    <posx>0</posx>
                    <posy>460</posy>
                    <width>120</width>
                    <height>49.5</height>
                    <aspectratio>stretch</aspectratio>
                    <visible>Control.IsVisible(4017)|Control.IsVisible(4117)</visible>
                    <align>center</align>
                    <aligny>center</aligny>
                    <texture>tvguide-program-grey.png</texture>
                </control>

<!-- Channel number labels -->
                <control type="label" id="40100">
                    <description>1st channel</description>
                    <posx>0</posx>
                    <posy>110</posy>
                    <width>120</width>
                    <height>50</height>
                    <textcolor>ffffffff</textcolor>
                    <font>font13</font>
                    <align>left</align>
                    <aligny>center</aligny>
                    <visible>true</visible>
                </control>
                <control type="label" id="40101">
                    <description>2nd channel</description>
                    <posx>0</posx>
                    <posy>160</posy>
                    <width>120</width>
                    <height>50</height>
                    <textcolor>ffffffff</textcolor>
                    <font>font13</font>
                    <align>left</align>
                    <aligny>center</aligny>
                    <visible>true</visible>
                </control>
                <control type="label" id="40102">
                    <description>3rd channel</description>
                    <posx>0</posx>
                    <posy>210</posy>
                    <width>120</width>
                    <height>50</height>
                    <textcolor>ffffffff</textcolor>
                    <font>font13</font>
                    <align>left</align>
                    <aligny>center</aligny>
                    <visible>true</visible>
                </control>
                <control type="label" id="40103">
                    <description>4th channel</description>
                    <posx>0</posx>
                    <posy>260</posy>
                    <width>120</width>
                    <height>50</height>
                    <textcolor>ffffffff</textcolor>
                    <font>font13</font>
                    <align>left</align>
                    <aligny>center</aligny>
                    <visible>true</visible>
                </control>
                <control type="label" id="40104">
                    <description>5th channel</description>
                    <posx>0</posx>
                    <posy>310</posy>
                    <width>120</width>
                    <height>50</height>
                    <textcolor>ffffffff</textcolor>
                    <font>font13</font>
                    <align>left</align>
                    <aligny>center</aligny>
                    <visible>true</visible>
                </control>
                <control type="label" id="40105">
                    <description>6th channel</description>
                    <posx>0</posx>
                    <posy>360</posy>
                    <width>120</width>
                    <height>50</height>
                    <textcolor>ffffffff</textcolor>
                    <font>font13</font>
                    <align>left</align>
                    <aligny>center</aligny>
                    <visible>true</visible>
                </control>
                <control type="label" id="40106">
                    <description>7th channel</description>
                    <posx>0</posx>
                    <posy>410</posy>
                    <width>120</width>
                    <height>50</height>
                    <textcolor>ffffffff</textcolor>
                    <font>font13</font>
                    <align>left</align>
                    <aligny>center</aligny>
                    <visible>true</visible>
                </control>
                <control type="label" id="40107">
                    <description>8th channel</description>
                    <posx>0</posx>
                    <posy>460</posy>
                    <width>120</width>
                    <height>50</height>
                    <textcolor>ffffffff</textcolor>
                    <font>font13</font>
                    <align>left</align>
                    <aligny>center</aligny>
                    <visible>true</visible>
                </control>

<!-- Channel Text Labels -->
                <!-- <control type="label" id="4010">
                    <description>1st channel</description>
                    <posx>20</posx>
                    <posy>110</posy>
                    <width>120</width>
                    <height>50</height>
                    <textcolor>ffffffff</textcolor>
                    <font>font13</font>
                    <align>left</align>
                    <aligny>center</aligny>
					<scroll time="3600" delay="6000" repeat="6000">true</scroll>
                    <visible>String.IsEqual(Control.GetLabel(4110),)</visible>
					<texturenofocus></texturenofocus>
                </control>
                <control type="label" id="4011">
                    <description>2nd channel</description>
                    <posx>20</posx>
                    <posy>160</posy>
                    <width>120</width>
                    <height>50</height>
                    <textcolor>ffffffff</textcolor>
                    <font>font13</font>
                    <align>left</align>
                    <aligny>center</aligny>
					<scroll time="3600" delay="6000" repeat="6000">true</scroll>
					<visible>String.IsEqual(Control.GetLabel(4111),)</visible>
                </control>
                <control type="label" id="4012">
                    <description>3rd channel</description>
                    <posx>20</posx>
                    <posy>210</posy>
                    <width>120</width>
                    <height>50</height>
                    <textcolor>ffffffff</textcolor>
                    <font>font13</font>
                    <align>left</align>
                    <aligny>center</aligny>
					<scroll time="3600" delay="6000" repeat="6000">true</scroll>
					<visible>String.IsEqual(Control.GetLabel(4112),)</visible>
                </control>
                <control type="label" id="4013">
                    <description>4th channel</description>
                    <posx>20</posx>
                    <posy>260</posy>
                    <width>120</width>
                    <height>50</height>
                    <textcolor>ffffffff</textcolor>
                    <font>font13</font>
                    <align>left</align>
                    <aligny>center</aligny>
					<scroll time="3600" delay="6000" repeat="6000">true</scroll>
					<visible>String.IsEqual(Control.GetLabel(4113),)</visible>
                </control>
                <control type="label" id="4014">
                    <description>5th channel</description>
                    <posx>20</posx>
                    <posy>310</posy>
                    <width>120</width>
                    <height>50</height>
                    <textcolor>ffffffff</textcolor>
                    <font>font13</font>
                    <align>left</align>
                    <aligny>center</aligny>
					<scroll time="3600" delay="6000" repeat="6000">true</scroll>
					<visible>String.IsEqual(Control.GetLabel(4114),)</visible>
                </control>
                <control type="label" id="4015">
                    <description>6th channel</description>
                    <posx>20</posx>
                    <posy>360</posy>
                    <width>120</width>
                    <height>50</height>
                    <textcolor>ffffffff</textcolor>
                    <font>font13</font>
                    <align>left</align>
                    <aligny>center</aligny>
					<scroll time="3600" delay="6000" repeat="6000">true</scroll>
					<visible>String.IsEqual(Control.GetLabel(4115),)</visible>
                </control>
                <control type="label" id="4016">
                    <description>7th channel</description>
                    <posx>20</posx>
                    <posy>410</posy>
                    <width>120</width>
                    <height>50</height>
                    <textcolor>ffffffff</textcolor>
                    <font>font13</font>
                    <align>left</align>
                    <aligny>center</aligny>
					<scroll time="3600" delay="6000" repeat="6000">true</scroll>
					<visible>String.IsEqual(Control.GetLabel(4116),)</visible>
                </control>
                <control type="label" id="4017">
                    <description>8th channel</description>
                    <posx>20</posx>
                    <posy>460</posy>
                    <width>120</width>
                    <height>50</height>
                    <textcolor>ffffffff</textcolor>
                    <font>font13</font>
                    <align>left</align>
                    <aligny>center</aligny>
					<scroll time="3600" delay="6000" repeat="6000">true</scroll>
					<visible>String.IsEqual(Control.GetLabel(4117),)</visible>
                </control> -->

<!-- Channel Logo Images -->
                <control type="image" id="4110">
                    <description>1st channel</description>
                    <posx>30</posx>
                    <posy>110</posy>
                    <width>80</width>
                    <height>45</height>
                    <aspectratio>keep</aspectratio>
                    <visible>!String.IsEqual(Control.GetLabel(4110),)</visible>
                </control>
                <control type="image" id="4111">
                    <description>2nd channel</description>
                    <posx>30</posx>
                    <posy>160</posy>
                    <width>80</width>
                    <height>45</height>
                    <aspectratio>keep</aspectratio>
                    <visible>!String.IsEqual(Control.GetLabel(4111),)</visible>
                </control>
                <control type="image" id="4112">
                    <description>3rd channel</description>
                    <posx>30</posx>
                    <posy>210</posy>
                    <width>80</width>
                    <height>45</height>
                    <aspectratio>keep</aspectratio>
                    <visible>!String.IsEqual(Control.GetLabel(4112),)</visible>
                </control>
                <control type="image" id="4113">
                    <description>4th channel</description>
                    <posx>30</posx>
                    <posy>260</posy>
                    <width>80</width>
                    <height>45</height>
                    <aspectratio>keep</aspectratio>
                    <visible>!String.IsEqual(Control.GetLabel(4113),)</visible>
                </control>
                <control type="image" id="4114">
                    <description>5th channel</description>
                    <posx>30</posx>
                    <posy>310</posy>
                    <width>80</width>
                    <height>45</height>
                    <aspectratio>keep</aspectratio>
                    <visible>!String.IsEqual(Control.GetLabel(4114),)</visible>
                </control>
                <control type="image" id="4115">
                    <description>6th channel</description>
                    <posx>30</posx>
                    <posy>360</posy>
                    <width>80</width>
                    <height>45</height>
                    <aspectratio>keep</aspectratio>
                    <visible>!String.IsEqual(Control.GetLabel(4115),)</visible>
                </control>
                <control type="image" id="4116">
                    <description>7th channel</description>
                    <posx>30</posx>
                    <posy>410</posy>
                    <width>80</width>
                    <height>45</height>
                    <aspectratio>keep</aspectratio>
                    <visible>!String.IsEqual(Control.GetLabel(4116),)</visible>
                </control>
                <control type="image" id="4117">
                    <description>8th channel</description>
                    <posx>30</posx>
                    <posy>460</posy>
                    <width>80</width>
                    <height>45</height>
                    <aspectratio>keep</aspectratio>
                    <visible>!String.IsEqual(Control.GetLabel(4117),)</visible>
                </control>

            </control>

<!-- Program info -->
         <control type="group">
            <description>TV Guide group</description>
            <posx>7</posx>
            <posy>-20</posy>
			<width>1280</width>
            <height>720</height>
			<control type="image">
				<posx>-10</posx>
				<posy>-160</posy>
				<width>1500</width>
				<height>90</height>
				<texture>text_bg.png</texture>
				<visible>!Control.IsVisible(5000)</visible>
			</control>
            <control type="image">
				<posx>-100</posx>
				<posy>-70</posy>
				<width>1500</width>
				<height>120</height>
				<texture>text_bg.png</texture>
				<visible>!Control.IsVisible(5000)</visible>
			</control>
			<control type="label">
				<description>Clock</description>
				<posx>1265</posx>
				<posy>-185</posy>
				<width>500</width>
				<height>100</height>
				<textcolor>azure</textcolor>
				<font>font15</font>
				<align>right</align>
				<aligny>center</aligny>
				<label>$INFO[System.Time(hh:mm:xx)]</label>
			</control>
			<control type="label" id="4020">
                <description>Program title</description>
                <posx>10</posx>
                <posy>-144</posy>
                <width min="100" max="500">auto</width>
                <height>30</height>
                <textcolor>ffffc600</textcolor>
                <font>font13</font>
            </control>
			<control type="label" id="4026">
                <description>Program Genre</description>
                <posx>10</posx>
                <posy>-124</posy>
                <width>200</width>
                <height>25</height>
                <textcolor>ffffffff</textcolor>
                <shadowcolor>black</shadowcolor>
                <font>font12</font>
                <align>left</align>
                <visible>true</visible>
                <scroll>true</scroll>
            </control>
            <control type="label" id="4021">
                <description>Program time</description>
                <posx>10</posx>
                <posy>-100</posy>
                <width min="100" max="250">auto</width>
                <height>30</height>
                <textcolor>ffffffff</textcolor>
                <font>font13</font>
            </control>
			<control type="progress" id="3996">
			    <description>progress bar</description>
				<posx>165</posx>
				<posy>-85</posy>
				<width>180</width>
				<height>9</height>
				<lefttexture></lefttexture>
				<righttexture></righttexture>
				<texturebg>tvg-progress-bg.png</texturebg>
				<midtexture>tvg-progress-mid.png</midtexture>
				<visible>Integer.IsGreater(Control.GetLabel(3996),0)</visible>
            </control>
			<control type="label" id="3998">
				<description>time left</description>
				<posx>165</posx>
				<posy>-120</posy>
				<width>500</width>
				<height>50</height>
				<textcolor>ffffffff</textcolor>
				<font>font13</font>
                <visible>Integer.IsGreater(Control.GetLabel(3996),0)</visible>
			</control>
			<control type="image" id="3997">
				<description>SD/hd</description>
				<posx>770</posx>
				<posy>100</posy>
				<width>124</width>
				<height>35</height>
				<aspectratio></aspectratio>
				<visible>true</visible>
				<animation effect="slide" start="0,0" end="62,0" condition="!Control.IsVisible(6007)">conditional</animation>
			</control>

<!-- Ivue logo -->
			<control type="image" id="4027">
				<description>Ivue logo</description>
				<posx>580</posx>
				<posy>-180</posy>
				<width>128</width>
				<height>128</height>
				<align>center</align>
				<aspectratio>keep</aspectratio>
				<texture>iVuetvguide.png</texture>iVuetvguide
				<visible>false</visible>
			</control>

<!-- Program description -->
            <control type="textbox" id="4022">
                <description>Program description</description>
                <posx>10</posx>
                <posy>-65</posy>
                <width>935</width>
                <height>107</height>
                <textcolor>ffffffff</textcolor>
                <font>font13_bold</font>
				<align>justify</align>
                <wrapmultiline>true</wrapmultiline>
                <autoscroll time="3600" delay="8000" repeat="6000">true</autoscroll>
            </control>

<!-- Video preview -->
            <control type="image" id="4023">
                <description>Program preview</description>
                <posx>970</posx>
                <posy>-115</posy>
                <width>280</width>
                <height>150</height>
                <aspectratio></aspectratio>
                <fadetime>500</fadetime>
                <visible>!Player.HasMedia</visible>
                <texture>tvguide-logo-epg.png</texture>
            </control>

<!-- Channel logo-name -->
			<control type="grouplist">
				<posx>670</posx>
				<posy>-125</posy>
				<width>200</width>
				<height>100</height>
				<orientation>vertical</orientation>
				<itemgap>15</itemgap>
				<visible>true</visible>
				<control type="image" id="4024">
					<height>23</height>
					<aspectratio>keep</aspectratio>
					<align>center</align>
				</control>
				<control type="label" id="4025">
					<textcolor>ffffffff</textcolor>
					<shadowcolor>black</shadowcolor>
					<font>font12</font>
					<scroll>true</scroll>
					<align>center</align>
				</control>
			</control>

<!-- Plugin -->
			<control type="image" id="6007">
                <description>Plugin Icon</description>
                <posx>900</posx>
                <posy>-128</posy>
                <width>50</width>
                <height>50</height>
				<aspectratio>keep</aspectratio>
				<visible>true</visible>
            </control>
            <control type="label" id="6008">
                <description>Plugin Name</description>
                <posx>900</posx>
                <posy>-118</posy>
                <width>200</width>
                <height>50</height>
                <textcolor>white</textcolor>
                <label>$INFO[Listitem.Label]</label>
                <font>font13</font>
                <visible>true</visible>
            </control>

		</control>

<!-- Mouse Detection -->
             <control type="label" id="4300">
                <description>visibility marker for mouse control group</description>
                <posx>0</posx>
                <posy>0</posy>
                <width>50</width>
                <height>50</height>
            </control>
			<control type="image">
				<posx>0</posx>
				<posy>570</posy>
				<width>1280</width>
				<height>30</height>
				<texture>main.png</texture>
			</control>
			<control type="image">
				<posx>0</posx>
				<posy>570</posy>
				<width>1280</width>
				<height>30</height>
				<texture>tvguide-program-grey.png</texture>
			</control>

<!-- Loading Screen -->
            <control type="label" id="4200">
                <description>visibility marker for loading group</description>
            </control>

            <control type="group">
                <posx>130</posx>
                <posy>100</posy>
                <width>600</width>
                <height>55</height>
                <visible>!Control.IsVisible(4200)</visible>
                <animation effect="fade" start="0" end="100" time="250" delay="1500">Visible</animation>
                <control type="image">
                    <description>loading splash</description>
                    <posx>200</posx>
                    <posy>50</posy>
                    <width>55</width>
                    <height>55</height>
                    <texture>1.gif</texture>
                </control>
                <control type="label">
                    <description>loading splash</description>
                    <posx>270</posx>
                    <posy>50</posy>
                    <width>600</width>
                    <height>55</height>
                    <label>$ADDON[script.ivueguide 30001]</label>
                    <textcolor>ffffffff</textcolor>
                    <font>font15</font>
                    <aligny>center</aligny>
                </control>
                <control type="progress" id="4201">
                    <posx>270</posx>
                    <posy>100</posy>
                    <width>580</width>
                    <height>2</height>
                    <texturebg />
                    <lefttexture />
                    <midtexture>tvguide-white-progress.png</midtexture>
                    <righttexture />
                </control>
                <control type="label" id="4202">
                    <description>loading time left</description>
                    <posx>270</posx>
                    <posy>100</posy>
                    <width>600</width>
                    <height>50</height>
                    <label>...</label>
                    <textcolor>ffffffff</textcolor>
                    <font>font13</font>
                    <aligny>center</aligny>
                </control>
                <control type="button" id="4203">
                    <posx>270</posx>
                    <posy>150</posy>
                    <width>150</width>
                    <height>50</height>
                    <label>$ADDON[script.ivueguide 30008]</label>
                    <textcolor>ffffffff</textcolor>
                    <font>font13</font>
                    <aligny>center</aligny>
                    <align>center</align>
                    <texturefocus>tvguide-program-grey-focus.png</texturefocus>
                    <texturenofocus>tvguide-program-grey.png</texturenofocus>
                </control>
            </control>

<!-- Bottom Icons -->
                <control type="image">
					<left>0</left>
					<top>507</top>
					<width>1280</width>
					<height>43</height>
					<texture>tvguide-program-black.png</texture>
				</control>
			    <control type="group">
				    <control type="button" id="4307">
						<description>categories</description>
						<posx>10</posx>
						<posy>36</posy>
						<width>250</width>
						<height>30</height>
						<color>azure</color>
						<focusedcolor>white</focusedcolor>
						<font>font14</font>
                        <textoffsetx>50</textoffsetx>
						<label>[B]CATEGORÍA:[/B]</label>
						<texturefocus>button_categories_focus.png</texturefocus>
						<texturenofocus>button_categories.png</texturenofocus>
					</control>
					<control type="button" id="4301">
						<description>navigate to now</description>
						<posx>15</posx>
						<posy>515</posy>
						<width>185</width>
						<height>30</height>
						<color>azure</color>
						<focusedcolor>white</focusedcolor>
						<font>font14</font>
						<label>[B]AHORA[/B]</label>
						<textoffsetx>50</textoffsetx>
						<onfocus>$ADDON[script.ivueguide 30006]</onfocus>
						<texturefocus>button_now_focus.png</texturefocus>
						<texturenofocus>button_now.png</texturenofocus>
					</control>
					<control type="button" id="4303">
						<description>navigate up</description>
						<posx>490</posx>
						<posy>510</posy>
						<width>55</width>
						<height>40</height>
						<texturefocus>button_up_focus.png</texturefocus>
						<texturenofocus>button_up.png</texturenofocus>
					</control>
					<control type="button" id="4304">
						<description>navigate down</description>
						<posx>550</posx>
						<posy>510</posy>
						<width>55</width>
						<height>40</height>
						<texturefocus>button_down_focus.png</texturefocus>
						<texturenofocus>button_down.png</texturenofocus>
					</control>
<!--					<control type="button" id="4308">-->
<!--					    <include>FullScreen_Overlay</include>-->
<!--						<description>Number</description>-->
<!--						<posx>160</posx>-->
<!--						<posy>510</posy>-->
<!--						<width>55</width>-->
<!--						<height>40</height>-->
<!--						<texturefocus>remote_focus.png</texturefocus>-->
<!--						<texturenofocus>remote.png</texturenofocus>-->
<!--						<onclick>ActivateWindow(NumericInput)</onclick>-->
<!--						<onclick>Action(Number0)</onclick>-->
<!--					</control>-->
					<control type="button" id="4302">
						<description>navigate left</description>
						<posx>695</posx>
						<posy>515</posy>
						<width>55</width>
						<height>30</height>
						<texturefocus>button_left_focus.png</texturefocus>
						<texturenofocus>button_left.png</texturenofocus>
					</control>
					<control type="button" id="4305">
						<description>navigate right</description>
						<posx>755</posx>
						<posy>515</posy>
						<width>55</width>
						<height>30</height>
						<texturefocus>button_right_focus.png</texturefocus>
						<texturenofocus>button_right.png</texturenofocus>
					</control>
					<control type="button" id="30510">
						<description>Stop button</description>
						<posx>630</posx>
						<posy>515</posy>
						<width>40</width>
						<height>30</height>
						<texturefocus>button_stop-focus.png</texturefocus>
						<texturenofocus>button_stop.png</texturenofocus>
						<onclick>PlayerControl(Stop)</onclick>
					</control>
					<control type="button" id="4306">
						<description>exit</description>
						<posx>1070</posx>
						<posy>510</posy>
						<width>250</width>
						<height>40</height>
						<focusedcolor>white</focusedcolor>
						<font>font14</font>
						<label>[B]CERRAR GUÍA[/B]</label>
						<textoffsetx>40</textoffsetx>
						<texturefocus>button_close-focus.png</texturefocus>
						<texturenofocus>button_close.png</texturenofocus>
					</control>
                </control>

				<!-- <control type="button" id="1">
                    <description>movies</description>
                    <posx>820</posx>
                    <posy>510</posy>
                    <width>40</width>
                    <height>40</height>
                    <font>font12</font>
                    <texturefocus>touch_movies-focus.png</texturefocus>
                    <texturenofocus>touch_movies.png</texturenofocus>
					<onclick>RunScript(script.extendedinfo,info=list,type=movie)</onclick>
                </control>
				<control type="button" id="2">
                    <description>tv shows</description>
                    <posx>870</posx>
                    <posy>510</posy>c
                    <width>40</width>
                    <height>40</height>
                    <label></label>
                    <texturefocus>touch_tv-shows-focus.png</texturefocus>
                    <texturenofocus>touch_tv-shows.png</texturenofocus>
					<onclick>RunScript(script.extendedinfo,info=list,type=tv)</onclick>
                </control> -->

        </control><!-- id="5000" -->

<!-- Video window -->
		<control type="videowindow">
			<posx>0</posx>
			<posy>-170</posy>
			<width>1280</width>
			<height>720</height>
			<animation type="Conditional" condition="!Control.IsVisible(5000)">
				<effect type="zoom" end="23" center="1265,-74" time="500" />
			</animation>
			<visible>true</visible>
		</control>

<!-- OSD -->
        <control type="label" id="6000">
            <description>visibility marker for OSD Info bar</description>
        </control>
        <control type="group">
            <description>OSD Info bar</description>
            <posx>0</posx>
            <posy>230</posy>
            <width>1280</width>
            <height>400</height>
            <visible>!Control.IsVisible(6000) + Control.IsVisible(5000)</visible>
            <animation effect="fade" start="0" end="100" time="300">true</animation>
            <control type="image">
                <posx>0</posx>
                <posy>100</posy>
                <width>1280</width>
                <height>720</height>
                <texture>main.png</texture>
            </control>
            <control type="image">
                <description>Program logo / Source logo</description>
                <posx>0</posx>
                <posy>100</posy>
                <width>1280</width>
                <height>720</height>
                <aspectratio></aspectratio>
                <fadetime>500</fadetime>
                <visible>true</visible>
               <texture>tvguide-program-grey.png</texture>
            </control>
            <control type="image">
                <description>Program logo / Source logo</description>
                <posx>0</posx>
                <posy>100</posy>
                <width>1280</width>
                <height>720</height>
                <aspectratio></aspectratio>
                <fadetime>500</fadetime>
                <visible>true</visible>
               <texture colordiffuse="ff0e597e">blue-back.png</texture>
            </control>
            <control type="image" id="6016">
                <description>Program channel logo</description>
                <posx>15</posx>
                <posy>110</posy>
                <width>210</width>
                <height>110</height>
                <aspectratio>false</aspectratio>
                <visible>true</visible>
            </control>
            <control type="image" id="6020">
                <posx>145</posx>
                <posy>247</posy>
                <width>75</width>
                <height>16</height>
            </control>
            <control type="image" id="6021">
                <posx>655</posx>
                <posy>243</posy>
                <width>75</width>
                <height>20</height>
            </control>
            <control type="image">
                <posx>0</posx>
                <posy>270</posy>
                <width>1280</width>
                <height>50</height>
                <texture>bg(2).png</texture>
            </control>
            <control type="image">
                <posx>140</posx>
                <posy>270</posy>
                <width>500</width>
                <height>50</height>
                <texture>tvguide-program-grey-focus.png</texture>
                <visible>!Integer.IsGreater(Control.GetLabel(6013),0)</visible>
            </control>
			<control type="label">
                <description>Displays todays date</description>
                <posx>1255</posx>
                <posy>225</posy>
                <width>165</width>
                <height>20</height>
                <textcolor>ffffffff</textcolor>
                <font>font12</font>
                <align>right</align>
                <aligny>center</aligny>
                <visible>true</visible>
                <label>[B]$INFO[System.Time(hh:mm:xx)][/B]</label>
            </control>
			<control type="label">
                <description>Displays todays date</description>
                <posx>1255</posx>
                <posy>245</posy>
                <width>165</width>
                <height>20</height>
                <textcolor>grey</textcolor>
                <font>font12</font>
                <align>right</align>
                <aligny>center</aligny>
                <visible>true</visible>
                <label>$INFO[System.Date(DDD D MMM)]</label>
            </control>

<!-- Program description -->
            <control type="textbox" id="6003">
                <description>Program description</description>
                <posx>255</posx>
                <posy>110</posy>
                <width>980</width>
                <height>110</height>
                <label>Description</label>
                <textcolor>ffffffff</textcolor>
                <font>font13</font>
                <wrapmultiline>true</wrapmultiline>
                <visible>true</visible>
                <autoscroll time="3600" delay="6000" repeat="6000">true</autoscroll>
            </control>
            <control type="textbox" id="6022">
                <description> Next Program description</description>
                <posx>655</posx>
                <posy>130</posy>
                <width>610</width>
                <height>100</height>
                <label>Description</label>
                <textcolor>ffffffff</textcolor>
                <font>font13</font>
                <wrapmultiline>true</wrapmultiline>
                <visible>false</visible>
                <autoscroll time="3600" delay="6000" repeat="6000">true</autoscroll>
            </control>
            <control type="image" id="6004">
                <description>Program channel logo</description>
                <posx>12</posx>
                <posy>272</posy>
                <width>115</width>
                <height>46</height>
                <aspectratio>false</aspectratio>
                <visible>true</visible>
            </control>
            <control type="label" id="6005">
                <description>Program channel text</description>
                <posx>0</posx>
                <posy>75</posy>
                <width>1280</width>
                <height>30</height>
                <textcolor>FFFFFFFF</textcolor>
                <font>font13</font>
                <align>center</align>
                <visible>false</visible>
            </control>
            <control type="image">
                <posx>155</posx>
                <posy>55</posy>
                <width>15</width>
                <height>10</height>
                <texture>osd_up.pg</texture>
            </control>
            <control type="image">
                <posx>155</posx>
                <posy>115</posy>
                <width>15</width>
                <height>10</height>
                <texture>osd_down.pg</texture>
            </control>
            <control type="image">
                <posx>1230</posx>
                <posy>275</posy>
                <width>40</width>
                <height>40</height>
                <texture>osd_right.png</texture>
            </control>

<!-- Progress -->
			<control type="progress" id="6013">
                <posx>140</posx>
                <posy>270</posy>
                <width>500</width>
                <height>10</height>
                <lefttexture />
                <righttexture />
                <texturebg  colordiffuse="">tvguide-program-grey.png</texturebg>
                <midtexture colordiffuse="">tvguide-program-grey-focus.png</midtexture>
				<visible>true</visible>
                <visible>Integer.IsGreater(Control.GetLabel(6013),0)</visible>
            </control>
			
            <control type="label" id="6002">
                <description>Program time</description>
                <posx>150</posx>
                <posy>270</posy>
                <width>70</width>
                <height>50</height>
                <label></label>
                <textcolor>ffffffff</textcolor>
                <font>font13</font>
                <align>left</align>
                <aligny>center</aligny>
				<visible>true</visible>
            </control>
            <control type="label" id="6001">
                <description>Program title</description>
                <posx>220</posx>
                <posy>270</posy>
                <width>360</width>
                <height>50</height>
                <label>[B]No Data[/B]</label>
                <textcolor>ffffffff</textcolor>
                <font>font13</font>
                <aligny>center</aligny>
                <visible>true</visible>
            </control>
            <control type="label" id="6009">
                <description>Previous Program title</description>
                <posx>600</posx>
                <posy>2.5</posy>
                <width>390</width>
                <height>30</height>
                <label>[B]Title[/B]</label>
                <textcolor>ffffffff</textcolor>
                <font>font13</font>
                <aligny>center</aligny>
                <visible>false</visible>
            </control>
            <control type="label" id="6010">
                <description>Next Program title</description>
                <posx>725</posx>
                <posy>270</posy>
                <width>500</width>
                <height>50</height>
                <label></label>
                <textcolor>ffffffff</textcolor>
                <font>font13</font>
                <visible>true</visible>
                <aligny>center</aligny>
            </control>
            <control type="label" id="6011">
                <description>Previous Program time</description>
                <posx>405</posx>
                <posy>2.5</posy>
                <width>220</width>
                <height>30</height>
                <label>[B]18:00 - 20:00[/B]</label>
                <textcolor>ffffffff</textcolor>
                <font>font13</font>
                <align>left</align>
                <aligny>center</aligny>
                <visible>false</visible>
            </control>
            <control type="label" id="6012">
                <description>Next Program time</description>
                <posx>655</posx>
                <posy>270</posy>
                <width>70</width>
                <height>50</height>
                <label></label>
                <textcolor>ff54BFEC</textcolor>
                <font>font13</font>
                <align>left</align>
                <aligny>center</aligny>
                <visible>true</visible>
            </control>
				<control type="label" id="6015">
                <description>duration</description>
                <posx>910</posx>
                <posy>20</posy>
                <width>150</width>
                <height>100</height>
                <textcolor>ffffffff</textcolor>
                <font>font13</font>
                <align>right</align>
                <aligny>center</aligny>
                <visible>false</visible>
           </control>
            <control type="image" id="6019">
                <description>Program channel logo</description>
                <posx>1090</posx>
                <posy>39</posy>
                <width>180</width>
                <height>100</height>
                <aspectratio>false</aspectratio>
                <visible>false</visible>
            </control>
            <control type="image" id="6017">
                <description>Plugin Icon</description>
                <posx>1200</posx>
                <posy>150</posy>
                <width>60</width>
                <height>31</height>
                <aspectratio></aspectratio>
                <visible>false</visible>
            </control>
            <control type="label" id="6018">
                <description>Plugin Name</description>
                <posx>65</posx>
                <posy>-120</posy>
                <width>500</width>
                <height>50</height>
                <textcolor>ff007aa1</textcolor>
                <font>font13</font>
                <aligny>top</aligny>
                <visible>false</visible>
            </control>

        </control>
		
	</controls>

</window>
