<?xml version="1.0" encoding="utf-8"?>
<window type="dialog">
    <allowoverlay>no</allowoverlay>
    <defaultcontrol always="true">7004</defaultcontrol>
    <coordinates>
        <system>1</system>
        <posx>0</posx>
        <posy>0</posy>
    </coordinates>

    <controls>
        <control type="image">
            <left>0</left>
            <top>195</top>
            <width>1300</width>
            <height>50</height>
            <texture>tvguide-program-grey-focus.png</texture>
            <visible>true</visible>
        </control>
        <control type="image">
            <posx>0</posx>
            <posy>670</posy>
            <width>1290</width>
            <height>50</height>
            <texture>tvguide-program-grey-focus.png</texture>
            <visible>true</visible>
        </control>
        <control type="wraplist" id="7004">
            <description>categories</description>
            <left>0</left>
            <top>195</top>
            <width>1290</width>
            <height>50</height>
            <visible>true</visible>
            <ondown>80005</ondown>
            <orientation>horizontal</orientation>
            <itemlayout width="215" height="50">
                <control type="label">
                    <top>10</top>
                    <align>center</align>
                    <font>font14</font>
                    <textcolor>grey</textcolor>
                    <label>[B]$INFO[ListItem.Label][/B]</label>
                </control>
            </itemlayout>
            <focusedlayout width="215" height="50">
                <control type="image">
                    <texture>tvguide-program-grey.png</texture>
                    <visible>true</visible>
                </control>
                <control type="image">
                    <texture>tvguide-program-grey-focus.png</texture>
                    <visible>Control.HasFocus(7004)</visible>
                </control>
                <control type="label">
                    <top>10</top>
                    <font>font14</font>
					<align>center</align>
                    <textcolor>white</textcolor>
                    <label>[B]$INFO[ListItem.Label][/B]</label>
					<textoffset>15</textoffset>
                </control>
                <control type="label">
                    <top>10</top>
                    <font>font14</font>
					<align>center</align>
                    <textcolor>white</textcolor>
                    <label>[B]$INFO[ListItem.Label][/B]</label>
					<textoffset>15</textoffset>
                    <visible>Control.HasFocus(7004)</visible>
                </control>
            </focusedlayout>
        </control>

        <control type="button" id ="80005">
            <description>add cat</description>
            <posx>296</posx>
            <posy>670</posy>
            <width>300</width>
            <height>50</height>
            <texturefocus>tvguide-program-grey.png</texturefocus>
            <texturenofocus>tvguide-program-grey-focus</texturenofocus>
            <onup>7004</onup>
            <ondown></ondown>
            <onright>7003</onright>
            <align>center</align>
            <aligny>center</aligny>
            <font>font15</font>
            <textcolor>ffffffff</textcolor>
            <label>[B]AÑADIR CATEGORÍAS[/B]</label>
            <visible>true</visible>
        </control>

        <control type="button" id="80010" >
            <description>exit category</description>
            <posx>806</posx>
            <posy>670</posy>
            <width>200</width>
            <height>50</height>
            <texturefocus>tvguide-program-grey.png</texturefocus>
            <texturenofocus>tvguide-program-grey-focus</texturenofocus>
            <onup>7004</onup>
            <ondown></ondown>
            <onleft>7003</onleft>
            <onclick>back</onclick>
            <align>center</align>
            <aligny>center</aligny>
            <font>font15</font>
            <textcolor>ffffffff</textcolor>
            <label>[B]CANCELAR[/B]</label>
            <visible>true</visible>
        </control>

    </controls>
</window>
