<?xml version="1.0" encoding="utf-8"?>
<window type="dialog">
	<allowoverlay>no</allowoverlay>
	<defaultcontrol always="false">4001</defaultcontrol>
	<coordinates>
		<system>1</system>
		<posx>0</posx>
		<posy>0</posy>
	</coordinates>
    <controls>
	<control type="button">
		<animation effect="fade" time="500">WindowOpen</animation>
		<animation effect="fade" time="500">WindowClose</animation>
		<top>0</top>
		<left>0</left>
		<width>1280</width>
		<height>720</height>
		<texturenofocus>bg_48.png</texturenofocus>
		<texturefocus>bg_48.png</texturefocus>
		<onclick>Dialog.Close(all,true)</onclick>
	</control>
	<control type="group">
		<animation effect="slide" start="-412,0" end="0,0" time="500">WindowOpen</animation>
		<animation effect="slide" start="0,0" end="-412,0" time="500">WindowClose</animation>
        
		<control type="image">
			<posx>0</posx>
			<posy>0</posy>
			<width>350</width>
			<height>720</height>
			<texture>panel-menu.png</texture>
		</control>

		<control type="image">
			<posx>0</posx>
			<posy>0</posy>
			<width>350</width>
			<height>720</height>
			<texture>panel-menu.png</texture>
		</control>
			
		<control type="button"><!-- Exit -->
            <posx>65</posx>
            <posy>660</posy>
            <width>170</width>
            <height>40</height>
            <texturefocus></texturefocus>
			<texturenofocus></texturenofocus>
            <onclick>Back</onclick>
			<label></label>
		</control>

		<control type="label">
			<description>title</description>
			<posx>5</posx>
			<posy>15</posy>
			<width>100</width>
			<height>30</height>
			<textcolor>FF12A0C7</textcolor>
			<font>font12</font>
			<align>left</align>
			<aligny>center</aligny>
			<label>[B]Atajos[/B]</label>
		</control>

		<control type="label">
			<description>title</description>
			<posx>300</posx>
			<posy>15</posy>
			<width>200</width>
			<height>30</height>
			<textcolor>FF12A0C7</textcolor>
			<font>font12</font>
			<align>right</align>
			<aligny>center</aligny>
			<label>[COLOR FFA0A0A0][B]$INFO[Container(9000).ListItem.Label][/B][/COLOR]</label>
				<visible>Control.HasFocus(9000)</visible>
		</control>

		<control type="label">
			<description>title</description>
			<posx>5</posx>
			<posy>132</posy>
			<width>500</width>
			<height>30</height>
			<textcolor>FF12A0C7</textcolor>
			<font>font12</font>
			<align>left</align>
			<aligny>center</aligny>
			<label>[B]Opciones Ivue[/B]</label>
		</control>

		<control type="label">
			<description>title</description>
			<posx>5</posx>
			<posy>443</posy>
			<width>500</width>
			<height>30</height>
			<textcolor>FF12A0C7</textcolor>
			<font>font12</font>
			<align>left</align>
			<aligny>center</aligny>
			<label>[B]Opciones Kodi[/B]</label>
		</control>

		<control type="image" id="4100">
			<posx>100</posx>
			<posy>670</posy>
			<width>110</width>
			<height>34</height>
			<aspectratio>keep</aspectratio>
		</control>
				
        <control type="label" id="4101">
            <posx>0</posx>
            <posy>0</posy>
            <width>240</width>
            <height>30</height>
            <align>center</align>
            <aligny>center</aligny>
            <font>osdTitle</font>
            <textcolor>ffffffff</textcolor>
			<visible>false </visible>
        </control>

        <control type="button" id="4000"><!-- watch -->
            <posx>72</posx>
            <posy>148</posy>
            <width>240</width>
            <height>30</height>
            <texturefocus></texturefocus>
			<texturenofocus></texturenofocus>
            <onup>4000</onup>
            <ondown>4002</ondown>
            <align>center</align>
            <aligny>center</aligny>
            <font>font13</font>
            <textcolor>ffffffff</textcolor>
			<visible>false</visible>
        </control>

        <control type="label" id="4102"><!-- Show Title -->
            <posx>-50</posx>
            <posy>128</posy>
            <width>500</width>
            <height>30</height>
            <align>center</align>
            <aligny>center</aligny>
            <font>tvg_font13</font>
            <textcolor>ffffffff</textcolor>
			<visible>false </visible>
        </control>
			
	<control type="group">
		<posx>0</posx>
		<posy>-25</posy>
		
		<control type="button" id="4001"><!-- Choose Stream Manual -->
            <posx>10</posx>
            <posy>190</posy>
            <width>300</width>
            <height>40</height>
            <texturefocus colordiffuse="FF12A0C7" border="2">whiteHeader70.png</texturefocus>
            <onup>4005</onup>
            <ondown>4003</ondown>
            <onleft></onleft>
            <onright></onright>
            <align>left</align>
            <aligny>center</aligny>
            <font>font13</font>
            <textcolor>ffffffff</textcolor>
            <label>$ADDON[script.ivueguide 30304]</label>
        </control>
		
		<control type="button" id="4005"><!-- Choose Stream Auto -->
            <posx>10</posx>
            <posy>230</posy>
            <width>280</width>
            <height>40</height>
            <texturefocus colordiffuse="FF12A0C7" border="2">whiteHeader70.png</texturefocus>
            <onup>4001</onup>
            <ondown>4003</ondown>
            <onleft></onleft>
            <onright></onright>
            <align>left</align>
            <aligny>center</aligny>
            <font>font13</font>
            <textcolor>ffffffff</textcolor>
            <label>Seleccionar stream automáticamente</label>
			<onclick>Dialog.Close(all,true)</onclick>
			<onclick>select</onclick>
		</control>
        
#        <control type="label"> <!-- Choose Stream Text -->
#            <posx>72</posx>
#            <posy>68</posy>
#            <width>240</width>
#            <height>200</height>
#            <font>tvg_font13</font>
#            <textcolor>ffffffff</textcolor>
#            <label>$ADDON[script.ivueguide 30305]</label>
#            <wrapmultiline>true</wrapmultiline>
#        </control>

        <control type="button" id="4003"><!-- CHANNELS -->
            <posx>10</posx>
            <posy>270</posy>
            <width>280</width>
            <height>40</height>
            <texturefocus colordiffuse="FF12A0C7" border="2">whiteHeader70.png</texturefocus>
			<texturenofocus></texturenofocus>
            <onup>4005</onup>
            <ondown>4002</ondown>
            <onleft></onleft>
            <onright></onright>
            <align>left</align>
            <aligny>center</aligny>
            <font>font13</font>
            <textcolor>ffffffff</textcolor>
            <label>$ADDON[script.ivueguide 30307]</label>
        </control>
		
        <control type="button" id="4002"><!-- REMINDER -->
            <posx>10</posx>
            <posy>310</posy>
            <width>280</width>
            <height>40</height>
            <texturefocus colordiffuse="FF12A0C7" border="2">whiteHeader70.png</texturefocus>
			<texturenofocus></texturenofocus>
            <onup>4003</onup>
            <ondown>30009</ondown>
            <onleft></onleft>
            <onright></onright>
            <align>left</align>
            <aligny>center</aligny>
            <font>font13</font>
            <textcolor>ffffffff</textcolor>
        </control>

        <control type="button" id="30009"><!-- EDIT SHORTCUTS -->
            <posx>10</posx>
            <posy>350</posy>
            <width>280</width>
            <height>40</height>
            <texturefocus colordiffuse="FF12A0C7" border="2">whiteHeader70.png</texturefocus>
			<texturenofocus></texturenofocus>
            <onup>4002</onup>
            <ondown>4004</ondown>
            <onleft></onleft>
            <onright></onright>
            <align>left</align>
            <aligny>center</aligny>
            <font>font13</font>
            <textcolor>ffffffff</textcolor>
			<label>Editar Atajos</label>
			<visible>true</visible>
        </control>
		
        <control type="button" id="4004"><!-- Exit Guide -->
            <posx>10</posx>
            <posy>390</posy>
            <width>280</width>
            <height>40</height>
            <texturefocus colordiffuse="FF12A0C7" border="2">whiteHeader70.png</texturefocus>
			<texturenofocus></texturenofocus>
            <onup>30009</onup>
            <ondown>7001</ondown>
            <onleft></onleft>
            <onright></onright>
            <align>left</align>
            <aligny>center</aligny>
            <font>font13</font>
            <textcolor>ffffffff</textcolor>
			<label>Cerrar Guía</label>
			<visible>true</visible>
        </control>

        <control type="button" id="7001"><!-- Settings -->
            <onclick>ActivateWindow(Favourites)</onclick>
            <posx>10</posx>
            <posy>500</posy>
            <width>280</width>
            <height>40</height>
            <texturefocus colordiffuse="FF12A0C7" border="2">whiteHeader70.png</texturefocus>
			<texturenofocus></texturenofocus>
            <onup>4004</onup>
            <ondown>7003</ondown>
            <onleft></onleft>
            <onright></onright>
            <align>left</align>
            <aligny>center</aligny>
            <font>font13</font>
            <textcolor>ffffffff</textcolor>
			<label>Favoritos</label>
			<visible>true</visible>
        </control>

        <control type="button" id="7003"><!-- Settings -->
            <onclick>ActivateWindow(10111)</onclick>
            <posx>10</posx>
            <posy>540</posy>
            <width>280</width>
            <height>40</height>
            <texturefocus colordiffuse="FF12A0C7" border="2">whiteHeader70.png</texturefocus>
			<texturenofocus></texturenofocus>
            <onup>7001</onup>
            <ondown>9000</ondown>
            <onleft></onleft>
            <onright></onright>
            <align>left</align>
            <aligny>center</aligny>
            <font>font13</font>
            <textcolor>ffffffff</textcolor>
			<label>Cerrar Kodi</label>
			<visible>true</visible>
        </control>
	</control>

		<control type="panel" id="9000">
            <posx>7</posx>
            <posy>65</posy>
            <width>300</width>
            <height>50</height>
            <viewtype label="list">list</viewtype>
            <orientation>horizontal</orientation>
            <focusposition>0</focusposition>
            <onup>7003</onup>
            <ondown>4001</ondown>

            <itemlayout width="60" height="50">
                <control type="image"> <!-- Focus Image -->
                    <posx>5</posx>
                    <posy>5</posy>
                    <width>40</width>
                    <height>40</height>
                    <texture diffuse="whitemask.png">$INFO[ListItem.Icon]</texture>
				    <aspectratio>false</aspectratio>
                </control>
                <control type="label"> <!-- Focus Label -->
                    <posx>5</posx>
                    <posy>158</posy>
                    <width>250</width>
                    <height>30</height>
                    <align>left</align>
                    <font>font12</font>
                    <textcolor>ffffffff</textcolor>
                    <label>$INFO[ListItem.Label]</label>
			        <visible>false</visible>
                </control>
            </itemlayout>

            <focusedlayout width="60" height="50">
                <control type="image"> <!-- Focus Image -->
                    <posx>0</posx>
                    <posy>0</posy>
                    <width>50</width>
                    <height>50</height>
                    <texture colordiffuse="FF12A0C7">whitemask.png</texture>
                </control>
                <control type="image"> <!-- Focus Image -->
                    <posx>5</posx>
                    <posy>5</posy>
                    <width>40</width>
                    <height>40</height>
                    <texture diffuse="whitemask.png">$INFO[ListItem.Icon]</texture>
				    <aspectratio>false</aspectratio>
                </control>
                <control type="label"> <!-- Focus Label -->
                    <posx>5</posx>
                    <posy>158</posy>
                    <width>250</width>
                    <height>30</height>
                    <align>left</align>
                    <font>font12</font>
                    <textcolor>ffffffff</textcolor>
                    <label>[B]$INFO[ListItem.Label][/B]</label>
			        <visible>false</visible>
                </control>
            </focusedlayout>

				<content>
				    <item>
						<label>$INFO[Control.GetLabel(31011)]</label>
						<onclick>SendClick(30011)</onclick>
                 <icon>$INFO[Control.GetLabel(32011)]</icon>
					</item>

					<item>
						<label>$INFO[Control.GetLabel(31012)]</label>
						<onclick>SendClick(30012)</onclick>
                 <icon>$INFO[Control.GetLabel(32012)]</icon>
					</item>

					<item>
						<label>$INFO[Control.GetLabel(31013)]</label>
						<onclick>SendClick(30013)</onclick>
                 <icon>$INFO[Control.GetLabel(32013)]</icon>
					</item>

					<item>
						<label>$INFO[Control.GetLabel(31014)]</label>
						<onclick>SendClick(30014)</onclick>
                 <icon>$INFO[Control.GetLabel(32014)]</icon>
					</item>

					<item>
						<label>$INFO[Control.GetLabel(31015)]</label>
						<onclick>SendClick(30015)</onclick>
                 <icon>$INFO[Control.GetLabel(32015)]</icon>
					</item>

					<item>
						<label>$INFO[Control.GetLabel(31016)]</label>
						<onclick>SendClick(30016)</onclick>
                 <icon>$INFO[Control.GetLabel(32016)]</icon>
					</item>

					<item>
						<label>$INFO[Control.GetLabel(31017)]</label>
						<onclick>SendClick(30017)</onclick>
                 <icon>$INFO[Control.GetLabel(32017)]</icon>
					</item>

					<item>
						<label>$INFO[Control.GetLabel(31018)]</label>
						<onclick>SendClick(30018)</onclick>
                 <icon>$INFO[Control.GetLabel(32018)]</icon>
					</item>
	
					<item>
						<label>$INFO[Control.GetLabel(31019)]</label>
						<onclick>SendClick(30019)</onclick>
                 <icon>$INFO[Control.GetLabel(32019)]</icon>
					</item>

					<item>
						<label>$INFO[Control.GetLabel(31020)]</label>
						<onclick>SendClick(30020)</onclick>
                 <icon>$INFO[Control.GetLabel(32020)]</icon>
					</item>				

				</content>
			</control>

			<control type="button" id="30011"><!-- shortcut1 -->
				<visible>false</visible>
			</control>

			<control type="label" id="31011"><!-- Shortcut1 Title -->
				<visible>false</visible>
			</control>

			<control type="image" id="32011"><!-- Shortcut1 image -->
				<visible>false</visible>
			</control>

			<control type="button" id="30012"><!-- shortcut 2 -->
				<visible>false</visible>
			</control>

			<control type="label" id="31012"><!-- Shortcut2 Title -->
				<visible>false</visible>
			</control>

			<control type="image" id="32012"><!-- Shortcut2 image -->
				<visible>false</visible>
			</control>

			<control type="button" id="30013"><!-- shortcut 3 -->
				<visible>false</visible>
			  </control>

			<control type="label" id="31013"><!-- Shortcut3 Title -->
				<visible>false</visible>
			</control>

			<control type="image" id="32013"><!-- Shortcut3 image -->
				<visible>false</visible>
			</control>
			
			<control type="button" id="30014"><!-- shortcut 4 -->
				<visible>false</visible>
			</control>

			<control type="label" id="31014"><!-- Shortcut4 Title -->
				<visible>false</visible>
			</control>

			<control type="image" id="32014"><!-- Shortcut4 image -->
				<visible>false</visible>
			</control>

			<control type="button" id="30015"><!-- shortcut 5-->
				<visible>false</visible>
			</control>

			<control type="label" id="31015"><!-- Shortcut5 Title -->
				<visible>false</visible>
			</control>

			<control type="image" id="32015"><!-- Shortcut5 image -->
				<visible>false</visible>
			</control>

			<control type="button" id="30016"><!-- shortcut 6 -->
				<visible>false</visible>
			</control>

			<control type="label" id="31016"><!-- Shortcut6 Title -->
				<visible>false</visible>
			</control>

			<control type="image" id="32016"><!-- Shortcut6 image -->
				<visible>false</visible>
			</control>
			
			<control type="button" id="30017"><!-- shortcut 7 -->
				<visible>false</visible>
			</control>

			<control type="label" id="31017"><!-- Shortcut7 Title -->
				<visible>false</visible>
			</control>

			<control type="image" id="32017"><!-- Shortcut7 image -->
				<visible>false</visible>
			</control>
			
			<control type="button" id="30018"><!-- shortcut8 -->
				<visible>false</visible>
			</control>

			<control type="label" id="31018"><!-- Shortcut8 Title -->
				<visible>false</visible>
			</control>

			<control type="image" id="32018"><!-- Shortcut8 image -->
				<visible>false</visible>
			</control>
			
			<control type="button" id="30019"><!-- shortcut 9 -->
				<visible>false</visible>
			</control>

			<control type="label" id="31019"><!-- Shortcut9 Title -->
				<visible>false</visible>
			</control>

			<control type="image" id="32019"><!-- Shortcut9 image -->
				<visible>false</visible>
			</control>
			
			<control type="button" id="30020"><!-- shortcut10 -->
				<visible>false</visible>
			</control>

			<control type="label" id="31020"><!-- Shortcut10 Title -->
				<visible>false</visible>
			</control>

			<control type="image" id="32020"><!-- Shortcut10 image -->
				<visible>false</visible>
			</control>
		</control>
	</controls>
</window>
