<?xml version="1.0" encoding="utf-8"?>
<window type="dialog">
	<allowoverlay>no</allowoverlay>
	<defaultcontrol always="true">9001</defaultcontrol>
	<coordinates>
		<system>1</system>
		<posx>0</posx>
		<posy>0</posy>
	</coordinates>
	<animation effect="slide" start="-412,0" end="0,0" time="500">WindowOpen</animation>
	<animation effect="slide" start="0,0" end="-412,0" time="500">WindowClose</animation>
    <controls>



			<control type="image">
				<posx>0</posx>
				<posy>0</posy>
				<width>350</width>
				<height>720</height>
		      <texture>panel-menu.png</texture>
			</control>


			<control type="image">
				<posx>0</posx>
				<posy>0</posy>
				<width>350</width>
				<height>720</height>
		      <texture>panel-menu.png</texture>
			</control>

			<control type="label">
                <description>title</description>
                <posx>5</posx>
                <posy>15</posy>
                <width>500</width>
                <height>30</height>
                <textcolor>FF12A0C7</textcolor>
                <font>font12</font>
				<align>left</align>
                <aligny>center</aligny>
				<label>[B]Herramientas[/B]</label>
			</control>

			<control type="label">
                <description>title</description>
                <posx>300</posx>
                <posy>15</posy>
                <width>200</width>
                <height>30</height>
                <textcolor>FF12A0C7</textcolor>
                <font>font12</font>
				<align>right</align>
                <aligny>center</aligny>
				<label>[COLOR FFA0A0A0][B]$INFO[Container(9001).ListItem.Label][/B][/COLOR]</label>
			        <visible>Control.HasFocus(9001)</visible>
			</control>

			<control type="label">
                <description>title</description>
                <posx>5</posx>
                <posy>145</posy>
                <width>500</width>
                <height>30</height>
                <textcolor>FF12A0C7</textcolor>
                <font>font12</font>
				<align>left</align>
                <aligny>center</aligny>
				<label>[B]Opciones Ivue[/B]</label>
			</control>

			<control type="image">
				<posx>65</posx>
				<posy>660</posy>
				<width>170</width>
				<height>40</height>
		      <texture>iVuetvguide.png</texture>
			</control>
			
		<control type="button"><!-- Exit -->
            <posx>65</posx>
            <posy>660</posy>
            <width>170</width>
            <height>40</height>
            <texturefocus></texturefocus>
			<texturenofocus></texturenofocus>
            <onclick>Back</onclick>
			<label></label>
		</control>

			<control type="panel" id="9001">
            <posx>15</posx>
            <posy>65</posy>
            <width>350</width>
            <height>50</height>
            <viewtype label="list">list</viewtype>
            <orientation>horizontal</orientation>
            <focusposition>0</focusposition>
            <onup>7003</onup>
            <ondown>2001</ondown>

            <itemlayout condition="!Player.HasMedia" width="105" height="50">
                <control type="image"> <!-- Focus Image -->
                    <posx>0</posx>
                    <posy>0</posy>
                    <width>50</width>
                    <height>50</height>
                    <texture diffuse="whitemask.png">$INFO[ListItem.Icon]</texture>
				         <aspectratio>false</aspectratio>
                </control>

                <control type="label"> <!-- Focus Label -->
                    <posx>5</posx>
                    <posy>158</posy>
                    <width>250</width>
                    <height>30</height>
                    <align>left</align>
                    <font>font12</font>
                    <textcolor>ffffffff</textcolor>
                    <label>$INFO[ListItem.Label]</label>
			           <visible>false</visible>
                </control>
            </itemlayout>

            <focusedlayout condition="!Player.HasMedia" width="105" height="50">

                <control type="image"> <!-- Focus Image -->
                    <posx>5</posx>
                    <posy>5</posy>
                    <width>40</width>
                    <height>40</height>
                    <texture colordiffuse="FF12A0C7">whitemask.png</texture>
                </control>
                <control type="image"> <!-- Focus Image -->
                    <posx>0</posx>
                    <posy>0</posy>
                    <width>50</width>
                    <height>50</height>
                    <texture diffuse="whitemask.png">$INFO[ListItem.Icon]</texture>
				         <aspectratio>false</aspectratio>
                </control>


                <control type="label"> <!-- Focus Label -->
                    <posx>5</posx>
                    <posy>158</posy>
                    <width>250</width>
                    <height>30</height>
                    <align>left</align>
                    <font>font12</font>
                    <textcolor>ffffffff</textcolor>
                    <label>[B]$INFO[ListItem.Label][/B]</label>
			            <visible>false</visible>
                </control>
            </focusedlayout>

            <itemlayout condition="Player.HasMedia" width="77" height="50">
                <control type="image"> <!-- Focus Image -->
                    <posx>0</posx>
                    <posy>0</posy>
                    <width>50</width>
                    <height>50</height>
                    <texture diffuse="whitemask.png">$INFO[ListItem.Icon]</texture>
				         <aspectratio>false</aspectratio>
                </control>

                <control type="label"> <!-- Focus Label -->
                    <posx>5</posx>
                    <posy>158</posy>
                    <width>250</width>
                    <height>30</height>
                    <align>left</align>
                    <font>font12</font>
                    <textcolor>ffffffff</textcolor>
                    <label>$INFO[ListItem.Label]</label>
			           <visible>false</visible>
                </control>
            </itemlayout>

            <focusedlayout condition="Player.HasMedia" width="77" height="50">

                <control type="image"> <!-- Focus Image -->
                    <posx>5</posx>
                    <posy>5</posy>
                    <width>40</width>
                    <height>40</height>
                    <texture colordiffuse="FF12A0C7">whitemask.png</texture>
                </control>
                <control type="image"> <!-- Focus Image -->
                    <posx>0</posx>
                    <posy>0</posy>
                    <width>50</width>
                    <height>50</height>
                    <texture diffuse="whitemask.png">$INFO[ListItem.Icon]</texture>
				         <aspectratio>false</aspectratio>
                </control>


                <control type="label"> <!-- Focus Label -->
                    <posx>5</posx>
                    <posy>158</posy>
                    <width>250</width>
                    <height>30</height>
                    <align>left</align>
                    <font>font12</font>
                    <textcolor>ffffffff</textcolor>
                    <label>[B]$INFO[ListItem.Label][/B]</label>
			            <visible>false</visible>
                </control>
            </focusedlayout>

				<content>
					<item>
						<label>Salir</label>
						<label2></label2>
                 <icon>buttonicons/power.png</icon>
						<onclick>SendClick(2000)</onclick>
					</item>
				    <item>
						<label>Stop</label>
						<onclick>SendClick(2007)</onclick>
                 <icon>buttonicons/stop.png</icon>
			        <visible>Player.HasMedia</visible>
					</item>
				    <item>
						<label>Buscar</label>
						<onclick>SendClick(2002)</onclick>
                 <icon>buttonicons/searchivue.png</icon>
					</item>
				    <item>
						<label>Herramientas Ivue</label>
						<onclick>SendClick(2006)</onclick>
                 <icon>buttonicons/settings.png</icon>
					</item>
				</content>
			</control>



        <control type="button" id="2000"><!-- Exit -->
            <posx>-680</posx>
            <posy>240</posy>
            <width>170</width>
            <height>170</height>
            <texturefocus>buttomicons/power_focus.png</texturefocus>
			<texturenofocus>buttomicons/power.png</texturenofocus>
            <onup></onup>
            <ondown>2007</ondown>
            <onleft>2006</onleft>
            <onright>2005</onright>
			<label></label>
			<visible>false</visible>
			<font>font13</font>
		</control>

        <control type="label" id="31011"><!-- Exit title -->
            <posx>-678</posx>
            <posy>380</posy>
            <width>166</width>
            <height>30</height>
            <align>center</align>
            <aligny>center</aligny>
            <font>font13</font>
            <textcolor>ffffffff</textcolor>
            <visible>false</visible>
			<label>Cerrar Guía</label>
        </control>

        <control type="button" id="2001"><!-- categories -->
            <posx>10</posx>
            <posy>180</posy>
            <width>250</width>
            <height>40</height>
            <texturefocus>tvguide-program-grey-focus.png</texturefocus>
			<texturenofocus></texturenofocus>
            <onup>9001</onup>
            <ondown>2003</ondown>
            <textcolor>ffffffff</textcolor>
            <focusedcolor>ffffffff</focusedcolor>
			<label>Categorías</label>
			<font>font13</font>
			<align>left</align>
		</control>

        <control type="button" id="2002"><!-- search -->
            <posx>-140</posx>
            <posy>240</posy>
            <width>170</width>
            <height>170</height>
            <texturefocus>searchbutton_focus.png</texturefocus>
			<texturenofocus>searchbutton.png</texturenofocus>
            <onup></onup>
            <ondown>2007</ondown>
            <onleft>2001</onleft>
            <onright>2003</onright>
			<label></label>
			    <visible>false</visible>
		</control>



        <control type="button" id="2003"><!-- planner -->
            <left>10</left>
            <posy>220</posy>
            <width>250</width>
            <height>40</height>
            <texturefocus>tvguide-program-grey-focus.png</texturefocus>
			<texturenofocus></texturenofocus>
            <onup>2001</onup>
            <ondown>2004</ondown>
			<label>Mi Programación</label>
			<textcolor>ffffffff</textcolor>
            <focusedcolor>ffffffff</focusedcolor>
			<font>font13</font>
			<align>left</align>
		</control>

		
        <control type="button" id="2004"><!-- Schedule -->
            <posx>10</posx>
            <posy>260</posy>
            <width>250</width>
            <height>40</height>
            <texturefocus>tvguide-program-grey-focus.png</texturefocus>
			<texturenofocus></texturenofocus>
            <onup>2003</onup>
            <ondown>2005</ondown>
			<label>Horario Progamas</label>
			<textcolor>ffffffff</textcolor>
            <focusedcolor>ffffffff</focusedcolor>
			<font>font13</font>
			<align>left</align>
		</control>


        <control type="button" id="2005"><!-- info-->
            <left>10</left>
            <top>300</top>
            <width>250</width>
            <height>40</height>
            <texturefocus>tvguide-program-grey-focus.png</texturefocus>
			<texturenofocus></texturenofocus>
            <onup>2004</onup>
            <ondown>9001</ondown>
			<label>Horario Deportes</label>
			<textcolor>ffffffff</textcolor>
            <focusedcolor>ffffffff</focusedcolor>
			<font>font13</font>
			<align>left</align>
        </control>


        <control type="button" id="2006"><!-- tools -->
            <posx>400</posx>
            <posy>240</posy>
            <width>170</width>
            <height>170</height>
            <texturefocus>toolsbutton_focus.png</texturefocus>
			<texturenofocus>toolsbutton.png</texturenofocus>
            <onup></onup>
            <ondown>2007</ondown>
            <onleft>2004</onleft>
            <onright>2000</onright>
			<label>$ADDON[script.ivueguide 80005]</label>
				<visible>false</visible>
		</control>


        <control type="button" id="2007"><!-- Stop button -->
            <posx>-175</posx>
            <posy>420</posy>
            <width>226</width>
            <height>30</height>
            <align>center</align>
            <aligny>center</aligny>
            <texturefocus>tvguide-program-grey-focus.png</texturefocus>
			<texturenofocus></texturenofocus>
            <onup>2000</onup>
            <ondown>2000</ondown>
            <onleft>2000</onleft>
            <onright>2000</onright>
			<visible>false</visible>
        </control>


	</controls>
</window>
