<?xml version="1.0" encoding="utf-8"?>
<window type="dialog">
    <allowoverlay>no</allowoverlay>
    <defaultcontrol always="false">4000</defaultcontrol>
    <coordinates>
        <system>1</system>
        <posx>0</posx>
        <posy>0</posy>
    </coordinates>

    <controls>
        <control type="button">
            <description>Invisible background button back</description>
            <posx>0</posx>
            <posy>0</posy>
            <width>1280</width>
            <height>720</height>
            <texturefocus></texturefocus>
            <texturenofocus></texturenofocus>
            <onclick>back</onclick>
        </control>

        <control type="group">
            <description>Program Window</description>
            <posx>100</posx>
            <posy>42</posy>
            <width>1080</width>
            <height>664</height>
            <animation effect="fade" start="0" end="100" time="0">VisibleChange</animation>

            <control type="image">
                <description>program background</description>
                <posx>0</posx>
                <posy>0</posy>
                <width>1080</width>
                <height>650</height>
                <aspectratio>stretch</aspectratio>
                <texture colordiffuse="FF074a5a">backgroundinfo.png</texture>
            </control>

            <control type="image">
                <description>iVue logo</description>
                <posx>830</posx>
                <posy>210</posy>
                <width>125</width>
                <height>125</height>
                <aspectratio>keep</aspectratio>
                <align> centre</align>
                <fadetime>500</fadetime>
                <texture>iVuetvguide-logo.png</texture>
 
            </control>

            <control type="image" id="4100">
                <description>channel logo</description>
                <posx>905</posx>
                <posy>37</posy>
                <width>160</width>
                <height>80</height>
                <aspectratio>keep</aspectratio>
                <colordiffuse>white</colordiffuse>
                <visible>false</visible>
            </control>

            <control type="image" id="7002">
                <description>Loading/Programme image</description>
                <posx>15</posx>
                <posy>12</posy>
                <width>200</width>
                <height>100</height>
                <aspectratio>keep</aspectratio>
                <texture>iVuetvguide.gif</texture>
            </control>

            <control type="label" id="4101">
                <description>channel title</description>
                <posx>300</posx>
                <posy>30</posy>
                <width>180</width>
                <height>40</height>
                <textcolor>ffffffff</textcolor>
                <font>font14_bold</font>
                <align>left</align>
                <visible>String.IsEqual(Control.GetLabel(4100),)</visible>
            </control>

            <control type="label" id="4102">
                <description>Program title</description>
                <posx>240</posx>
                <posy>32</posy>
                <width>620</width>
                <height>30</height>
                <label></label>
                <textcolor>ffffffff</textcolor>
                <font>TVGuide35</font>
                <scroll>true</scroll>
                <autoscroll time="3600" delay="1000" repeat="6000">true</autoscroll>
                <visible>true</visible>
            </control>

            <control type="label" id="7001">
                <description>Program season/episode</description>
                <posx>240</posx>
                <posy>62</posy>
                <width>710</width>
                <height>40</height>
                <textcolor>ffffffff</textcolor>
                <font>font13</font>
                <label>Cargando Datos</label>
                <scroll>true</scroll>
                <autoscroll time="3600" delay="1000" repeat="6000">true</autoscroll>
                <visible>true</visible>
            </control>

            <control type="label" id="77003">
                <description>program date and endtime</description>
                <posx>1045</posx>
                <posy>6</posy>
                <width>238</width>
                <height>30</height>
                <label></label>
                <textcolor>ffffffff</textcolor>
                <font>font13</font>
                <align>right</align>
            </control>

            <control type="image">
                <description>title separator</description>
                <posx>240</posx>
                <posy>108</posy>
                <width>828</width>
                <height>2</height>
                <texture>main.png</texture>
                <aspectratio>scale</aspectratio>
            </control>
            <control type="image">
                <description>title separator</description>
                <posx>240</posx>
                <posy>108</posy>
                <width>828</width>
                <height>2</height>
                <texture>tvguide-program-grey.png</texture>
                <aspectratio>scale</aspectratio>
            </control>

            <control type="label" id="7003">
                <description>program plot label</description>
                <left>30</left>
                <posy>130</posy>
                <width>238</width>
                <height>30</height>
                <label></label>
                <textcolor>ffffffff</textcolor>
                <font>font13</font>
                <align>left</align>
                <visible>true</visible>
            </control>

            <control type="textbox" id="77000">
                <description>Program description</description>
                <posx>30</posx>
                <posy>170</posy>
                <width>690</width>
                <height>310</height>
                <label></label>
                <textcolor>ffffffff</textcolor>
                <font>font13</font>
                <wrapmultiline>true</wrapmultiline>
                <autoscroll time="3600" delay="20000" repeat="6000">true</autoscroll>
            </control>

            <control type="label" id="7004">
                <description>series plot label</description>
                <left>30</left>
                <posy>310</posy>
                <width>238</width>
                <height>30</height>
                <label></label>
                <textcolor>ffffffff</textcolor>
                <font>font13</font>
                <align>left</align>
                <visible>true</visible>
            </control>

            <control type="textbox" id="77001">
                <description>series description</description>
                <posx>30</posx>
                <posy>350</posy>
                <width>690</width>
                <height>150</height>
                <label></label>
                <textcolor>ffffffff</textcolor>
                <font>font13</font>
                <wrapmultiline>true</wrapmultiline>
                <autoscroll time="3600" delay="20000" repeat="6000">true</autoscroll>
            </control>

            <control type="image" id="7005">
                <description>program poster</description>
                <posx>767</posx>
                <posy>145</posy>
                <width>270</width>
                <height>324</height>
                <texture></texture>
                <aspectratio align="center" aligny="top"></aspectratio>
                <visible>true</visible>
            </control>

            <control type="image">
                <description>postercase</description>
                <posx>755</posx>
                <posy>109</posy>
                <width>308</width>
                <height>377</height>
                <texture>poster-case.png</texture>
                <aspectratio></aspectratio>
            </control>

            <control type="image">
                <description>plot separator</description>
                <posx>14</posx>
                <posy>525</posy>
                <width>1052</width>
                <height>2</height>
                <texture>main.png</texture>
                <aspectratio>scale</aspectratio>
            </control>
            <control type="image">
                <description>plot separator</description>
                <posx>14</posx>
                <posy>525</posy>
                <width>1052</width>
                <height>2</height>
                <texture>tvguide-program-grey.png</texture>
                <aspectratio>scale</aspectratio>
            </control>
            <control type="grouplist">
                <description>Director group</description>
                <posx>30</posx>
                <posy>535</posy>
                <width>900</width>
                <height>30</height>
                <orientation>horizontal</orientation>
                <align>left</align>

                <control type="label">
                    <description>DirectorLabel</description>
                    <posx>30</posx>
                    <posy>530</posy>
                    <width>auto</width>
                    <height>30</height>
                    <textcolor>ffffffff</textcolor>
                    <font>font13</font>
                    <label>[B]DIRECTOR:[/B]</label>
                    <scroll>true</scroll>
                    <autoscroll time="3600" delay="1000" repeat="6000">true</autoscroll>
                    <visible>true</visible>
                </control>

                <control type="label" id="4106">
                    <description>Director</description>
                    <posx>240</posx>
                    <posy>530</posy>
                    <width>auto</width>
                    <height>30</height>
                    <textcolor>ffffffff</textcolor>
                    <font>font13</font>
                    <label>Cargando</label>
                    <scroll>true</scroll>
                    <autoscroll time="3600" delay="1000" repeat="6000">true</autoscroll>
                    <visible>true</visible>
                </control>
            </control>
 
            <control type="grouplist">
                <description>cast group</description>
                <posx>30</posx>
                <posy>565</posy>
                <width>900</width>
                <height>30</height>
                <orientation>horizontal</orientation>
                <align>left</align>

                <control type="label">
                    <description>CastLabel</description>
                    <posx>30</posx>
                    <posy>560</posy>
                    <width>auto</width>
                    <height>30</height>
                    <textcolor>ffffffff</textcolor>
                    <font>font13</font>
                    <label>[B]CAST:[/B]</label>
                    <scroll>true</scroll>
                    <autoscroll time="3600" delay="1000" repeat="6000">true</autoscroll>
                    <visible>true</visible>
                </control>

                <control type="label" id="4107">
                    <description>cast</description>
                    <posx>240</posx>
                    <posy>560</posy>
                    <width>auto</width>
                    <height>30</height>
                    <textcolor>ffffffff</textcolor>
                    <font>font13</font>
                    <label>Cargando</label>
                    <scroll>true</scroll>
                    <autoscroll time="3600" delay="1000" repeat="6000">true</autoscroll>
                    <visible>true</visible>
                </control>
            </control>
 
            <control type="grouplist">
                <description>genre group</description>
                <posx>30</posx>
                <posy>595</posy>
                <width>900</width>
                <height>30</height>
                <orientation>horizontal</orientation>
                <align>left</align>

                <control type="label">
                    <description>genres label</description>
                    <posx>30</posx>
                    <posy>590</posy>
                    <width>auto</width>
                    <height>30</height>
                    <textcolor>ffffffff</textcolor>
                    <font>font13</font>
                    <label>[B]GÉNERO:[/B]</label>
                    <scroll>true</scroll>
                    <autoscroll time="3600" delay="1000" repeat="6000">true</autoscroll>
                    <visible>true</visible>
                </control>

                <control type="label" id="4108">
                    <description>genres</description>
                    <posx>240</posx>
                    <posy>590</posy>
                    <width>auto</width>
                    <height>30</height>
                    <textcolor>ffffffff</textcolor>
                    <font>font13</font>
                    <label>Cargando</label>
                    <scroll>true</scroll>
                    <autoscroll time="3600" delay="1000" repeat="6000">true</autoscroll>
                    <visible>true</visible>
                </control>
            </control>
 
            <control type="grouplist">
                <description>certificate group</description>
                <posx>750</posx>
                <posy>535</posy>
                <width>300</width>
                <height>30</height>
                <orientation>horizontal</orientation>
                <align>left</align>

                <control type="label">
                    <description>certificate label</description>
                    <posx>30</posx>
                    <posy>530</posy>
                    <width>auto</width>
                    <height>30</height>
                    <textcolor>ffffffff</textcolor>
                    <font>font13</font>
                    <label>[B]CERTIFICADO:[/B]</label>
                    <scroll>true</scroll>
                    <autoscroll time="3600" delay="1000" repeat="6000">true</autoscroll>
                    <visible>true</visible>
                </control>

                <control type="label" id="4109">
                    <description>certificate</description>
                    <posx>240</posx>
                    <posy>530</posy>
                    <width>auto</width>
                    <height>30</height>
                    <textcolor>ffffffff</textcolor>
                    <font>font13</font>
                    <label>Cargando</label>
                    <scroll>true</scroll>
                    <autoscroll time="3600" delay="1000" repeat="6000">true</autoscroll>
                    <visible>true</visible>
                </control>
            </control> 

            <control type="grouplist">
                <description>rating group</description>
                <posx>750</posx>
                <posy>565</posy>
                <width>300</width>
                <height>30</height>
                <orientation>horizontal</orientation>
                <align>left</align>

                <control type="label">
                    <description>rating</description>
                    <posx>30</posx>
                    <posy>560</posy>
                    <width>auto</width>
                    <height>30</height>
                    <textcolor>ffffffff</textcolor>
                    <font>font13</font>
                    <label>[B]RATING:[/B]</label>
                    <scroll>true</scroll>
                    <autoscroll time="3600" delay="1000" repeat="6000">true</autoscroll>
                    <visible>true</visible>
                </control>

                <control type="label" id="4110">
                    <description>rating</description>
                    <posx>240</posx>
                    <posy>560</posy>
                    <width>auto</width>
                    <height>30</height>
                    <textcolor>ffffffff</textcolor>
                    <font>font13</font>
                    <label>Cargando</label>
                    <scroll>true</scroll>
                    <autoscroll time="3600" delay="1000" repeat="6000">true</autoscroll>
                    <visible>true</visible>
                </control>
            </control> 

            <control type="grouplist">
                <description>runtime group</description>
                <posx>750</posx>
                <posy>595</posy>
                <width>300</width>
                <height>30</height>
                <orientation>horizontal</orientation>
                <align>left</align>

                <control type="label">
                    <description>rumtime label</description>
                    <posx>30</posx>
                    <posy>560</posy>
                    <width>auto</width>
                    <height>30</height>
                    <textcolor>ffffffff</textcolor>
                    <font>font13</font>
                    <label>[B]RUNTIME:[/B]</label>
                    <scroll>true</scroll>
                    <autoscroll time="3600" delay="1000" repeat="6000">true</autoscroll>
                    <visible>true</visible>
                </control>

                <control type="label" id="4103">
                    <description>runtime</description>
                    <posx>240</posx>
                    <posy>560</posy>
                    <width>auto</width>
                    <height>30</height>
                    <textcolor>ffffffff</textcolor>
                    <font>font13</font>
                    <label>Cargando</label>
                    <scroll>true</scroll>
                    <autoscroll time="3600" delay="1000" repeat="6000">true</autoscroll>
                    <visible>true</visible>
                </control>
            </control> 



            <control type="image">
                <description>program image fallback custom</description>
                <posx>756</posx>
                <posy>112</posy>
                <width>292</width>
                <height>248</height>
                <texture>TV_blank.png</texture>
                <aspectratio align="center" aligny="top">keep</aspectratio>
                <visible>true</visible>
            </control>


            <control type="label" id="4103">
                <description>Program Duration</description>
                <posx>758</posx>
                <posy>364</posy>
                <width>292</width>
                <height>40</height>
                <align>right</align>
                <textcolor>ffffffff</textcolor>
                <font>font14</font>
                <visible>false</visible>
            </control>
            <control type="label" id="4104">
                <description>Program Progress Info</description>
                <posx>1045</posx>
                <posy>40</posy>
                <width>292</width>
                <height>30</height>
                <align>right</align>
                <textcolor>ffffffff</textcolor>
                <font>font14</font>                
            </control>
            <control type="progress" id="4105">
                <description>Progress Bar</description>
                <posx>756</posx>
                <posy>75</posy>
                <width>292</width>
                <height>23</height>
                <align>right</align>
                <lefttexture colordiffuse="white">progress_left.png</lefttexture>
                <righttexture colordiffuse="white">progress_right.png</righttexture>
                <texturebg colordiffuse="white">progress_under.png</texturebg>
                <midtexture colordiffuse="white">progress_middle.png</midtexture>
                <visible>IntegerGreaterThan(Control.GetLabel(4105),0)</visible>
            </control>
            <control type="image">
                <description>Current Program Progress Bar Background</description>
                <posx>756</posx>
                <posy>75</posy>
                <width>292</width>
                <height>23</height>
                <align>right</align>
                <texture colordiffuse="white">progress_under.png</texture>
                <aspectratio>stretch</aspectratio>
                <visible>!Control.IsVisible(4105)</visible>
            </control>
            <control type="image">
                <description>Separation Line Bottom</description>
                <posx>30</posx>
                <posy>536</posy>
                <width>1020</width>
                <height>2</height>
                <texture colordiffuse="white">tvg-program-nofocus.png</texture>
                <aspectratio>scale</aspectratio>
            </control>

<!--             <control type="button" id="4015">
                <description>touch close</description>
                <posx>0</posx>
                <posy>0</posy>
                <width>1280</width>
                <height>720</height>
                <texturefocus></texturefocus>
                <texturenofocus></texturenofocus>
                <onup></onup>
                <ondown></ondown>
                <onleft></onleft>
                <align>center</align>
                <aligny>center</aligny>
                <font>font13</font>
                <textcolor>white</textcolor>
                <focusedcolor>ffffffff</focusedcolor>
                <label></label>
                <visible>false</visible>
            </control> -->

<!--             # Invisible Mouse Control Buttons # -->
<!--             # Visible Buttons # -->
            <control type="group">
                <description>Visible Buttons Bottom</description>
                <posx>0</posx>
                <posy>600</posy>
                <width>1080</width>
                <height>44</height>
                <texture>boxmarker.png</texture>

                <control type="button" id="4000">
                    <description>Play Stream</description>
                    <posx>30</posx>
                    <posy>0</posy>
                    <width>32</width>
                    <height>44</height>
                    <texturefocus>buttons/Button darkBlue PlayFO.png</texturefocus>
                    <texturenofocus>buttons/Button darkBlue Play.png</texturenofocus>
                    <aligny>center</aligny>
                    <align>center</align>
                    <onleft>4004</onleft>
                    <onright>4013</onright>
                    <textcolor></textcolor>
                    <focusedcolor></focusedcolor>
                    <font>font13</font>
                    <label>Reproducir</label>
                    <visible>false</visible>
                </control>
                <control type="button" id="4006">
                    <description>Search</description>
                    <posx>148</posx>
                     <posy>0</posy>
                    <width>32</width>
                    <height>44</height>
                    <texturefocus>buttons/Button darkBlue SearchFO.png</texturefocus>
                    <texturenofocus>buttons/Button darkBlue Search.png</texturenofocus>
                    <aligny>center</aligny>
                    <align>center</align>
                    <onleft>4013</onleft>
                    <onright>4005</onright>
                    <textcolor></textcolor>
                    <focusedcolor></focusedcolor>
                    <font>font13</font>
                    <label>Buscar</label>
                    <visible>false</visible>
                </control>
                <control type="button" id="4002">
                    <description>Remind</description>
                    <posx>568</posx>
                    <posy>0</posy>
                    <width>49</width>
                    <height>44</height>
                    <texturefocus>buttons/Button yellow RemindFO.png</texturefocus>
                    <texturenofocus>buttons/Button yellow Remind.png</texturenofocus>
                    <aligny>center</aligny>
                    <align>center</align>
                    <onleft>4008</onleft>
                    <onright>4012</onright>
                    <textcolor></textcolor>
                    <focusedcolor></focusedcolor>
                    <font>font13</font>
                    <label>Recordar</label>
                    <visible>false</visible>
                </control>
                <control type="button" id="4012">
                    <description>Favourites</description>
                    <posx>674</posx>
                    <posy>0</posy>
                    <width>49</width>
                    <height>44</height>
                    <texturefocus>buttons/Button blue FavFO.png</texturefocus>
                    <texturenofocus>buttons/Button blue Fav.png</texturenofocus>
                    <aligny>center</aligny>
                    <align>center</align>
                    <onleft>4002</onleft>
                    <onright>44000</onright>
                    <textcolor></textcolor>
                    <focusedcolor></focusedcolor>
                    <font>font13</font>
                    <label>Favoritos</label>
                    <visible>false</visible>
                </control>
            </control>

        </control>

        <control type="button" id="80002">
            <!-- VIDEO ADDONS -->
            <posx>285</posx>
            <posy>540</posy>
            <width>200</width>
            <height>40</height>
            <texturefocus>tvg-button-focus.png</texturefocus>
            <texturenofocus>tvg-button-nofocus.png</texturenofocus>
            <onup>80001</onup>
            <ondown>4006</ondown>
            <onleft>7004</onleft>
            <align>center</align>
            <aligny>center</aligny>
            <font>font13</font>
            <textcolor>white</textcolor>
            <focusedcolor>ffffffff</focusedcolor>
            <label>$ADDON[script.tvguide.fullscreen 80002]</label>
            <visible>false</visible>
        </control>

    </controls>
</window>
