<?xml version="1.0" encoding="utf-8"?>
<window type="dialog">
    <allowoverlay>no</allowoverlay>
    <defaultcontrol always="false">1000</defaultcontrol>
    <coordinates>
        <system>1</system>
        <posx>0</posx>
        <posy>0</posy>
    </coordinates>

    <controls>

        <control type="image">
            <description>main</description>
            <posx>0</posx>
            <posy>42</posy>
            <width>1280</width>
            <height>720</height>
            <texture>main.png</texture>
            <visible>true</visible>
        </control>
        <control type="image">
            <description>main</description>
            <posx>0</posx>
            <posy>690</posy>
            <width>1280</width>
            <height>30</height>
            <texture>main.png</texture>
            <visible>true</visible>
        </control>
        <control type="image">
            <description>main</description>
            <posx>0</posx>
            <posy>690</posy>
            <width>1280</width>
            <height>30</height>
            <texture>tvguide-program-grey.png</texture>
            <visible>true</visible>
        </control>
        <control type="image">
            <description>main</description>
            <posx>0</posx>
            <posy>70</posy>
            <width>1280</width>
            <height>30</height>
            <texture>main.png</texture>
            <visible>true</visible>
        </control>
        <control type="image">
            <description>main</description>
            <posx>0</posx>
            <posy>70</posy>
            <width>1280</width>
            <height>30</height>
            <texture>tvguide-program-grey.png</texture>
            <visible>true</visible>
        </control>
        <control type="image" id="1007">
            <description>main</description>
            <posx>575</posx>
            <posy>42</posy>
            <width>130</width>
            <height>23</height>
            <aspectratio>keep</aspectratio>
            <visible>true</visible>
        </control>
        <control type="label" id="1001">
            <description>Title</description>
            <left>0</left>
            <top>80</top>
            <width>300</width>
            <height>20</height>
            <font>font13_title</font>
            <textcolor>orange</textcolor>
            <shadowcolor>black</shadowcolor>
            <align></align>
            <aligny>center</aligny>
            <label>Title</label>
            <scroll>true</scroll>
            <visible>false</visible>
        </control>
         <control type="image">
             <description>separator image</description>
             <posx>595</posx>
             <posy>10</posy>
             <width>90</width>
             <height>20</height>
             <aspectratio></aspectratio>
             <fadetime>500</fadetime>
             <texture>$INFO[Container(1002).ListItem.Icon]</texture>
             <visible>false</visible>
         </control>
         <control type="image">
             <description>separator image</description>
             <posx>0</posx>
             <posy>530</posy>
             <width>1280</width>
             <height>35</height>
             <aspectratio></aspectratio>
             <fadetime>500</fadetime>
             <texture>main.png</texture>
             <visible>true</visible>
         </control>
         <control type="image">
             <description>separator image</description>
             <posx>0</posx>
             <posy>530</posy>
             <width>1280</width>
             <height>35</height>
             <aspectratio></aspectratio>
             <fadetime>500</fadetime>
             <texture>tvguide-program-grey.png</texture>
             <visible>true</visible>
         </control>
         <control type="image">
             <description>separator image</description>
             <posx>1</posx>
             <posy>566</posy>
             <width>235</width>
             <height>123</height>
             <aspectratio></aspectratio>
             <fadetime>500</fadetime>
             <texture fallback="tvguide-logo-epg.png">$INFO[Container(1002).ListItem.Property(ProgramImage)]</texture>
         </control>
        <control type="textbox">
            <description>Description</description>
            <left>250</left>
            <top>580</top>
            <width>920</width>
            <height>80</height>
            <textcolor>ffffffff</textcolor>
            <shadowcolor></shadowcolor>
            <font>font13</font>
            <align>left</align>
            <visible>true</visible>
            <wrapmultiline>true</wrapmultiline>
            <autoscroll time="3600" delay="6000" repeat="6000">true</autoscroll>
            <pagecontrol>-</pagecontrol>
            <label fallback="LOADING INFORMATION...">$INFO[Container(1002).ListItem.Property(Plot)]</label>
        </control>
        <control type="grouplist">
            <posx>10</posx>
            <posy>530</posy>
            <width>950</width>
            <height>35</height>
            <orientation>horizontal</orientation>
            <itemgap>60</itemgap>
            <align>left</align>
            <control type="label">
                <description>time label</description>
                 <width min="180" max="400">auto</width>
                <height>35</height>
                <align>left</align>
                <aligny>center</aligny>
                <font>font13</font>
                <textcolor>ffffffff</textcolor>
                <shadowcolor></shadowcolor>
                <label>[B]$INFO[Container(1002).ListItem.Property(Day)] - $INFO[Container(1002).ListItem.Property(StartTime)][/B]</label>
            </control>
            <control type="label">
                 <description>time label</description>
                 <width min="-5" max="520">auto</width>
                 <height>35</height>
                 <align>left</align>
                 <aligny>center</aligny>
                 <font>font13</font>
                 <textcolor>ffffffff</textcolor>
                 <label>[B]$INFO[Container(1002).ListItem.Label][/B]</label>
            </control>
        </control> 
        <control type="label">
            <description>time label</description>
            <posx>1170</posx>
             <posy>530</posy>
             <width min="-5" max="220">auto</width>
             <height>35</height>
             <align>right</align>
             <aligny>center</aligny>
             <font>font13</font>
             <textcolor>ffffffff</textcolor>
             <shadowcolor></shadowcolor>
             <label>[B]Duration: $INFO[Container(1002).ListItem.Property(Duration)][/B]</label>
        </control>
        <control type="button" id="999"><!-- BACK TO GUIDE -->
            <posx>154</posx>
            <posy>690</posy>
            <width>192</width>
            <height>30</height>
            <texturefocus>menubutt_focus.png</texturefocus>
			<texturenofocus></texturenofocus>
            <onup>1002</onup>
            <ondown>1002</ondown>
            <onleft>1004</onleft>
            <onright>1005</onright>
            <align>center</align>
            <aligny>center</aligny>
            <font>tvg_font13</font>
            <textcolor>ffffffff</textcolor>
			<label>TV Guide</label>
			<visible>true</visible>
        </control>
        <control type="button" id="1005"><!-- SportsListings -->
            <posx>347</posx>
            <posy>690</posy>
            <width>192</width>
            <height>30</height>
            <texturefocus>menubutt_focus.png</texturefocus>
			<texturenofocus></texturenofocus>
            <onup>1002</onup>
            <ondown>1002</ondown>
            <onleft>999</onleft>
            <onright>1003</onright>
            <align>center</align>
            <aligny>center</aligny>
            <font>tvg_font13</font>
            <textcolor>ffffffff</textcolor>
            <label>Sports Listings</label>
        </control>
        <control type="button" id="1003"><!-- SEARCH -->
            <posx>540</posx>
            <posy>690</posy>
            <width>192</width>
            <height>30</height>
            <texturefocus>menubutt_focus.png</texturefocus>
			<texturenofocus></texturenofocus>
            <onup>1002</onup>
            <ondown>1002</ondown>
            <onleft>1005</onleft>
            <onright>1006</onright>
            <align>center</align>
            <aligny>center</aligny>
            <font>tvg_font13</font>
            <textcolor>ffffffff</textcolor>
            <label>Search</label>
        </control>
		<control type="button" id="1006"><!-- background1MENU -->
            <posx>733</posx>
            <posy>690</posy>
            <width>192</width>
            <height>30</height>
            <texturefocus>menubutt_focus.png</texturefocus>
			<texturenofocus></texturenofocus>
            <onup>1002</onup>
            <ondown>1002</ondown>
            <onleft>1003</onleft>
            <onright>1004</onright>
            <align>center</align>
            <aligny>center</aligny>
            <font>tvg_font13</font>
            <textcolor>ffffffff</textcolor>
        </control>
        <control type="button" id="1004"><!-- Exit Guide-->
            <posx>926</posx>
            <posy>690</posy>
            <width>192</width>
            <height>30</height>
            <texturefocus>menubutt_focus.png</texturefocus>
			<texturenofocus></texturenofocus>
            <onup>1002</onup>
            <ondown>1002</ondown>
            <onleft>1006</onleft>
            <onright>999</onright>
            <align>center</align>
            <aligny>center</aligny>
            <font>tvg_font13</font>
            <textcolor>ffffffff</textcolor>
			<label>Exit TV Guide</label>
			<visible>true</visible>
        </control>
        <control type="group">
            <description>Program List</description>
            <visible>true</visible>
            <control type="group">
                <left>0</left>
                <top>160</top>
                <control type="label">
                    <description>Channel label</description>
                    <left>45</left>
                    <top>-90</top>
                    <width>180</width>
                    <height>30</height>
                    <font>font13</font>
                    <textcolor>ffffffff</textcolor>
                    <shadowcolor></shadowcolor>
                    <align>left</align>
                    <aligny>center</aligny>
                    <label>[B]Canal[/B]</label>
                    <visible>true</visible>
                </control>
                <control type="label">
                    <description>Time label</description>
                    <left>715</left>
                    <top>-90</top>
                    <width>200</width>
                    <height>30</height>
                    <font>font13</font>
                    <textcolor>ffffffff</textcolor>
                    <shadowcolor></shadowcolor>
                    <align>left</align>
                    <aligny>center</aligny>
                    <label>[B]Día[/B]</label>
                    <visible>true</visible>
                </control>
                <control type="label">
                    <description>Time label</description>
                    <left>917</left>
                    <top>-90</top>
                    <width>200</width>
                    <height>30</height>
                    <font>font13</font>
                    <textcolor>ffffffff</textcolor>
                    <shadowcolor></shadowcolor>
                    <align>left</align>
                    <aligny>center</aligny>
                    <label>[B]Hora[/B]</label>
                    <visible>true</visible>
                </control>
                <control type="label">
                    <description>Length</description>
                    <left>393</left>
                    <top>-90</top>
                    <width>100</width>
                    <height>30</height>
                    <font>font13</font>
                    <textcolor>ffffffff</textcolor>
                    <shadowcolor></shadowcolor>
                    <align>left</align>
                    <aligny>center</aligny>
                    <label>[B]Programa[/B]</label>
                    <visible>true</visible>
                </control>
                <control type="label">
                    <description>Title</description>
                    <left>1090</left>
                    <top>-90</top>
                    <width>550</width>
                    <height>30</height>
                    <font>font13</font>
                    <textcolor>ffffffff</textcolor>
                    <shadowcolor></shadowcolor>
                    <align>left</align>
                    <aligny>center</aligny>
                    <label>[B]Programado[/B]</label>
                    <visible>true</visible>
                </control>
                <control type="image">
                    <description>separator image</description>
                    <left>0</left>
                    <top>50</top>
                    <width>1280</width>
                    <height>1</height>
                    <colordiffuse>88FFFFFF</colordiffuse>
                    <texture>tvg-seperator.png</texture>
                </control>
                <control type="list" id="1002">
                    <viewtype label="19030">list</viewtype>
                    <left>0</left>
                    <top>-55</top>
                    <width>1280</width>
                    <height>400</height>
                    <onup>1003</onup>
                    <ondown>1003</ondown>
                    <onleft>999</onleft>
                    <onright>1004</onright>
                    <pagecontrol>-</pagecontrol>
                    <itemlayout height="51">
                        <control type="image">
                            <left>0</left>
                            <top>0</top>
                            <width>1280</width>
                            <height>49</height>
                            <texture>tvguide-program-grey.png</texture>
                            <visible>true</visible>
                        </control>
                        <control type="image">
                            <left>1010</left>
                            <top>12</top>
                            <width>25</width>
                            <height>25</height>
                            <info>ListItem.Property(Remind)</info>
                            <aligny>center</aligny>
                        </control>
                        <control type="image">
                            <left>25</left>
                            <top>9.5</top>
                            <width>100</width>
                            <height>30</height>
                            <info>ListItem.Icon</info>
                            <aligny>center</aligny>
                        </control>
                        <control type="label">
                            <left>394</left>
                            <top>0</top>
                            <width>240</width>
                            <height>49</height>
                            <font>font13</font>
                            <textcolor>ffffffff</textcolor>
                            <align>left</align>
                            <aligny>center</aligny>
                            <info>ListItem.Label</info>
                        </control>
                        <control type="label">
                            <left>150</left>
                            <top>0</top>
                            <width>215</width>
                            <height>49</height>
                            <font>font13</font>
                            <textcolor>ffffffff</textcolor>
                            <align>left</align>
                            <aligny>center</aligny>
                            <info>ListItem.Property(ChannelName)</info>
                        </control>
                        <control type="label">
                            <left>865</left>
                            <top>0</top>
                            <width>92</width>
                            <height>49</height>
                            <font>font13</font>
                            <textcolor>ffffffff</textcolor>
                            <align>right</align>
                            <aligny>center</aligny>
                            <info>ListItem.Property(StartTime)</info>
                        </control>
                        <control type="label">
                            <left>715</left>
                            <top>0</top>
                            <width>110</width>
                            <height>49</height>
                            <font>font13</font>
                            <textcolor>ffffffff</textcolor>
                            <align>left</align>
                            <aligny>center</aligny>
                            <info>ListItem.Property(Day)</info>
                        </control>
                        <control type="label">
                            <left>1090</left>
                            <top>0</top>
                            <width>170</width>
                            <height>49</height>
                            <font>font13</font>
                            <textcolor>ffffffff</textcolor>
                            <align>left</align>
                            <aligny>center</aligny>
                            <info>ListItem.Property(When)</info>
                        </control>
                        <control type="progress">
                            <left>1175</left>
                            <top>24.5</top>
                            <width>80</width>
                            <height>4</height>
                            <lefttexture />
                            <righttexture />
                            <texturebg >tvg-progress-bg.png</texturebg>
                            <midtexture >tvg-progress-mid.png</midtexture>
                            <info>ListItem.Property(Completed)</info>
                            <visible>ListItem.Property(Completed)</visible>
                        </control>
                    </itemlayout>
                    <focusedlayout height="51">
                        <control type="image">
                            <left>0</left>
                            <top>0</top>
                            <width>1280</width>
                            <height>49</height>
                            <texture>tvguide-program-grey-focus.png</texture>
                            <visible>true</visible>
                        </control>
                        <control type="image">
                            <left>1010</left>
                            <top>12</top>
                            <width>25</width>
                            <height>25</height>
                            <info>ListItem.Property(Remind)</info>
                            <aligny>center</aligny>
                        </control>
                        <control type="image">
                            <left>25</left>
                            <top>9.5</top>
                            <width>100</width>
                            <height>30</height>
                            <info>ListItem.Icon</info>
                            <aligny>center</aligny>
                        </control>
                        <control type="label">
                            <left>394</left>
                            <top>0</top>
                            <width>240</width>
                            <height>49</height>
                            <font>font13</font>
                            <textcolor>white</textcolor>
                            <align>left</align>
                            <aligny>center</aligny>
                            <scroll time="3600" delay="6000" repeat="6000">true</scroll>
                            <info>ListItem.Label</info>
                        </control>
                        <control type="label">
                            <left>150</left>
                            <top>0</top>
                            <width>215</width>
                            <height>49</height>
                            <font>font13</font>
                            <textcolor>white</textcolor>
                            <align>left</align>
                            <aligny>center</aligny>
                            <scroll time="3600" delay="6000" repeat="6000">true</scroll>
                            <info>ListItem.Property(ChannelName)</info>
                        </control>
                        <control type="label">
                            <left>865</left>
                            <top>0</top>
                            <width>92</width>
                            <height>49</height>
                            <font>font13</font>
                            <textcolor>white</textcolor>
                            <align>right</align>
                            <aligny>center</aligny>
                            <info>ListItem.Property(StartTime)</info>
                        </control>
                        <control type="label">
                            <left>715</left>
                            <top>0</top>
                            <width>110</width>
                            <height>49</height>
                            <font>font13</font>
                            <textcolor>white</textcolor>
                            <align>left</align>
                            <aligny>center</aligny>
                            <info>ListItem.Property(Day)</info>
                        </control>
                        <control type="label">
                            <left>1090</left>
                            <top>0</top>
                            <width>170</width>
                            <height>49</height>
                            <font>font13</font>
                            <textcolor>white</textcolor>
                            <align>left</align>
                            <aligny>center</aligny>
                            <info>ListItem.Property(When)</info>
                        </control>
                        <control type="progress">
                            <left>1175</left>
                            <top>24.5</top>
                            <width>80</width>
                            <height>4</height>
                            <lefttexture />
                            <righttexture />
                            <texturebg >tvg-progress-bg.png</texturebg>
                            <midtexture >tvg-progress-mid.png</midtexture>
                            <info>ListItem.Property(Completed)</info>
                            <visible>ListItem.Property(Completed)</visible>
                        </control>
                    </focusedlayout>
                </control>
            </control>
        </control>
    </controls>
</window>