<favourites>
	<favourite name="Music Tube" thumb="special://home/addons\plugin.video.musictube\icon.png">ActivateWindow(10025,&quot;plugin://plugin.video.musictube/?sf_options=fanart%3Dspecial%3A%2F%2Fhome%2Faddons%5Cplugin.video.musictube%5Cfanart.jpg%26meta%3Dlabel%253DMusic%252BTube%26desc%3DMusic+Videos%26_options_sf&quot;,return)</favourite>
	<favourite name="Noise" thumb="special://home/addons\plugin.video.noise\icon.png">ActivateWindow(10025,&quot;plugin://plugin.video.noise?sf_options=fanart%3Dspecial%3A%2F%2Fhome%2Faddons%5Cplugin.video.noise%5Cfanart.jpg%26meta%3Dlabel%253DNoise%26desc%3DAddon+con+millones+de+albumes+de+m%C3%BAsica+para+escuchar%21%26_options_sf&quot;,return)</favourite>
	<favourite name="Musicando" thumb="special://home/addons\plugin.video.musicando\icon.png">ActivateWindow(10502,&quot;plugin://plugin.video.musicando/?content_type=audio&amp;sf_options=fanart%3Dspecial%3A%2F%2Fhome%2Faddons%5Cplugin.video.musicando%5Cfanart.jpg%26meta%3Dlabel%253DMusicando%26desc%3DLos+videos+mas+destacados+de+la+red.%26_options_sf&quot;,return)</favourite>
	<favourite name="Youtube Music" thumb="special://home/addons\plugin.video.spotitube\icon.png">ActivateWindow(10025,&quot;plugin://plugin.video.spotitube?sf_options=fanart%3Dspecial%3A%2F%2Fhome%2Faddons%5Cplugin.video.spotitube%5Cfanart.jpg%26meta%3Dlabel%253DYoutube%252BMusic%26desc%3DChoose+Music+from+different+sources+e.g.+Billboard%2C+iTunes%2C+Spotify+etc.+and+play+it+via+Youtube.%5BCR%5D%5BCR%5DFor+more+information+about+all+new+features+see+-+CHANGELOG.%5BCR%5D+++++TEST+IT+AND+LIKE+IT%26_options_sf&quot;,return)</favourite>
	<favourite name="MP3 Streams" thumb="special://home/addons\plugin.audio.mp3streams\icon.png">ActivateWindow(10502,&quot;plugin://plugin.audio.mp3streams/?sf_options=fanart%3Dspecial%3A%2F%2Fhome%2Faddons%5Cplugin.audio.mp3streams%5Cfanart.jpg%26meta%3Dlabel%253DMP3%252BStreams%26desc%3DBrowse%2C+stream+or+download+your+favourite+songs+and+albums%26_options_sf&quot;,return)</favourite>
	<favourite name="Radio" thumb="special://home/addons\plugin.audio.radio_de\icon.png">ActivateWindow(10502,&quot;plugin://plugin.audio.radio_de/?sf_options=fanart%3Dspecial%3A%2F%2Fhome%2Faddons%5Cplugin.audio.radio_de%5Cfanart.jpg%26meta%3Dlabel%253DRadio%26desc%3DPlugin+de+m%C3%BAsica+para+escuchar+m%C3%A1s+de+7.000+emisoras+de+radio+internacionales+desde+rad.io%2C+radio.de+y+radio.fr.%5BCR%5DCaracter%C3%ADsticas%3A%5BCR%5D-+Traducciones+al+ingl%C3%A9s%2C+alem%C3%A1n%2C+franc%C3%A9s+y+espa%C3%B1ol.%5BCR%5D-+Buscador+de+emisoras+por+ubicaci%C3%B3n%2C+g%C3%A9nero%2C+tema%2C+pa%C3%ADs%2C+ciudad+o+idioma.%5BCR%5D-+Buscador+de+emisoras.%5BCR%5D-+115+g%C3%A9neros%2C+59+temas%2C+94+pa%C3%ADses%2C+1.010+ciudades%2C+63+idiomas.%26_options_sf&quot;,return)</favourite>
</favourites>