<?xml version='1.0' encoding='UTF-8'?>
<shortcuts>
	<shortcut>
		<defaultID />
		<label>34162</label>
		<label2>Ítem Personalizado</label2>
		<icon>defaultaddon.png</icon>
		<thumb />
		<action>RunAddOn(script.ivueguide)</action>
	</shortcut>
	<shortcut>
		<defaultID />
		<label>34160</label>
		<label2>Ítem Personalizado</label2>
		<icon>special://skin/extras/icons/defaultshortcut.png</icon>
		<thumb />
		<action>ActivateWindow(TVGuide)</action>
	</shortcut>
	<shortcut>
		<defaultID />
		<label>34161</label>
		<label2>Ítem Personalizado</label2>
		<icon>defaultaddon.png</icon>
		<thumb />
		<action>ActivateWindow(TVChannels)</action>
	</shortcut>
</shortcuts>