<favourites>
	<favourite name="Gaia" thumb="special://home/addons\plugin.video.gaia\icon.png">ActivateWindow(10025,&quot;plugin://plugin.video.gaia?sf_options=fanart%3Dspecial%3A%2F%2Fhome%2Faddons%5Cplugin.video.gaia%5Cfanart.jpg%26meta%3Dlabel%253DGaia%26desc%3DStream+movies%2C+shows%2C+documentaries%2C+and+short+films+from+a+variety+of+sources%2C+such+as+torrents%2C+usenet%2C+file+hosters%2C+and+video+streaming+services.%26_options_sf&quot;,return)</favourite>
	<favourite name="Fen" thumb="special://home/addons\plugin.video.fen\icon.png">ActivateWindow(10025,&quot;plugin://plugin.video.fen?sf_options=fanart%3Dspecial%3A%2F%2Fhome%2Faddons%5Cplugin.video.fen%5Cfanart.png%26meta%3Dlabel%253DFen%26desc%3DSpecializes+in+Furk+and+Easynews%28web%29+account+access.%0AAlso+provides+external+providers+for+those+without+a+Furk+or+Easynews%28web%29+account.%0APlease+Note%3A+This+add-on+is+NOT+an+Exodus+fork%2C+and+as+such+will+behave+differently+to+an+Exodus+fork.%26_options_sf&quot;,return)</favourite>
	<favourite name="Limitless" thumb="special://home/addons\plugin.video.limitless\icon.png">ActivateWindow(10025,&quot;plugin://plugin.video.limitless?sf_options=fanart%3Dspecial%3A%2F%2Fhome%2Faddons%5Cplugin.video.limitless%5Cfanart.jpg%26meta%3Dlabel%253DLimitless%26desc%3DAll+In+One.%26_options_sf&quot;,return)</favourite>
	<favourite name="Destiny of Deathstar" thumb="special://home/addons\plugin.video.destinyds\icon.png">ActivateWindow(10025,&quot;plugin://plugin.video.destinyds?sf_options=fanart%3Dspecial%3A%2F%2Fhome%2Faddons%5Cplugin.video.destinyds%5Cfanart.jpg%26meta%3Dlabel%253DDestiny%252Bof%252BDeathstar%26desc%3DDestiny+and+Deathstar+have+been+united.+Tweaked+Version+by+DaB.%26_options_sf&quot;,return)</favourite>
	<favourite name="[COLOR orchid]THE CREW[/COLOR]" thumb="special://home/addons\plugin.video.thecrew\icon.png">ActivateWindow(10025,&quot;plugin://plugin.video.thecrew/?sf_options=fanart%3Dspecial%3A%2F%2Fhome%2Faddons%5Cplugin.video.thecrew%5Cfanart.jpg%26meta%3Dlabel%253D%25255BCOLOR%252Borchid%25255DTHE%252BCREW%25255B%25252FCOLOR%25255D%26desc%3DMany+come%2C+Many+go.+The+true+and+dedicated+are+here.%26_options_sf&quot;,return)</favourite>
</favourites>