﻿<?xml version="1.0" encoding="UTF-8" standalone="yes"?>
<addon id="plugin.program.govi.wizard" name="GoVi Wizard" version="24.5.28" provider-name="GoVi">
  <requires>
	<import addon="xbmc.python" version="3.0.0"/>
  </requires>
  <extension point="xbmc.python.pluginsource" library="default.py">
		<provides>executable</provides>
  </extension>
  <extension point="xbmc.addon.metadata">
	<summary lang="en">GoVi Wizard</summary>
	<description lang="es">Wizard para instalar configuracón personalizada de Kodi hecha por GoVi[CR]Addons principalmente en español.[CR]Skin Aeon GoVi[CR]Widgets peronalizados con Autowidget[CR]Y más..</description>
	<platform>all</platform>
	<assets>
		<icon>icon.png</icon>
		<fanart>fanart.jpg</fanart>
	</assets>
  </extension>
</addon>
