<?xml version="1.0" encoding="UTF-8"?>
<window>
	<defaultcontrol always="true">9000</defaultcontrol>
	<onload condition="String.IsEqual(Skin.String(MainMenu.Layout),vertical)">Control.SetHidden(9010)</onload>
	<onload>RunScript(script.skinshortcuts,type=buildxml&amp;mainmenuID=9000&amp;levels=2&amp;group=mainmenu|buttonmenu)</onload>
	<onload condition="System.AddonIsEnabled(script.skinvariables)">RunScript(script.skinvariables,action=buildviews)</onload>
	<onload condition="!Skin.HasSetting(AskedDefaultBackground)">SetProperty(AskDefaultBackground,True,Home)</onload>
	<onload condition="!Skin.HasSetting(AskedDefaultBackground) + !Control.IsVisible(9999)">Skin.TimerStart(askdefaultbackground)</onload>
	<onload condition="System.AddonIsEnabled(script.skin.info.service) + String.IsEmpty(Window(Home).Property(skininfos_daemon_running))">RunScript(script.skin.info.service)</onload>
	<onload condition="!String.IsEmpty(Skin.String(StartupIntro)) + !String.IsEmpty(Window(Home).Property(Playing.StartupIntro))">AlarmClock(Clear_PlayingIntroProp,ClearProperty(Playing.StartupIntro,Home),00:04,silent)</onload>
	<onunload condition="String.IsEqual(Skin.String(MainMenu.Layout),vertical)">Control.SetHidden(9010)</onunload>
	<menucontrol>9051</menucontrol>
	<controls>
		<control type="button" id="64">
			<include>HiddenObject</include>
			<onback>SetFocus(9000)</onback>
			<onleft>SetFocus(9000)</onleft>
			<onright>SetFocus(9000)</onright>
			<onup>SetFocus(9000)</onup>
			<ondown>SetFocus(9000)</ondown>
			<onclick>SetFocus(9000)</onclick>
		</control>
		<include condition="!System.AddonIsEnabled(plugin.video.themoviedb.helper)">HomeFanartLists</include>
		<include condition="System.AddonIsEnabled(plugin.video.themoviedb.helper)">TMDbHelperContentList</include>
		<control type="button" id="9051">
			<include>HiddenObject</include>
			<onfocus condition="Player.HasMedia">ActivateWindow(playercontrols)</onfocus>
			<onfocus condition="!Player.HasMedia">SetFocus(9000)</onfocus>
		</control>
		<include>CommonBackground</include>
		<control type="group">
			<visible allowhiddenfocus="true">[!String.IsEmpty(Skin.String(StartupIntro)) + String.IsEmpty(Window(Home).Property(Playing.StartupIntro))] | String.IsEmpty(Skin.String(StartupIntro))</visible>
			<include>VisibleFadeAnimation</include>
<!--            <include condition="!Skin.HasSetting(Disable.Videoinfo)">NowPlayingVideoWidget</include>-->
            <include condition="!Skin.HasSetting(Disable.Musicinfo)">NowPlayingMusicWidget</include>
			<include>WidgetAnimation</include>
			<include>Widget1</include>
			<include>Widget2</include>
			<include>Widget3</include>
			<include>Widget4</include>
			<include>LiveTVWidget</include>
			<!-- Horizontal Menu -->
			<!-- RSS Feeds -->
			<include condition="!String.IsEqual(Skin.String(MainMenu.Layout),vertical)">HorizontalMenuSystemBars</include>
			<include condition="!String.IsEqual(Skin.String(MainMenu.Layout),vertical)">HorizontalMenu</include>
			<!-- Vertical Menu -->
			<include condition="!String.IsEqual(Skin.String(HorizontalRSSPosition),high) + system.getbool(lookandfeel.enablerssfeeds) + !String.IsEqual(Skin.String(MainMenu.Layout),vertical)">RSSFeed</include>
			<include condition="String.IsEqual(Skin.String(HorizontalRSSPosition),high) + system.getbool(lookandfeel.enablerssfeeds) + !String.IsEqual(Skin.String(MainMenu.Layout),vertical)">RSSFeed2</include>
			<include condition="String.IsEqual(Skin.String(MainMenu.Layout),vertical)">VerticalMenu</include>
			<!-- RSS Feed -->
			<include condition="String.IsEqual(Skin.String(MainMenu.Layout),vertical)">RSSFeedVerticalMenu</include>
			<!-- Fanart Title Widget -->
			<include condition="!Skin.HasSetting(Disable.FanartTitle)">FanartTitle</include>
			<!-- Vertical SubMenu + System Bars -->
			<include condition="String.IsEqual(Skin.String(MainMenu.Layout),vertical)">VerticalSubMenu</include>
			<include condition="String.IsEqual(Skin.String(MainMenu.Layout),vertical)">VerticalMenuSystemBars</include>
		</control>
		<control type="group" id="9999">
			<visible>System.HasAddon(script.skinshortcuts) + [Integer.IsEqual(Container(9000).NumItems,0) | Container(9000).IsUpdating]</visible>
			<control type="image">
				<include>FullscreenDimensions</include>
				<texture>colors/black.png</texture>
			</control>
			<control type="group">
				<control type="label">
					<top>300</top>
					<width>100%</width>
					<height>100</height>
					<align>center</align>
					<font>font_skinversion</font>
					<label>$LOCALIZE[31526]</label>
				</control>
				<control type="fadelabel">
					<top>400</top>
					<width>100%</width>
					<height>100</height>
					<align>center</align>
					<font>font_kodiversion</font>
					<label>$LOCALIZE[31527]</label>
					<label>$LOCALIZE[31527].</label>
					<label>$LOCALIZE[31527]..</label>
					<label>$LOCALIZE[31527]...</label>
					<scrollout>false</scrollout>
					<pauseatend>1000</pauseatend>
				</control>
			</control>
			<control type="image">
				<left>1482</left>
				<top>853</top>
				<width>400</width>
				<height>130</height>
				<aspectratio align="right">keep</aspectratio>
				<texture>aeon_govi_logo.png</texture>
			</control>
			<control type="image">
				<left>82</left>
				<top>840</top>
				<width>356</width>
				<height>120</height>
				<aspectratio align="left">keep</aspectratio>
				<texture>Icons/xbmc-logo.png</texture>
			</control>
		</control>

	<!--- ·Overlay wraplist -->
		<control type="button">
			<animation effect="slide" start= "0,-500" end="0,0" time="200" tween="cubic" easing="inout">WindowOpen</animation>
			<animation effect="slide" start= "0,0" end="0,-500" time="200" tween="cubic" easing="inout">WindowClose</animation>
			<top>55</top>
			<right>0</right>
			<width>1650</width>
			<height>110</height>
			<texturenofocus>homemenu_overlay.png</texturenofocus>
			<texturefocus>homemenu_overlay.png</texturefocus>
			<visible>Window.IsVisible(Home) + !Skin.HasSetting(HorizontalListNavVar)</visible>
		</control>

	<!-- ·Home Buttons -->
		<control type="group" id="9999">
			<top>5</top>
			<left>10</left>
			<width>100%</width>
			<height>50</height>
			<orientation>horizontal</orientation>
			<itemgap>25</itemgap>
			<align>left</align>
			<visible>Control.IsVisible(9000)</visible>
			<control type="button" id="9998">
				<top>10</top>
				<left>5</left>
				<width>56</width>
				<height>56</height>
				<aspectratio>keep</aspectratio>
				<texturefocus>icons/settings_white.png</texturefocus>
				<texturenofocus>icons/kodi_logo_2.png</texturenofocus>
				<onclick>ActivateWindow(Shutdownmenu)</onclick>
				<ondown>9000</ondown>
				<onright>9997</onright>
				<animation effect="slide" start= "0,-500" end="0,0" time="200" tween="cubic" easing="inout">WindowOpen</animation>
				<animation effect="slide" start= "0,0" end="0,-500" time="200" tween="cubic" easing="inout">WindowClose</animation>
			</control>
			<control type="button" id="9997">
				<top>20</top>
				<left>70</left>
				<width>112</width>
				<height>36</height>
				<aspectratio>keep</aspectratio>
				<texturefocus colordiffuse="$VAR[ThemeLabelColor]">icons/kodi_logo_text.png</texturefocus>
				<texturenofocus>icons/kodi_logo_text.png</texturenofocus>
<!--				<onclick>Skin.ToggleDebug</onclick>-->
				<onclick>PlayMedia("plugin://plugin.program.autowidget/?mode=force&amp;refresh=&amp;reload=")</onclick>
<!--				<onclick>ActivateWindow(notification)</onclick>-->
				<ondown>9000</ondown>
				<onleft>9998</onleft>
				<animation effect="slide" start= "0,-500" end="0,0" time="200" tween="cubic" easing="inout">WindowOpen</animation>
				<animation effect="slide" start= "0,0" end="0,-500" time="200" tween="cubic" easing="inout">WindowClose</animation>
			</control>
		</control>
		<control type="button" id="9993">
			<top>1035</top>
			<left>-3</left>
			<width>48</width>
			<height>48</height>
			<texturefocus colordiffuse="$VAR[ThemeLabelColor]">icons/osd/button_down.png</texturefocus>
			<texturenofocus colordiffuse="$VAR[GreyColorVar]">icons/osd/button_down.png</texturenofocus>
			<visible>Window.IsVisible(Home) + [Control.IsVisible(90030) | Control.IsVisible(90040)]</visible>
			<animation effect="fade" start="100" end="0" time="200" condition="Control.HasFocus(9993) | Control.HasFocus(9991) | ControlGroup(90030).HasFocus | ControlGroup(90040).HasFocus">Conditional</animation>
		</control>
		<control type="button" id="9992">
			<top>165</top>
			<left>-3</left>
			<width>48</width>
			<height>48</height>
			<texturefocus colordiffuse="$VAR[ThemeLabelColor]">icons/osd/button_up.png</texturefocus>
			<texturenofocus colordiffuse="$VAR[GreyColorVar]">icons/osd/button_up.png</texturenofocus>
			<visible>Control.HasFocus(9991) | ControlGroup(90030).HasFocus | ControlGroup(90040).HasFocus</visible>
			<animation effect="fade" start="0" end="100" time="200" condition="Control.HasFocus(9991) | ControlGroup(90030).HasFocus | ControlGroup(90040).HasFocus">Conditional</animation>
		</control>
	</controls>
</window>