<?xml version="1.0" encoding="UTF-8"?>
<includes>
	<include name="View_509_MyFlix">
	<onload>Container.Refresh</onload>
		<control type="group">
			<visible>Control.IsVisible(509) + Window.IsVisible(MyVideoNav.xml) + [!Container.Content(addons) | !Container.Content(episodes)]</visible>
			<include>Extra_Fanart_Flix</include>
			<control type="label" id="4447">
				<description>MyFlix Open Case Movies</description>
				<label>$LOCALIZE[31966]</label>
				<include>HiddenObject</include>
				<include condition="!String.IsEmpty(Skin.String(MyFlix.Delay))">MyFlixDelayAnimation</include>
				<animation effect="fade" end="100" time="120" delay="1600">WindowOpen</animation>
				<animation effect="fade" end="100" time="120" delay="1600">Visible</animation>
				<visible>Skin.HasSetting(Enable.MyFlix.OpenCase) + !ListItem.IsCollection + Container.Content(movies)</visible>
			</control>
			<control type="label" id="4448">
				<description>MyFlix Open Case Sets</description>
				<label>$LOCALIZE[31966]</label>
				<include>HiddenObject</include>
				<include condition="!String.IsEmpty(Skin.String(MyFlix.Delay))">MyFlixDelayAnimation</include>
				<animation effect="fade" end="100" time="120" delay="1600">WindowOpen</animation>
				<animation effect="fade" end="100" time="120" delay="1600">Visible</animation>
				<visible>Skin.HasSetting(Enable.MyFlix.OpenCase) + ListItem.IsCollection</visible>
			</control>
			<control type="group">
				<top>-5.5</top>
				<left>-5</left>
				<width>1945</width>
				<height>1092</height>
				<control type="multiimage">
					<fadetime>200</fadetime>
					<imagepath background="true">special://skin/backgrounds/movies</imagepath>
					<timeperimage>4000</timeperimage>
					<pauseatend>2000</pauseatend>
					<randomize>true</randomize>
					<visible>String.IsEmpty(ListItem.Art(fanart)) + Container.Content(movies) + !Control.IsVisible(4449)</visible>
				</control>
				<control type="multiimage">
					<fadetime>200</fadetime>
					<imagepath background="true">special://skin/backgrounds/tvshows</imagepath>
					<timeperimage>4000</timeperimage>
					<pauseatend>2000</pauseatend>
					<randomize>true</randomize>
					<visible>String.IsEmpty(ListItem.Art(fanart)) + Container.Content(tvshows) + [!Control.IsVisible(4449) | !Control.IsVisible(4450)]</visible>
				</control>
				<control type="image">
					<texture>views/myflix/myflix_overlay.png</texture>
					<visible>Control.IsVisible(4449) | Control.IsVisible(4450)</visible>
				</control>
				<control type="image">
					<texture>views/myflix/vignetteFlix.png</texture>
					<visible>!Control.IsVisible(4449) + !Control.IsVisible(4450)</visible>
				</control>
			</control>

		<!-- Title -->
			<control type="group">
				<top>55</top>
				<left>30</left>
				<width>100%</width>
				<height>48</height>
				<control type="label" id="4449">
					<font>font_musicviz</font>
					<scroll>true</scroll>
					<label>$INFO[ListItem.Title]</label>
					<visible>!String.IsEmpty(ListItem.Title)</visible>
				</control>
				<control type="label" id="4450">
					<font>font_musicviz</font>
					<scroll>true</scroll>
					<label>$INFO[ListItem.TvShowTitle]</label>
					<visible>String.IsEmpty(ListItem.Title) + !String.IsEmpty(ListItem.TvShowTitle)</visible>
				</control>
			</control>

		<!-- Logo -->
			<control type="image">
				<top>-960</top>
				<left>1700</left>
				<width>200</width>
				<aspectratio>keep</aspectratio>
				<texture>$INFO[ListItem.Art(clearlogo)]</texture>
				<visible>!Skin.HasSetting(Disable.MyFlix.MovieLogo)</visible>
			</control>

		<!-- Studio logo -->
<!--			<control type="image" id="800011">-->
<!--				<left>330</left>-->
<!--				<top>100</top>-->
<!--				<width>160</width>-->
<!--				<heigh>160</heigh>-->
<!--				<include>MediaFlagValues</include>-->
<!--				<texture>$VAR[PathFlagsStudios]$INFO[ListItem.Studio,,.png]</texture>-->
<!--				<visible>!String.IsEmpty(ListItem.Studio,,.png)</visible>-->
<!--			</control>-->

			<control type="grouplist">
				<top>110</top>
				<left>30</left>
				<width>1200</width>
				<height>920</height>
				<orientation>vertical</orientation>
				<itemgap>14</itemgap>
				<control type="grouplist">
					<width>1200</width>
					<height>48</height>
					<align>left</align>
					<orientation>horizontal</orientation>
					<itemgap>10</itemgap>

				<!-- Year -->
					<control type="label">
						<width>130</width>
						<height>52</height>
						<font>font16_bold</font>
						<textcolor>grey</textcolor>
						<label>$INFO[ListItem.Year,(,)]</label>
						<visible>!ListItem.IsCollection + Integer.IsGreater(ListItem.Year,0)</visible>
					</control>
					<control type="label">
						<width>530</width>
						<height>52</height>
						<font>font16</font>
						<textcolor>grey</textcolor>
						<label>[B]($INFO[Container(4500).ListItem(0).Year]$INFO[Container(4500).ListItem(-1).Year, - ])[/B]$INFO[Container(4500).NumItems, • , $LOCALIZE[342]] $INFO[Window(Home).Property(SkinInfo.Set.Movies.Runtime), • , $LOCALIZE[12391]]</label>
						<visible>ListItem.IsCollection + ![Container.OnNext | Container.OnPrevious]</visible>
					</control>

				<!--Duration-->
					<control type="label">
						<width>84</width>
						<height>60</height>
						<font>font13_bold</font>
						<textcolor>grey</textcolor>
						<align>right</align>
						<label>$VAR[ItemDurationVar]</label>
						<visible>[!Skin.HasSetting(Enable.HourMinuteDuration) + Integer.IsGreater(ListItem.Duration(mins),,m,0) +!Container.Content(tvshows)] | [Skin.HasSetting(Enable.HourMinuteDuration) + Integer.IsGreater(ListItem.Duration(h),,h,0) +!Container.Content(tvshows)]</visible>
					</control>

				<!--Age Rating-->
					<control type="image">
						<width>70</width>
						<height>52</height>
						<aspectratio>keep</aspectratio>
						<include>MediaFlagValues</include>
						<texture fallback="flags/default/mpaa/NR.png">$VAR[RatingFlagVar]</texture>
						<visible>!ListItem.IsCollection + [Control.IsVisible(4449) | Control.IsVisible(4450)]</visible>
					</control>

				<!--Genre-->
					<control type="label">
						<width>800</width>
						<height>64</height>
						<scroll>true</scroll>
						<scrollspeed>50</scrollspeed>
						<textcolor>grey</textcolor>
						<label>$INFO[ListItem.Genre]</label>
						<visible>!String.IsEmpty(ListItem.Genre)</visible>
					</control>
				</control>

			<!-- Rating -->
				<control type="grouplist" id="4451">
					<width>1200</width>
					<height>48</height>
					<orientation>horizontal</orientation>
					<align>left</align>
					<itemgap>10</itemgap>
					<visible>!String.IsEmpty(ListItem.Rating,,)</visible>
					<control type="image">
						<width>156</width>
						<height>48</height>
						<aspectratio>keep</aspectratio>
						<texture>$INFO[ListItem.Rating,flags/rating/,.png]</texture>
						<visible>!String.IsEmpty(ListItem.Rating,flags/rating/,.png)</visible>
					</control>
					<control type="image">
						<width>48</width>
						<height>48</height>
						<aspectratio>keep</aspectratio>
						<texture>flags/colored/ratings/tmdb.png</texture>
						<visible>!String.IsEmpty(ListItem.Rating,,)</visible>
					</control>
					<control type="label" id="7100">
						<width>80</width>
						<height>48</height>
						<font>font16_bold</font>
						<label>$INFO[ListItem.Rating,,]</label>
						<visible>!String.IsEmpty(ListItem.Rating,,)</visible>
					</control>
					<control type="image">
						<width>48</width>
						<height>48</height>
						<aspectratio>keep</aspectratio>
						<texture>flags/colored/ratings/imdbicon.png</texture>
						<visible>!String.IsEmpty(ListItem.Rating(imdb))</visible>
					</control>
					<control type="label">
						<width>80</width>
						<height>48</height>
						<font>font16_bold</font>
						<label>$INFO[ListItem.Rating(imdb)]</label>
						<visible>!String.IsEmpty(ListItem.Rating(imdb))</visible>
					</control>
					<control type="image">
						<width>48</width>
						<height>48</height>
						<aspectratio>keep</aspectratio>
						<texture>flags/colored/ratings/rtfresh.png</texture>
						<visible>!String.IsEmpty(ListItem.Rating(tomatometeravgcritics))</visible>
					</control>
					<control type="label">
						<width>80</width>
						<height>48</height>
						<font>font16_bold</font>
						<label>$INFO[ListItem.Rating(tomatometeravgcritics)]</label>
						<visible>!String.IsEmpty(ListItem.Rating(tomatometeravgcritics))</visible>
					</control>
					<control type="image">
						<width>48</width>
						<height>48</height>
						<aspectratio>keep</aspectratio>
						<texture>flags/colored/ratings/metacritic.png</texture>
						<visible>!String.IsEmpty(ListItem.Rating(metacritic))</visible>
					</control>
					<control type="label">
						<width>80</width>
						<height>48</height>
						<font>font16_bold</font>
						<label>$INFO[ListItem.Rating(metacritic)]</label>
						<visible>!String.IsEmpty(ListItem.Rating(metacritic))</visible>
					</control>
					<control type="image">
						<width>65</width>
						<height>30</height>
						<texture colordiffuse="grey">logos/imdb.png</texture>
						<visible>!String.IsEmpty(ListItem.Top250)</visible>
					</control>
					<control type="label">
						<width>125</width>
						<height>45</height>
						<label>[B]$INFO[ListItem.Top250,#][/B]</label>
						<visible>!String.IsEmpty(ListItem.Top250)</visible>
					</control>
				</control>

			<!-- Info -->
				<control type="grouplist">
					<width>1100</width>
					<height>110</height>
					<orientation>vertical</orientation>
					<align>left</align>
					<itemgap>7</itemgap>
					<scroll>true</scroll>
					<visible>!Skin.HasSetting(Disable.MyFlixInfo)</visible>
					<control type="label">
						<height>30</height>
						<label>[COLOR $VAR[ThemeLabelColor]]$LOCALIZE[20339]: [/COLOR]$INFO[ListItem.Director]</label>
						<visible>!String.IsEmpty(ListItem.Director)</visible>
					</control>
					<control type="label">
						<height>30</height>
						<label>[COLOR $VAR[ThemeLabelColor]]$LOCALIZE[20417]: [/COLOR]$INFO[ListItem.Writer]</label>
						<visible>!String.IsEmpty(ListItem.Writer)</visible>
					</control>
					<control type="label">
						<height>30</height>
						<label>[COLOR $VAR[ThemeLabelColor]]$LOCALIZE[29909]: [/COLOR]$INFO[ListItem.Studio]</label>
						<visible>!String.IsEmpty(ListItem.Studio)</visible>
					</control>
				</control>

			<!-- Plot -->
				<control type="textbox">
					<width>1100</width>
					<height>230</height>
					<align>justify</align>
					<font>font15</font>
					<label>$VAR[VideoPlotVar]</label>
					<scroll>true</scroll>
					<autoscroll delay="7000" time="3000" repeat="4000">true</autoscroll>
					<animation effect="slide" start="0,40" condition="!Container.Content(episodes)">Conditional</animation>
					<animation effect="slide" start="0,0" condition="!ListItem.IsCollection">Conditional</animation>
				</control>
			</control>

			<control type="grouplist">
				<visible>[Container.Content(tvshows) | Container.Content(seasons)] + !Skin.HasSetting(Disable.NextAired) + !String.IsEmpty(Window(Home).Property(NextAired.Status))</visible>
				<control type="label">
					<width>800</width>
					<height>45</height>
					<textcolor>grey</textcolor>
					<shadowcolor>shadow</shadowcolor>
					<include>DefaultButtonsValues</include>
					<label>[COLOR $VAR[ThemeLabelColor]]$LOCALIZE[126]: [/COLOR]$INFO[Window(Home).Property(NextAired.Status)]</label>
				</control>
				<control type="label">
					<width>800</width>
					<height>45</height>
					<textcolor>grey</textcolor>
					<shadowcolor>shadow</shadowcolor>
					<include>DefaultButtonsValues</include>
					<label>[COLOR $VAR[ThemeLabelColor]]$LOCALIZE[31010]: [/COLOR]$INFO[Window(Home).Property(NextAired.NextDate),,: ]$INFO[Window(Home).Property(NextAired.NextTitle)]</label>
					<visible>!String.IsEmpty(Window(Home).Property(NextAired.NextDate))</visible>
				</control>
				<control type="label">
					<width>800</width>
					<height>45</height>
					<textcolor>grey</textcolor>
					<shadowcolor>shadow</shadowcolor>
					<include>DefaultButtonsValues</include>
					<label>[COLOR $VAR[ThemeLabelColor]]$LOCALIZE[31011]: [/COLOR]$INFO[Window(Home).Property(NextAired.LatestNumber),, - ]$INFO[Window(Home).Property(NextAired.LatestTitle)]</label>
					<visible>String.IsEmpty(Window(Home).Property(NextAired.NextDate))</visible>
				</control>
			</control>
			<control type="grouplist">
				<top>320</top>
				<left>30</left>
				<height>100</height>
				<textcolor>grey</textcolor>
				<visible>Container.Content(episodes)</visible>
				<include>DefaultButtonsValues</include>
				<control type="label"><!-- Episode -->
					<height>45</height>
					<width>800</width>
					<label>[COLOR $VAR[ThemeLabelColor]]$LOCALIZE[20359]: [/COLOR]$VAR[FloorLabelVar]</label>
					<visible>!Container.Content(episodes)</visible>
				</control>
				<control type="label">
					<height>45</height>
					<width>650</width>
					<label>[COLOR $VAR[ThemeLabelColor]]$LOCALIZE[2050]: [/COLOR]$VAR[ItemDurationVar]</label>
					<visible>!String.IsEmpty(ListItem.Duration) + Skin.HasSetting(Enable.HourMinuteDuration)</visible>
				</control>
				<control type="label">
					<height>45</height>
					<label>[COLOR $VAR[ThemeLabelColor]]$LOCALIZE[126]: [/COLOR]$INFO[Window(Home).Property(NextAired.Status)]</label>
					<visible>!String.IsEmpty(Window(Home).Property(NextAired.Status))</visible>
				</control>
<!--				<control type="label">-->
<!--					<height>45</height>-->
<!--					<width>650</width>-->
<!--					<label>[COLOR $VAR[ThemeLabelColor]]$LOCALIZE[31452]: [/COLOR]$INFO[ListItem.Premiered]</label>-->
<!--					<visible>!String.IsEmpty(ListItem.Premiered)</visible>-->
<!--				</control>-->
				<control type="label">
					<width>800</width>
					<height>45</height>
					<shadowcolor>shadow</shadowcolor>
					<include>DefaultButtonsValues</include>
					<label>[COLOR $VAR[ThemeLabelColor]]$LOCALIZE[31010]: [/COLOR]$INFO[Window(Home).Property(NextAired.NextDate),,: ]$INFO[Window(Home).Property(NextAired.NextTitle)]</label>
					<visible>!String.IsEmpty(Window(Home).Property(NextAired.NextDate)) + !Skin.HasSetting(Disable.NextAired)</visible>
				</control>
				<control type="label">
					<width>800</width>
					<height>45</height>
					<shadowcolor>shadow</shadowcolor>
					<include>DefaultButtonsValues</include>
					<label>[COLOR $VAR[ThemeLabelColor]]$LOCALIZE[31011]: [/COLOR]$INFO[Window(Home).Property(NextAired.LatestNumber),, - ]$INFO[Window(Home).Property(NextAired.LatestTitle)]</label>
					<visible>!String.IsEmpty(Window(Home).Property(NextAired.LatestDate)) + String.IsEmpty(Window(Home).Property(NextAired.NextDate))</visible>
				</control>
			</control>
			<control type="list" id="509">
				<top>518</top>
				<width>1920</width>
				<height>600</height>
				<visible>Container.Content(movies) | Container.Content(sets) | Container.Content(tvshows) | Container.Content(episodes) | Container.Content(files)</visible>
				<onleft>509</onleft>
				<onright>509</onright>
				<onup>SetProperty(MediaMenu,True,Home)</onup>
				<onup>SetFocus(9050)</onup>
				<ondown condition="Control.IsVisible(50960)">50960</ondown>
				<ondown condition="!Control.IsVisible(50960)">4400</ondown>
				<viewtype label="$LOCALIZE[31244]">bigwrap</viewtype>
				<pagecontrol>50960</pagecontrol>
				<orientation>horizontal</orientation>
				<preloaditems>2</preloaditems>
				<itemlayout height="525" width="271" condition="[Container.Content(movies) + !Skin.HasSetting(Enable.MyFlix.MovieLandscape)] | Container.Content(sets) | [Container.Content(tvshows) + !Skin.HasSetting(Enable.MyFlix.TVLandscape)]">
					<control type="image">
						<include>FlixNoCaseVars</include>
						<texture background="true">$VAR[CaseBackPathVar]$VAR[GlobalCaseVar]</texture>
					</control>
					<control type="image">
						<include>FlixNoClearCaseVars</include>
						<texture background="true">$VAR[CaseBackPathVar]$VAR[GlobalCaseVar]</texture>
					</control>
					<include>FlixPoster</include>
					<include>FlixPosterOverlay</include>
					<control type="image">
						<left>10</left>
						<top>75</top>
						<width>268</width>
						<height>390</height>
						<texture border="1">colors/black.png</texture>
						<colordiffuse>$VAR[MyFlixDimmerVar]</colordiffuse>
						<bordersize>20</bordersize>
					</control>
					<control type="image">
						<include>FlixCaseVars</include>
						<texture background="true">$VAR[CaseTypePathVar]$VAR[GlobalCaseVar]</texture>
					</control>
					<include>FlixPosterReflection</include>
					<include>FlixPosterCaseReflection</include>
				</itemlayout>
				<focusedlayout height="525" width="271" condition="[Container.Content(movies) + !Skin.HasSetting(Enable.MyFlix.MovieLandscape)] | Container.Content(sets) | [Container.Content(tvshows) + !Skin.HasSetting(Enable.MyFlix.TVLandscape)]">
					<control type="group">
						<visible>[[Container.Content(movies) | Container.Content(sets)] + Control.IsVisible(7000) + Skin.HasSetting(Enable.MyFlix.OpenCase)] | [[Container.Content(movies) | Container.Content(sets)] + !Skin.HasSetting(Enable.MyFlix.OpenCase)] | Container.Content(tvshows) | Container.Content(files)</visible>
						<control type="image">
							<include>FlixNoCaseVars</include>
							<texture background="true">$VAR[CaseBackPathVar]$VAR[GlobalCaseVar]</texture>
						</control>
						<control type="image">
							<include>FlixNoClearCaseVars</include>
							<texture background="true">$VAR[CaseBackPathVar]$VAR[GlobalCaseVar]</texture>
						</control>
						<include>FlixPoster</include>
						<control type="image">
							<include>FlixCaseVars</include>
							<texture background="true">$VAR[CaseTypePathVar]$VAR[GlobalCaseVar]</texture>
						</control>
						<include>FlixPosterOverlay</include>
						<include>FlixPosterReflection</include>
						<include>FlixPosterCaseReflection</include>
					</control>
				</focusedlayout>
				<itemlayout height="270" width="480" condition="[Container.Content(movies) + Skin.HasSetting(Enable.MyFlix.MovieLandscape)] | [Container.Content(tvshows) + Skin.HasSetting(Enable.MyFlix.TVLandscape)]">
					<include>FlixLandscape</include>
					<control type="image">
						<left>398</left>
						<top>217</top>
						<width>60</width>
						<height>60</height>
						<texture>$VAR[OverlayVar]</texture>
						<aspectratio align="center" aligny="top">keep</aspectratio>
					</control>
					<control type="image">
						<left>-10</left>
						<top>197</top>
						<width>480</width>
						<height>270</height>
						<texture border="1">colors/black.png</texture>
						<colordiffuse>$VAR[MyFlixDimmerVar]</colordiffuse>
						<bordersize>20</bordersize>
					</control>
					<include>FlixLandscapeReflection</include>
				</itemlayout>
				<focusedlayout height="270" width="480" condition="[Container.Content(movies) + Skin.HasSetting(Enable.MyFlix.MovieLandscape)] | [Container.Content(tvshows) + Skin.HasSetting(Enable.MyFlix.TVLandscape)]">
					<include>FlixLandscape</include>
					<control type="image">
						<left>398</left>
						<top>217</top>
						<width>60</width>
						<height>60</height>
						<texture>$VAR[OverlayVar]</texture>
						<aspectratio align="center" aligny="top">keep</aspectratio>
					</control>
					<include>FlixLandscapeReflection</include>
				</focusedlayout>
				<itemlayout height="270" width="480" condition="Container.Content(episodes)">
					<include>FlixEpisodeThumb</include>
					<control type="image">
						<left>398</left>
						<top>217</top>
						<width>60</width>
						<height>60</height>
						<texture>$VAR[OverlayVar]</texture>
						<aspectratio align="center" aligny="top">keep</aspectratio>
						<visible>!String.IsEmpty(Skin.String(509.Episodes.DisableOverlay)) + Container.Content(episodes)</visible>
					</control>
					<control type="image">
						<top>197</top>
						<width>480</width>
						<height>270</height>
						<texture border="1">colors/black.png</texture>
						<colordiffuse>$VAR[MyFlixDimmerVar]</colordiffuse>
						<bordersize>20</bordersize>
					</control>
				</itemlayout>
				<focusedlayout height="270" width="480" condition="Container.Content(episodes)">
					<include>FlixEpisodeThumb</include>
					<control type="image">
						<left>398</left>
						<top>217</top>
						<width>60</width>
						<height>60</height>
						<texture>$VAR[OverlayVar]</texture>
						<aspectratio align="center" aligny="top">keep</aspectratio>
						<visible>!String.IsEmpty(Skin.String(509.Episodes.DisableOverlay)) + Container.Content(episodes)</visible>
					</control>
				</focusedlayout>
			</control>
			<control type="group">
				<top>518</top>
				<visible>[[Container.Content(movies) + !Skin.HasSetting(Enable.MyFlix.MovieLandscape)] | Container.Content(sets)] + !Control.IsVisible(7000) + Skin.HasSetting(Enable.MyFlix.OpenCase)</visible>
				<control type="image">
					<include>FlixCaseVars</include>
					<texture background="true">$VAR[CaseBackPathVar]$VAR[GlobalCaseVar]</texture>
				</control>
				<control type="image">
					<include>FlixNoCaseVars</include>
					<texture background="true">$VAR[CaseBackPathVar]$VAR[GlobalCaseVar]</texture>
				</control>
				<control type="image">
					<include>FlixNoClearCaseVars</include>
					<texture background="true">$VAR[CaseBackPathVar]$VAR[GlobalCaseVar]</texture>
				</control>
			</control>
			<control type="group">
				<left>34</left>
				<top>669</top>
				<width>215</width>
				<height>215</height>
				<visible>[[[Container.Content(movies) + !Skin.HasSetting(Enable.MyFlix.MovieLandscape)] | Container.Content(sets)] + !Control.IsVisible(7000) + Skin.HasSetting(Enable.MyFlix.Cases) + Skin.HasSetting(Enable.MyFlix.OpenCase)]</visible>
				<include>MyFlixRollingMovieSetDiscs</include>
			</control>
			<control type="group">
				<left>38</left>
				<top>682</top>
				<width>211</width>
				<height>211</height>
				<visible>[[[Container.Content(movies) + !Skin.HasSetting(Enable.MyFlix.MovieLandscape)] | Container.Content(sets)] + !Control.IsVisible(7000) + !Skin.HasSetting(Enable.MyFlix.Cases) + Skin.HasSetting(Enable.MyFlix.OpenCase)]</visible>
				<animation effect="slide" end="-2,-11" condition="Skin.HasSetting(useclearcases)">Conditional</animation>
				<include>MyFlixRollingMovieSetDiscs</include>
			</control>
			<control type="group" id="7000">
				<visible>[[Container.Content(movies) + !Skin.HasSetting(Enable.MyFlix.MovieLandscape)] | Container.Content(sets)] + [Container.OnNext | Container.OnPrevious] + Skin.HasSetting(Enable.MyFlix.OpenCase)</visible>
				<animation effect="fade" time="1000" end="0" reversible="false">Hidden</animation>
				<control type="label">
					<include>HiddenObject</include>
				</control>
			</control>
			<control type="group">
				<top>518</top>
				<visible>[[[Container.Content(movies) + !Skin.HasSetting(Enable.MyFlix.MovieLandscape)] | Container.Content(sets)] + !Control.IsVisible(7000) + Skin.HasSetting(Enable.MyFlix.OpenCase)]</visible>
				<include>MyFlixModAnimation</include>
				<include>FlixPoster</include>
				<control type="image">
					<include>FlixCaseVars</include>
					<texture background="true">$VAR[CaseTypePathVar]$VAR[GlobalCaseVar]</texture>
				</control>
				<include>FlixPosterOverlay</include>
				<include>FlixPosterReflection</include>
				<include>FlixPosterCaseReflection</include>
			</control>

	<!--·Flags-->
		<control type="group">
			<top>990</top>
			<left>120</left>
				<include>Flags_Colored</include>
			</control>
		</control>
	</include>

<!--·Fanart	-->
	<include name="Extra_Fanart_Flix" id="7105">
		<visible>Control.IsVisible(509) + Window.IsVisible(MyVideoNav.xml)</visible>
		<control type="group">
			<top>0</top>
			<left>680</left>
			<control type="image">
				<width>1300</width>
				<height>731</height>
				<aspectratio>keep</aspectratio>
				<texture>$INFO[ListItem.Art(fanart)]</texture>
				<visible>Skin.HasSetting(Disable.ExtraFanart) + !String.IsEmpty(ListItem.Art(fanart))</visible>
			</control>
			<control type="image" id="7106">
				<width>1300</width>
				<height>731</height>
				<aspectratio>keep</aspectratio>
				<texture>$INFO[ListItem.Art(fanart)]</texture>
				<visible>!Skin.HasSetting(Disable.ExtraFanart))</visible>
			</control>
			<control type="multiimage" id="7107">
				<width>1300</width>
				<height>731</height>
				<aspectratio>keep</aspectratio>
				<fadetime>200</fadetime>
				<timeperimage>4000</timeperimage>
				<randomize>true</randomize>
				<loop>yes</loop>
				<imagepath background="true">$INFO[ListItem.Path,,extrafanart]</imagepath>
				<visible>!Skin.HasSetting(Disable.ExtraFanart) + Container(509).HasFolders</visible>
			</control>
		</control>
	</include>

<!--·Poster	-->
	<include name="FlixPoster">
		<control type="image">
			<left>10</left>
			<top>75</top>
			<width>268</width>
			<height>390</height>
			<texture background="true" fallback="homewidgets/defaultmovies_poster.png">$VAR[PosterThumbVar]</texture>
			<bordertexture border="20">thumbs/thumb_shadow_aa.png</bordertexture>
			<bordersize>20</bordersize>
		</control>
	</include>
	<include name="FlixPosterOverlay">
		<control type="image">
			<left>206</left>
			<top>95</top>
			<width>60</width>
			<height>60</height>
			<texture>$VAR[OverlayVar]</texture>
			<aspectratio align="center" aligny="top">keep</aspectratio>
			<visible>[!String.IsEmpty(Skin.String(509.Movies.DisableOverlay)) + Container.Content(movies)] | [!String.IsEmpty(Skin.String(509.Sets.DisableOverlay)) + Container.Content(sets)] | [!String.IsEmpty(Skin.String(509.TV.DisableOverlay)) + Container.Content(tvshows)]</visible>
		</control>
	</include>

	<include name="FlixLandscape">
		<control type="image">
			<left>-10</left>
			<top>197</top>
			<width>480</width>
			<height>270</height>
			<texture background="true" diffuse="thumbs/thumb_mask.png">$VAR[LandscapeItem0Var]</texture>
			<bordertexture border="20">thumbs/thumb_shadow_aa.png</bordertexture>
			<bordersize>20</bordersize>
		</control>
	</include>
	<include name="FlixLandscapeReflection">
		<control type="image">
			<left>10</left>
			<top>465</top>
			<width>440</width>
			<height>270</height>
			<texture background="true" flipy="true" diffuse="thumbs/thumb_diffuse.png">$VAR[LandscapeItem0Var]</texture>
		</control>
	</include>
	<include name="FlixEpisodeThumb">
		<control type="image">
			<top>197</top>
			<width>480</width>
			<height>270</height>
			<texture background="true" diffuse="thumbs/thumb_mask.png">$VAR[NoSpoilerIconVar]</texture>
			<bordertexture border="20">thumbs/thumb_shadow_aa.png</bordertexture>
			<bordersize>20</bordersize>
		</control>
	</include>
	<include name="FlixCaseVars">
		<left>-16</left>
		<top>60</top>
		<width>292</width>
		<height>408</height>
		<visible>Skin.HasSetting(Enable.MyFlix.Cases) + [Container.Content(movies) | Container.Content(sets) | Container.Content(tvshows) | Container.Content(seasons)]</visible>
	</include>
	<include name="FlixNoCaseVars">
		<left>-12</left>
		<top>89</top>
		<width>288</width>
		<height>376</height>
		<visible>!Skin.HasSetting(useclearcases) + !Skin.HasSetting(Enable.MyFlix.Cases) + Skin.HasSetting(Enable.MyFlix.OpenCase) + [Container.Content(movies) | Container.Content(sets)] + !ListItem.IsParentFolder</visible>
	</include>
	<include name="FlixNoClearCaseVars">
		<left>-10</left>
		<top>66</top>
		<width>280</width>
		<height>394</height>
		<visible>Skin.HasSetting(useclearcases) + !Skin.HasSetting(Enable.MyFlix.Cases) + Skin.HasSetting(Enable.MyFlix.OpenCase) + [Container.Content(movies) | Container.Content(sets)] + !ListItem.IsParentFolder</visible>
	</include>
	<include name="FlixPosterReflection">
		<control type="image">
			<left>29</left>
			<top>458</top>
			<width>228</width>
			<height>402</height>
			<texture background="true" flipy="true" diffuse="thumbs/thumb_reflect2.png" colordiffuse="FFffffff">$VAR[PosterThumbVar]</texture>
		</control>
	</include>
	<include name="FlixPosterCaseReflection">
		<control type="image">
			<left>-18</left>
			<top>434</top>
			<width>295</width>
			<height>410</height>
			<texture background="true" flipy="true" diffuse="thumbs/thumb_diffuse.png" colordiffuse="73FFFFFF">$VAR[CaseTypePathVar]$VAR[GlobalCaseVar]</texture>
			<visible>Skin.HasSetting(Enable.MyFlix.Cases) + [Container.Content(movies) | Container.Content(sets) | Container.Content(tvshows) | Container.Content(seasons)]</visible>
		</control>
	</include>
	<include name="MyFlixRollingMovieSetDiscs">
		<control type="image">
			<texture background="true" fallback="BD.png">$INFO[ListItem(0).Art(discart)]</texture>
			<animation type="Conditional" condition="[!String.IsEmpty(Control.GetLabel(4447)) + Control.IsVisible(4447)]" reversible="false">
				<effect type="slide" start="1900,0" end="0,0" delay="0" time="3000" tween="cubic" easing="inout" />
				<effect type="rotate" start="0" center="auto" end="1080" delay="0" time="3000" tween="cubic" easing="inout" />
			</animation>
			<visible>!ListItem.IsCollection</visible>
		</control>
		<control type="group">
			<visible>Skin.HasSetting(Enable.MyFlix.OpenCase) + ListItem.IsCollection</visible>
			<control type="image">
				<aspectratio>keep</aspectratio>
				<texture background="true">$INFO[Container(4500).ListItemAbsolute(0).Art(discart)]</texture>
				<animation type="Conditional" condition="[!String.IsEmpty(Control.GetLabel(4448)) + Control.IsVisible(4448)]" reversible="false">
					<effect type="slide" start="1900,0" end="0,0" delay="0" time="3000" tween="cubic" easing="inout" />
					<effect type="rotate" start="0" center="auto" end="1080" delay="0" time="3000" tween="cubic" easing="inout" />
				</animation>
				<visible>!String.IsEmpty(Container(4500).ListItemAbsolute(0).Art(discart))</visible>
			</control>
			<control type="image">
				<aspectratio>keep</aspectratio>
				<texture background="true">$INFO[Container(4500).ListItemAbsolute(1).Art(discart)]</texture>
				<animation type="Conditional" condition="[!String.IsEmpty(Control.GetLabel(4448)) + Control.IsVisible(4448)]" reversible="false">
					<effect type="slide" start="1900,0" end="0,0" delay="500" time="3000" tween="cubic" easing="inout" />
					<effect type="rotate" start="0" center="auto" end="1080" delay="500" time="3000" tween="cubic" easing="inout" />
				</animation>
				<visible>!String.IsEmpty(Container(4500).ListItemAbsolute(1).Art(discart))</visible>
			</control>
			<control type="image">
				<aspectratio>keep</aspectratio>
				<texture background="true">$INFO[Container(4500).ListItemAbsolute(2).Art(discart)]</texture>
				<animation type="Conditional" condition="[!String.IsEmpty(Control.GetLabel(4448)) + Control.IsVisible(4448)]" reversible="false">
					<effect type="slide" start="1900,0" end="0,0" delay="1000" time="3000" tween="cubic" easing="inout" />
					<effect type="rotate" start="0" center="auto" end="1080" delay="1000" time="3000" tween="cubic" easing="inout" />
				</animation>
				<visible>!String.IsEmpty(Container(4500).ListItemAbsolute(2).Art(discart))</visible>
			</control>
			<control type="image">
				<aspectratio>keep</aspectratio>
				<texture background="true">$INFO[Container(4500).ListItemAbsolute(3).Art(discart)]</texture>
				<animation type="Conditional" condition="[!String.IsEmpty(Control.GetLabel(4448)) + Control.IsVisible(4448)]" reversible="false">
					<effect type="slide" start="1900,0" end="0,0" delay="1500" time="3000" tween="cubic" easing="inout" />
					<effect type="rotate" start="0" center="auto" end="1080" delay="1500" time="3000" tween="cubic" easing="inout" />
				</animation>
				<visible>!String.IsEmpty(Container(4500).ListItemAbsolute(3).Art(discart))</visible>
			</control>
			<control type="image">
				<aspectratio>keep</aspectratio>
				<texture background="true">$INFO[Container(4500).ListItemAbsolute(4).Art(discart)]</texture>
				<animation type="Conditional" condition="[!String.IsEmpty(Control.GetLabel(4448)) + Control.IsVisible(4448)]" reversible="false">
					<effect type="slide" start="1900,0" end="0,0" delay="2000" time="3000" tween="cubic" easing="inout" />
					<effect type="rotate" start="0" center="auto" end="1080" delay="2000" time="3000" tween="cubic" easing="inout" />
				</animation>
				<visible>!String.IsEmpty(Container(4500).ListItemAbsolute(4).Art(discart))</visible>
			</control>
			<control type="image">
				<aspectratio>keep</aspectratio>
				<texture background="true">$INFO[Container(4500).ListItemAbsolute(5).Art(discart)]</texture>
				<animation type="Conditional" condition="[!String.IsEmpty(Control.GetLabel(4448)) + Control.IsVisible(4448)]" reversible="false">
					<effect type="slide" start="1900,0" end="0,0" delay="2500" time="3000" tween="cubic" easing="inout" />
					<effect type="rotate" start="0" center="auto" end="1080" delay="2500" time="3000" tween="cubic" easing="inout" />
				</animation>
				<visible>!String.IsEmpty(Container(4500).ListItemAbsolute(5).Art(discart))</visible>
			</control>
			<control type="image">
				<aspectratio>keep</aspectratio>
				<texture background="true">$INFO[Container(4500).ListItemAbsolute(6).Art(discart)]</texture>
				<animation type="Conditional" condition="[!String.IsEmpty(Control.GetLabel(4448)) + Control.IsVisible(4448)]" reversible="false">
					<effect type="slide" start="1900,0" end="0,0" delay="3000" time="3000" tween="cubic" easing="inout" />
					<effect type="rotate" start="0" center="auto" end="1080" delay="3000" time="3000" tween="cubic" easing="inout" />
				</animation>
				<visible>!String.IsEmpty(Container(4500).ListItemAbsolute(6).Art(discart))</visible>
			</control>
			<control type="image">
				<aspectratio>keep</aspectratio>
				<texture background="true">$INFO[Container(4500).ListItemAbsolute(7).Art(discart)]</texture>
				<animation type="Conditional" condition="[!String.IsEmpty(Control.GetLabel(4448)) + Control.IsVisible(4448)]" reversible="false">
					<effect type="slide" start="1900,0" end="0,0" delay="3500" time="3000" tween="cubic" easing="inout" />
					<effect type="rotate" start="0" center="auto" end="1080" delay="3500" time="3000" tween="cubic" easing="inout" />
				</animation>
				<visible>!String.IsEmpty(Container(4500).ListItemAbsolute(7).Art(discart))</visible>
			</control>
		</control>
	</include>
</includes>