<?xml version="1.0" encoding="UTF-8"?>
<shortcuts>
	<shortcut>
		<defaultID>movies</defaultID>
		<label>20342</label>
		<label2 />
		<icon>special://skin/extras/icons/defaultmovies.png</icon>
		<thumb>special://skin/extras/icons/defaultmovies.png</thumb>
		<action>ActivateWindow(Videos,videodb://movies/titles/,return)</action>
	</shortcut>
	<shortcut>
		<defaultID>tvshows</defaultID>
		<label>20343</label>
		<label2 />
		<icon>special://skin/extras/icons/defaulttvshows.png</icon>
		<thumb>special://skin/extras/icons/defaulttvshows.png</thumb>
		<action>ActivateWindow(Videos,videodb://tvshows/titles/,return)</action>
	</shortcut>
	<shortcut>
		<defaultID>livetv</defaultID>
		<label>31600</label>
		<label2 />
		<icon>special://skin/extras/icons/defaultaddonpvrclient.png</icon>
		<thumb>special://skin/extras/icons/defaultaddonpvrclient.png</thumb>
		<action>ActivateWindow(TVChannels)</action>
	</shortcut>
	<shortcut>
		<defaultID>sports</defaultID>
		<label>19548</label>
		<label2 />
		<icon>special://skin/extras/icons/defaultsports.png</icon>
		<thumb>special://skin/extras/icons/defaultsports.png</thumb>
		<action></action>
	</shortcut>
	<shortcut>
		<defaultID>music</defaultID>
		<label>2</label>
		<label2 />
		<icon>special://skin/extras/icons/defaultaudio.png</icon>
		<thumb>special://skin/extras/icons/defaultaudio.png</thumb>
		<action>ActivateWindow(Music,files)</action>
	</shortcut>
	<shortcut>
		<defaultID>globalsearch</defaultID>
		<label>137</label>
		<label2 />
		<icon>special://skin/extras/icons/defaultaddonssearch.png</icon>
		<thumb>special://skin/extras/icons/defaultaddonssearch.png</thumb>
		<action>RunAddOn(script.globalsearch)</action>
	</shortcut>
</shortcuts>
