<?xml version="1.0" encoding="UTF-8"?>
<window>
	<defaultcontrol always="true">5</defaultcontrol>
	<coordinates>
		<system>1</system>
		<left>199</left>
		<top>210</top>
	</coordinates>
	<include>OpenClose_Zoom</include>
	<controls>
		<control type="group">
			<animation effect="fade" start="100" end="0" time="400" condition="Window.IsVisible(SliderDialog) | Window.IsVisible(SubtitleSearch)">Conditional</animation>
			<animation effect="slide" end="0,-160" condition="Window.IsVisible(fullscreeninfo)">Conditional</animation>
			<control type="image">
				<width>1522</width>
				<height>660</height>
				<texture border="40">dialogs/default/bg.png</texture>
			</control>
			<control type="label" id="2">
				<left>30</left>
				<top>32</top>
				<width>1462</width>
				<height>40</height>
				<font>font15_title</font>
				<label>587</label>
				<align>center</align>
				<textcolor>dialogheader</textcolor>
			</control>
			<control type="image">
				<left>30</left>
				<top>86</top>
				<width>1140</width>
				<height>542</height>
				<texture border="5">dialogs/default/inner.png</texture>
				<animation effect="fade" start="100" end="80" time="400" condition="Window.IsActive(fullscreenvideo)">Conditional</animation>
			</control>
			<control type="grouplist" id="5">
				<left>31</left>
				<top>88</top>
				<width>1138</width>
				<height>540</height>
				<pagecontrol>6</pagecontrol>
				<onup>5</onup>
				<ondown>5</ondown>
				<ondown>9001</ondown>
				<onright>6</onright>
			</control>
			<control type="scrollbar" id="6">
				<left>1168</left>
				<top>88</top>
				<width>14</width>
				<height>540</height>
				<texturesliderbackground />
				<texturesliderbar colordiffuse="80FFFFFF" border="1">scrollbar/texturesliderbar2.png</texturesliderbar>
				<texturesliderbarfocus border="1">scrollbar/texturesliderbar2.png</texturesliderbarfocus>
				<onleft>5</onleft>
				<onright>9001</onright>
				<showonepage>false</showonepage>
			</control>
			<control type="button" id="7">
				<description>Default Button</description>
			</control>
			<control type="radiobutton" id="8">
				<description>Default RadioButton</description>
				<radioposx>1035</radioposx>
			</control>
			<control type="spincontrolex" id="9">
				<description>Default SpinControlex</description>
				<reverse>true</reverse>
			</control>
			<control type="edit" id="11">
				<description>Default separator</description>
				<visible>no</visible>
			</control>
			<control type="edit" id="12">
				<description>Default Edit</description>
			</control>
			<control type="sliderex" id="13">
				<description>Default Slider</description>
			</control>
			<control type="label" id="14">
				<description>Default label</description>
				<height>60</height>
				<font>font14</font>
				<textoffsetx>15</textoffsetx>
				<textcolor>$VAR[ThemeLabelColor]</textcolor>
			</control>
			<!-- right group -->
			<control type="group">
				<left>1182</left>
				<top>88</top>
				<control type="image">
					<left>-1</left>
					<top>-2</top>
					<width>312</width>
					<height>542</height>
					<texture border="5">dialogs/default/inner.png</texture>
					<animation effect="fade" start="100" end="80" time="400" condition="Window.IsActive(fullscreenvideo)">Conditional</animation>
				</control>
				<control type="grouplist" id="9001">
					<onup>9001</onup>
					<onleft>6</onleft>
					<onright>5</onright>
					<ondown>9001</ondown>
					<control type="button" id="28">
						<description>Ok Button</description>
						<width>310</width>
						<label>186</label>
					</control>
					<control type="button" id="29">
						<description>Cancel Button</description>
						<width>310</width>
						<label>222</label>
					</control>
					<control type="button" id="30">
						<description>Clear Button</description>
						<width>310</width>
						<label>192</label>
					</control>
				</control>
			</control>
		</control>
	</controls>
</window>