<?xml version="1.0" encoding="UTF-8"?>
<window id="1134" type="dialog">
	<visible>[VideoPlayer.IsFullscreen + Player.Paused + System.IdleTime(7.5) + !Skin.HasSetting(Disable.Netflix.Pause) + !System.HasActiveModalDialog]</visible>
	<visible>VideoPlayer.Content(movies) | VideoPlayer.Content(episodes)</visible>
	<controls>
		<control type="group">
			<animation effect="fade" end="100" time="239.76">WindowOpen</animation>
			<animation effect="fade" end="0" time="239.76">WindowClose</animation>
			<visible>![Window.IsVisible(playerprocessinfo) | Window.IsVisible(SliderDialog) | Window.IsVisible(pvrchannelguide) | Window.IsVisible(PVROSDTeletext) | Window.IsVisible(PVROSDChannels) | Window.IsVisible(OSDVideoSettings) | Window.IsVisible(OSDAudioSettings) | Window.IsVisible(OSDSubtitleSettings) | Window.IsVisible(VideoBookmarks) | Window.IsVisible(SubtitleSearch) | Window.IsVisible(1115)]</visible>

			<control type="image">
				<include>FullscreenDimensions</include>
				<colordiffuse>8CFFFFFF</colordiffuse>
				<texture border="1">colors/black.png</texture>
				<animation effect="fade" time="320">WindowOpen</animation>
				<animation effect="fade" time="200">WindowClose</animation>
			</control>
			<control type="group">
				<animation type="WindowOpen" reversible="false">
					<effect type="zoom" start="150" end="100" center="400,540" time="400" tween="cubic" easing="out" />
					<effect type="fade" end="100" time="150" />
				</animation>
				<animation effect="fade" end="0">WindowClose</animation>
				<control type="image">
					<left>1636</left>
					<top>628</top>
					<width>284</width>
					<height>425</height>
					<aspectratio aligny="bottom" align="center">stretch</aspectratio>
					<texture background="true">$VAR[PlayerPosterArtworkVar]</texture>
					<bordertexture border="20">thumbs/thumb_shadow_aa.png</bordertexture>
					<bordersize>20</bordersize>
				</control>

			<!--Studio-->
				<control type="image" id="142099">
					<top>0</top>
					<left>1590</left>
					<width>350</width>
					<height>200</height>
					<bordersize>2</bordersize>
					<aspectratio>keep</aspectratio>
					<texture align="right" aligny="top">$VAR[PathFlagsStudios]$INFO[VideoPlayer.Studio,,.png]</texture>
					<visible>!String.IsEmpty(VideoPlayer.Studio)</visible>
				</control>

				<control type="grouplist">
					<top>40</top>
					<left>60</left>
					<width>1720</width>
					<height>900</height>
					<usecontrolcoords>true</usecontrolcoords>
					<control type="image">
						<left>0</left>
						<width>550</width>
						<height>200</height>
						<aspectratio aligny="center" align="left">keep</aspectratio>
						<texture background="true">$VAR[PlayerArtworkVar]</texture>
					</control>

				<!--Row 2-->
					<control type="label">
						<left>10</left>
						<width>1720</width>
						<height>100</height>
						<font>font16_title</font>
						<textcolor>azure</textcolor>
						<label>$INFO[Player.Title]</label>
						<visible>VideoPlayer.Content(movies)</visible>
					</control>
					<control type="label">
						<width>1720</width>
						<height>100</height>
						<font>font16_title</font>
						<textcolor>azure</textcolor>
						<label>[B]$INFO[VideoPlayer.TvShowTitle][/B]</label>
						<visible>VideoPlayer.Content(episodes)</visible>
					</control>
					<control type="label">
						<width>1720</width>
						<height>100</height>
						<font>font15</font>
						<textoffsetx>15</textoffsetx>
						<textcolor>grey</textcolor>
						<label>[B]$INFO[VideoPlayer.Season,$LOCALIZE[20373] ,: ]$INFO[VideoPlayer.Episode,$LOCALIZE[20359] ]$INFO[VideoPlayer.Title,  -  ][/B]</label>
						<visible>VideoPlayer.Content(episodes)</visible>
					</control>

				<!--Row 3-->
					<control type="grouplist">
						<left>10</left>
						<width>1200</width>
						<height>40</height>
						<orientation>horizontal</orientation>
						<itemgap>10</itemgap>
						<control type="image">
							<width>40</width>
							<height>40</height>
							<aspectratio>keep</aspectratio>
							<texture fallback="flags/colored/mpaa/nr.png">$VAR[VideoRatingFlagVar]</texture>
							<visible>!String.IsEmpty(VideoPlayer.MPAA,,)</visible>
						</control>
						<control type="image">
							<width>156</width>
							<height>32</height>
							<aspectratio>keep</aspectratio>
							<texture>$INFO[VideoPlayer.Rating,flags/rating/,.png]</texture>
							<visible>!String.IsEmpty(VideoPlayer.Rating,,)</visible>
						</control>
						<control type="image">
							<width>32</width>
							<height>32</height>
							<aspectratio>keep</aspectratio>
							<texture>flags/colored/ratings/tmdb.png</texture>
							<visible>!String.IsEmpty(VideoPlayer.Rating,,)</visible>
						</control>
						<control type="label">
							<width>70</width>
							<height>32</height>
							<font>font16_bold</font>
							<label>$INFO[VideoPlayer.Rating,,]</label>
							<visible>!String.IsEmpty(VideoPlayer.Rating,,)</visible>
						</control>
						<control type="image">
							<width>65</width>
							<height>30</height>
							<texture colordiffuse="grey">logos/top250.png</texture>
							<visible>!String.IsEmpty(VideoPlayer.Top250)</visible>
						</control>
						<control type="label">
							<width>125</width>
							<height>45</height>
							<label>[B]$INFO[VideoPlayer.Top250,#][/B]</label>
							<visible>!String.IsEmpty(VideoPlayer.Top250)</visible>
						</control>
					</control>

				<!--Row 4-->
					<control type="label">
						<width>1720</width>
						<height>60</height>
						<font>font15</font>
						<textoffsetx>15</textoffsetx>
						<textcolor>grey</textcolor>
						<label>[COLOR $VAR[ThemeLabelColor]]$INFO[VideoPlayer.Director,$LOCALIZE[31000]:[/COLOR] ,]</label>
						<visible>!String.IsEmpty(VideoPlayer.Director)</visible>
					</control>

				<!--Row 5-->
					<control type="label">
						<width>1720</width>
						<height>60</height>
						<font>font15</font>
						<textoffsetx>15</textoffsetx>
						<textcolor>grey</textcolor>
						<label>[COLOR $VAR[ThemeLabelColor]]$INFO[VideoPlayer.Writer,$LOCALIZE[31001]:[/COLOR] ,]</label>
						<visible>!String.IsEmpty(VideoPlayer.Director)</visible>
					</control>

				<!--Row 6-->
					<control type="label">
						<width>1720</width>
						<height>60</height>
						<font>font15</font>
						<textoffsetx>15</textoffsetx>
						<textcolor>grey</textcolor>
						<label>$INFO[VideoPlayer.Year] • $VAR[PlayerDurationVar] • $INFO[VideoPlayer.Genre]</label>
					</control>

				<!--Row 7-->
					<control type="label">
						<width>1720</width>
						<height>60</height>
						<font>font15</font>
						<textoffsetx>15</textoffsetx>
						<textcolor>grey</textcolor>
						<label>$INFO[Player.FinishTime,$LOCALIZE[31393]: ,]  •  $VAR[PlayerTimeRemainingHourVar,, ]$VAR[PlayerTimeRemainingMinuteVar]</label>
					</control>

				<!--Row 8-->
					<control type="textbox">
						<width>1720</width>
						<height>60</height>
						<font>font15</font>
						<align>justify</align>
						<autoscroll time="5000" delay="6000" repeat="7000">true</autoscroll>
						<textcolor>grey</textcolor>
						<label>[COLOR $VAR[ThemeLabelColor]]• $INFO[VideoPlayer.TagLine][/COLOR]</label>
						<visible>!String.IsEmpty(VideoPlayer.TagLine)</visible>
					</control>

				<!--Row 9-->
					<control type="textbox">
						<left>15</left>
						<top>10</top>
						<width>1500</width>
						<height>300</height>
						<textcolor>grey</textcolor>
						<label>• $INFO[VideoPlayer.PlotOutline]</label>
						<align>justify</align>
						<autoscroll time="5000" delay="6000" repeat="7000">true</autoscroll>
						<visible>!String.IsEmpty(VideoPlayer.PlotOutline) + !String.IsEqual(VideoPlayer.PlotOutline,N/A)</visible>
					</control>
					<control type="1500">
						<left>15</left>
						<top>10</top>
						<width>1200</width>
						<height>300</height>
						<textcolor>grey</textcolor>
						<label>• $INFO[VideoPlayer.Plot]</label>
						<autoscroll time="5000" delay="6000" repeat="7000">true</autoscroll>
						<visible>String.IsEmpty(VideoPlayer.PlotOutline) | String.IsEqual(VideoPlayer.PlotOutline,N/A)</visible>
					</control>
				</control>
			</control>

		<!-- Media Flags -->
			<control type="grouplist">
				<left>5</left>
				<bottom>5</bottom>
				<width>1890</width>
				<height>100</height>
				<align>left</align>
				<itemgap>10</itemgap>
				<orientation>horizontal</orientation>
				<control type="image">
					<width>150</width>
					<include>MediaFlagValues</include>
					<texture>$VAR[PlayerVideoResolutionFlagVar]</texture>
					<visible>!String.IsEmpty(VideoPlayer.VideoResolution)</visible>
				</control>
				<control type="image">
					<width>150</width>
					<include>MediaFlagValues</include>
					<texture>$VAR[PlayerVideoCodecFlagVar]</texture>
					<visible>!String.IsEmpty(VideoPlayer.VideoCodec)</visible>
				</control>
				<control type="image">
					<width>150</width>
					<include>MediaFlagValues</include>
					<texture>$VAR[MediaFlagsPathVar]/audiochannels/$INFO[VideoPlayer.AudioChannels,,.png]</texture>
					<visible>!String.IsEmpty(VideoPlayer.AudioChannels)</visible>
				</control>				<control type="image">
					<width>150</width>
					<include>MediaFlagValues</include>
					<texture>$VAR[PlayerAudioCodecFlagVar]</texture>
					<visible>!String.IsEmpty(VideoPlayer.AudioCodec)</visible>
				</control>
				<control type="image">
					<width>150</width>
					<include>MediaFlagValues</include>
					<texture>$VAR[MediaFlagsPathVar]/aspectratio/$INFO[VideoPlayer.VideoAspect,,.png]</texture>
					<visible>!String.IsEmpty(VideoPlayer.VideoAspect)</visible>
				</control>
			</control>
		</control>
	</controls>
</window>