<?xml version="1.0" encoding="UTF-8"?>
<window id="1111" type="window">
	<defaultcontrol always="true">9999</defaultcontrol>
	<controls>
		<control type="list" id="9999">
			<include>HiddenList</include>
			<content target="videos">$INFO[Window(Home).Property(TMDbHelper.Path.Current)]</content>
		</control>
		<control type="group">
			<visible>Container(9999).IsUpdating</visible>
			<visible>!Window.IsVisible(DialogVideoInfo.xml)</visible>
			<include>Dialog_Busy</include>
        </control>
	</controls>
</window>