<?xml version="1.0" encoding="UTF-8"?>
<window>
	<defaultcontrol>10001</defaultcontrol>
	<include>FullscreenDimensions</include>
	<include>OpenClose_FadeSlide_Left</include>
	<coordinates>
		<system>1</system>
		<left>1</left>
		<top>25</top>
	</coordinates>
	<controls>
	    <include>FullScreen_Overlay</include>
		<control type="group" id="9000">
    	    <top>-5</top>
		    <left>5</left>
			<onleft>9000</onleft>
			<onright>9000</onright>
		    
<!-- Labels -->
			<control type="button" id="10001">
				<description>System settings label</description>
				<label>5</label>
				<width>315</width>
				<height>64</height>
				<top>66</top>
				<font>font14</font>
				<textcolor>grey</textcolor>
				<focusedcolor>$VAR[ThemeLabelColor]</focusedcolor>
				<shadowcolor>shadow</shadowcolor>
				<textwidth>265</textwidth>
				<textoffsetx>60</textoffsetx>
				<texturenofocus>dialogs/dialog_shuthdown_menu_nf.png</texturenofocus>
				<texturefocus>dialogs/dialog_shuthdown_menu_f.png</texturefocus>
				<onclick>ActivateWindow(settings)</onclick>
				<onup>10008</onup>
				<ondown>10002</ondown>
			</control>
			<control type="button" id="10002">
				<description>Skin Settings</description>
				<label>10035</label>
				<width>315</width>
				<height>64</height>
				<top>130</top>
				<font>font14</font>
                <textcolor>grey</textcolor>
				<focusedcolor>$VAR[ThemeLabelColor]</focusedcolor>
				<shadowcolor>shadow</shadowcolor>
				<textwidth>265</textwidth>
				<textoffsetx>60</textoffsetx>
				<texturenofocus>dialogs/dialog_shuthdown_menu_nf.png</texturenofocus>
				<texturefocus>dialogs/dialog_shuthdown_menu_f.png</texturefocus>
				<onclick>Dialog.Close(all,true)</onclick>
				<onclick>ActivateWindow(skinsettings)</onclick>
				<onup>10001</onup>
				<ondown>10003</ondown>
			</control>
			<control type="button" id="10003">
				<description>Reload Skin</description>
				<label>20183</label>
				<width>315</width>
				<height>64</height>
				<top>194</top>
				<font>font14</font>
				<textcolor>grey</textcolor>
				<focusedcolor>$VAR[ThemeLabelColor]</focusedcolor>
				<shadowcolor>shadow</shadowcolor>
				<textwidth>265</textwidth>
				<textoffsetx>60</textoffsetx>
				<texturenofocus>dialogs/dialog_shuthdown_menu_nf.png</texturenofocus>
				<texturefocus>dialogs/dialog_shuthdown_menu_f.png</texturefocus>
				<onclick>Dialog.Close(all,true)</onclick>
				<onclick>ReloadSkin</onclick>
				<onup>10002</onup>
				<ondown>10004</ondown>
			</control>
			<control type="button" id="10004">
				<label>24001</label>
				<width>315</width>
				<height>64</height>
				<top>258</top>
				<font>font14</font>
				<textcolor>grey</textcolor>
				<focusedcolor>$VAR[ThemeLabelColor]</focusedcolor>
				<shadowcolor>shadow</shadowcolor>
				<textwidth>265</textwidth>
				<textoffsetx>60</textoffsetx>
				<texturenofocus>dialogs/dialog_shuthdown_menu_nf.png</texturenofocus>
				<texturefocus>dialogs/dialog_shuthdown_menu_f.png</texturefocus>
				<onclick>Dialog.Close(all,true)</onclick>
				<onclick>ActivateWindow(AddonBrowser)</onclick>
				<onup>10003</onup>
				<ondown>10005</ondown>
			</control>
			<control type="button" id="10005">
				<label>34146</label>
				<width>315</width>
				<height>64</height>
				<top>322</top>
				<font>font14</font>
				<textcolor>grey</textcolor>
				<focusedcolor>$VAR[ThemeLabelColor]</focusedcolor>
				<shadowcolor>shadow</shadowcolor>
				<textwidth>265</textwidth>
				<textoffsetx>60</textoffsetx>
				<texturenofocus>dialogs/dialog_shuthdown_menu_nf.png</texturenofocus>
				<texturefocus>dialogs/dialog_shuthdown_menu_f.png</texturefocus>
				<onclick>Dialog.Close(all,true)</onclick>
				<onclick>ActivateWindow(FileManager)</onclick>
				<onup>10004</onup>
				<ondown>10006</ondown>
			</control>
			<control type="button" id="10006">
				<description>Favoritos</description>
				<label>1036</label>
				<width>315</width>
				<height>64</height>
				<top>386</top>
				<font>font14</font>
				<textcolor>grey</textcolor>
				<focusedcolor>$VAR[ThemeLabelColor]</focusedcolor>
				<shadowcolor>shadow</shadowcolor>
				<textwidth>265</textwidth>
				<textoffsetx>60</textoffsetx>
				<texturenofocus>dialogs/dialog_shuthdown_menu_nf.png</texturenofocus>
				<texturefocus>dialogs/dialog_shuthdown_menu_f.png</texturefocus>
<!--				<onclick>Dialog.Close(all,true)</onclick>-->
				<onclick>ActivateWindow(FavouritesBrowser)</onclick>
				<onup>10005</onup>
				<ondown>10007</ondown>
			</control>
			<control type="button" id="10007">
				<description>AutoWidget</description>
				<label>34141</label>
				<width>315</width>
				<height>64</height>
				<top>450</top>
				<font>font14</font>
				<textcolor>grey</textcolor>
				<focusedcolor>$VAR[ThemeLabelColor]</focusedcolor>
				<shadowcolor>shadow</shadowcolor>
				<textwidth>265</textwidth>
				<textoffsetx>60</textoffsetx>
				<texturenofocus>dialogs/dialog_shuthdown_menu_nf.png</texturenofocus>
				<texturefocus>dialogs/dialog_shuthdown_menu_f.png</texturefocus>
				<onclick>Dialog.Close(all,true)</onclick>
<!--				<onclick>RunAddon(plugin.program.super.favourites)</onclick>-->
				<onclick>RunAddon(plugin.program.autowidget)</onclick>
				<onup>10006</onup>
				<ondown>10008</ondown>
			</control>
			<control type="button" id="10008">
				<description>Exit button</description>
				<label>13012</label>
				<width>315</width>
				<height>64</height>
				<top>514</top>
				<font>font14</font>
				<textcolor>grey</textcolor>
				<focusedcolor>$VAR[ThemeLabelColor]</focusedcolor>
				<shadowcolor>shadow</shadowcolor>
				<textwidth>265</textwidth>
				<textoffsetx>60</textoffsetx>
				<texturenofocus>dialogs/dialog_shuthdown_menu_nf.png</texturenofocus>
				<texturefocus>dialogs/dialog_shuthdown_menu_f.png</texturefocus>
				<onclick>Dialog.Close(all,true)</onclick>
				<onclick>Quit()</onclick>
				<onup>10007</onup>
				<ondown>10001</ondown>
			</control>

		<!-- Icons -->
		    <control type="group">
				<top>10</top>
				<left>10</left>
				<aligny>left</aligny>
				<control type="image">
					<description>System settings icon</description>
					<width>40</width>
					<height>40</height>
					<top>66</top>
					<texture>icons\settings_focus.png</texture>
					<visible>Control.HasFocus(10001)</visible>
				</control>
				<control type="image">
					<description>System settings icon</description>
					<width>40</width>
					<height>40</height>
					<top>66</top>
					<texture colordiffuse="grey">icons\settings_focus.png</texture>
					<visible>!Control.HasFocus(10001)</visible>
				</control>
				<control type="image">
					<description>Skin settings icon</description>
					<width>40</width>
					<height>40</height>
					<top>130</top>
					<texture>icons\system2_focus.png</texture>
					<visible>Control.HasFocus(10002)</visible>
				</control>
				<control type="image">
					<description>Skin settings icon</description>
					<width>40</width>
					<height>40</height>
					<top>130</top>
					<texture colordiffuse="grey">icons\system2_focus.png</texture>
					<visible>!Control.HasFocus(10002)</visible>
				</control>
				<control type="image">
					<description>Reload skin icon</description>
					<width>40</width>
					<height>40</height>
					<top>194</top>
					<texture>icons\interface_focus.png</texture>
					<visible>Control.HasFocus(10003)</visible>
				</control>
				<control type="image">
					<description>Reload skin icon</description>
					<width>40</width>
					<height>40</height>
					<top>194</top>
					<texture colordiffuse="grey">icons\interface_focus.png</texture>
					<visible>!Control.HasFocus(10003)</visible>
				</control>
				<control type="image">
					<description>Addons icon</description>
					<width>40</width>
					<height>40</height>
					<top>258</top>
					<texture>icons\addons_focus.png</texture>
					<visible>Control.HasFocus(10004)</visible>
				</control>
				<control type="image">
					<description>Addons icon</description>
					<width>40</width>
					<height>40</height>
					<top>258</top>
					<texture colordiffuse="grey">icons\addons_focus.png</texture>
					<visible>!Control.HasFocus(10004)</visible>
				</control>
				<control type="image">
					<description>File Manager icon</description>
					<width>40</width>
					<height>40</height>
					<top>322</top>
					<texture>icons\file_manager_focus.png</texture>
					<visible>Control.HasFocus(10005)</visible>
				</control>
				<control type="image">
					<description>File Manager icon</description>
					<width>40</width>
					<height>40</height>
					<top>322</top>
					<texture colordiffuse="grey">icons\file_manager_focus.png</texture>
					<visible>!Control.HasFocus(10005)</visible>
				</control>
				<control type="image">
					<description>Favourites icon</description>
					<width>40</width>
					<height>40</height>
					<top>386</top>
					<texture>icons\favourites_focus.png</texture>
					<visible>Control.HasFocus(10006)</visible>
				</control>
				<control type="image">
					<description>Favourites icon</description>
					<width>40</width>
					<height>40</height>
					<top>386</top>
					<texture colordiffuse="grey">icons\favourites_focus.png</texture>
					<visible>!Control.HasFocus(10006)</visible>
				</control>
				<control type="image">
					<description>AutoWidgets icon</description>
					<width>40</width>
					<height>40</height>
					<top>450</top>
					<texture>icons\autowidgets.png</texture>
					<visible>Control.HasFocus(10007)</visible>
				</control>
				<control type="image">
					<description>AutoWidgets icon</description>
					<width>40</width>
					<height>40</height>
					<top>450</top>
					<texture colordiffuse="grey">icons\autowidgets.png</texture>
					<visible>!Control.HasFocus(10007)</visible>
				</control>
				<control type="image">
					<description>Exit icon</description>
					<width>40</width>
					<height>40</height>
					<top>514</top>
					<texture>icons/power_fo.png</texture>
					<visible>Control.HasFocus(10008)</visible>
				</control>
				<control type="image">
					<description>Exit icon</description>
					<width>40</width>
					<height>40</height>
					<top>514</top>
					<texture colordiffuse="grey">icons/power_fo.png</texture>
					<visible>!Control.HasFocus(10008)</visible>
				</control>
            </control>
		</control>
	</controls>
</window>
