<?xml version="1.0" encoding="UTF-8"?>
<window>
	<defaultcontrol always="true">9000</defaultcontrol>
	<onload condition="!Skin.HasSetting(WarnedOnFileManager) + !String.IsEmpty(Window(Home).Property(NotifyFilemanager))">ActivateWindow(1126)</onload>
	<controls>
	    <include>FullScreen_Overlay</include>
		<include condition="![Window.IsActive(gamestretchmode) | Window.IsActive(gamevideofilter) | Window.IsActive(gamevideorotation)]">DefaultSelect</include>
		<include condition="[Window.IsActive(gamestretchmode) | Window.IsActive(gamevideofilter) | Window.IsActive(gamevideorotation)]">GameSelect</include>
	</controls>
</window>
