<?xml version="1.0" encoding="UTF-8"?>
<window>
	<onload>SetFocus(90003)</onload>
	<onload condition="![Window.IsActive(home) + String.IsEqual(ListItem.DBTYPE,tvshow)] + ![String.IsEqual(Skin.String(CinemaVision.Button),$LOCALIZE[31232]) + System.HasAddon(script.cinemavision)]">SetFocus(8)</onload>
	<onload condition="![Window.IsActive(home) + String.IsEqual(ListItem.DBTYPE,tvshow)] + String.IsEqual(Skin.String(CinemaVision.Button),$LOCALIZE[31232]) + System.HasAddon(script.cinemavision)">SetFocus(909)</onload>
	<onload condition="Window.IsActive(home) + String.IsEqual(ListItem.DBTYPE,tvshow)">SetFocus(808)</onload>
	<onunload condition="!String.IsEmpty(Window(movieinformation).Property(FSFanart))">ClearProperty(FSFanart,movieinformation)</onunload>
	<controls>
		<control type="textbox" id="4">
			<include>HiddenObject</include>
		</control>
		<control type="fadelabel" id="4510">
			<top>-100</top>
			<width>2560</width>
			<height>0</height>
			<scrollspeed>20</scrollspeed>
			<scroll>false</scroll>
			<scrollout>false</scrollout>
			<resetonlabelchange>true</resetonlabelchange>
			<label>$INFO[ListItem.Art(poster)]</label>
			<label>$INFO[ListItem.Art(poster1)]</label>
			<label>$INFO[ListItem.Art(poster2)]</label>
			<label>$INFO[ListItem.Art(poster3)]</label>
			<label>$INFO[ListItem.Art(poster4)]</label>
			<label>$INFO[ListItem.Art(poster5)]</label>
			<label>$INFO[ListItem.Art(poster6)]</label>
			<label>$INFO[ListItem.Art(poster7)]</label>
			<label>$INFO[ListItem.Art(poster8)]</label>
			<label>$INFO[ListItem.Art(poster9)]</label>
			<label>$INFO[ListItem.Art(poster10)]</label>
			<label>$INFO[ListItem.Art(poster11)]</label>
			<label>$INFO[ListItem.Art(poster12)]</label>
			<label>$INFO[ListItem.Art(poster13)]</label>
			<label>$INFO[ListItem.Art(poster14)]</label>
			<label>$INFO[ListItem.Art(poster15)]</label>
			<label>$INFO[ListItem.Art(poster16)]</label>
			<label>$INFO[ListItem.Art(poster17)]</label>
			<label>$INFO[ListItem.Art(poster18)]</label>
			<label>$INFO[ListItem.Art(poster19)]</label>
			<label>$INFO[ListItem.Art(poster20)]</label>
			<include>FadeLabelTime</include>
		</control>
		<include condition="System.AddonIsEnabled(plugin.video.themoviedb.helper)">TMDbHelperContentList</include>

	<!-- Poster Side -->
		<control type="group">
			<animation effect="slide" start="-730,0" end="0,0" time="320" tween="quadratic" condition="!Skin.HasSetting(Enable.BlurredVideoInfo)">WindowOpen</animation>
			<animation effect="slide" start="-730,0" end="0,0" delay="250" time="320" tween="quadratic" condition="Skin.HasSetting(Enable.BlurredVideoInfo)">WindowOpen</animation>
			<animation effect="slide" end="-730,0" time="500" tween="quadratic">WindowClose</animation>
			<animation effect="slide" end="-730,0" time="500" tween="quadratic" condition="Window.IsVisible(script-embuary-person.xml) | Window.IsVisible(script-embuary-video.xml)">Conditional</animation>
			<width>720</width>
			<height>100%</height>
			<control type="image">
				<texture>colors/black.png</texture>
			</control>
			<control type="multiimage">
				<width>720</width>
				<height>1080</height>
				<left>0</left>
				<aspectratio>stretch</aspectratio>
				<fadetime>IconCrossfadeTime</fadetime>
				<imagepath background="true">$VAR[VideoInfoPosterVar]</imagepath>
			</control>
			<control type="image" id="9777">
				<aspectratio>keep</aspectratio>
				<fadetime>IconCrossfadeTime</fadetime>
				<texture background="true">$VAR[VideoInfoActorResourceVar]</texture>
				<animation effect="fade" time="300">Visible</animation>
				<visible>[Control.HasFocus(50) | Control.HasFocus(90050)] + System.HasAddon(resource.images.actorart)</visible>
			</control>
		</control>
		<control type="group">
			<animation effect="slide" start="1210,0" end="0,0" time="320" tween="quadratic" condition="!Skin.HasSetting(Enable.BlurredVideoInfo)">WindowOpen</animation>
			<animation effect="slide" start="1210,0" end="0,0" delay="250" time="320" tween="quadratic" condition="Skin.HasSetting(Enable.BlurredVideoInfo)">WindowOpen</animation>
			<animation effect="slide" end="1210,0" time="500" tween="quadratic">WindowClose</animation>
			<animation effect="slide" end="1210,0" time="500" tween="quadratic" condition="Window.IsVisible(script-embuary-person.xml) | Window.IsVisible(script-embuary-video.xml)">Conditional</animation>
			<left>720</left>
			<width>1200</width>

		<!-- Info Background -->
			<control type="group">
				<height>100%</height>
				<control type="image">
					<texture>colors/black.png</texture>
				</control>
				<control type="image">
					<aspectratio align="center">scale</aspectratio>
					<texture background="true">$VAR[DialogInfoBackgroundVar]</texture>
					<fadetime>IconCrossfadeTime</fadetime>
				</control>
				<control type="image">
					<texture border="4">dialogs/info/info_rightpaneltop.png</texture>
					<colordiffuse>$VAR[DialogInfoDimmerVar]</colordiffuse>
				</control>
			</control>

		<!-- Title -->
			<control type="button">
				<left>10</left>
				<top>20</top>
				<width>1180</width>
				<height>65</height>
				<font>font30_title_bold</font>
				<scrollspeed>120</scrollspeed>
				<label>$INFO[ListItem.Title]</label>
				<texturefocus />
			</control>

		<!-- Main Label/Sublabel -->
			<control type="grouplist">
				<top>20</top>
				<width>1200</width>
				<height>140</height>
				<align>left</align>
				<orientation>horizontal</orientation>
				<control type="group">
					<visible>String.IsEqual(ListItem.DBTYPE,tvshow)</visible>
					<control type="fadelabel">
						<width>1180</width>
						<height>30</height>
						<align>left</align>
						<aligny>center</aligny>
						<font>font15</font>
						<textcolor>$VAR[ThemeLabelColor]</textcolor>
						<scroll>true</scroll>
						<scrollout>false</scrollout>
						<pauseatend>4500</pauseatend>
						<label>$VAR[VideoInfoTVSubtitleVar]</label>
						<label>$INFO[Window(Home).Property(SkinHelper.ListItem.Awards)]</label>
						<visible>[!String.IsEmpty(ListItem.Status) | !String.IsEmpty(Window(Home).Property(NextAired.Status))] + !String.IsEmpty(Window(Home).Property(SkinHelper.ListItem.Awards))</visible>
					</control>
<!--					<control type="label">-->
<!--						<width>1180</width>-->
<!--						<height>30</height>-->
<!--						<align>left</align>-->
<!--						<aligny>center</aligny>-->
<!--						<font>font15</font>-->
<!--						<textcolor>$VAR[ThemeLabelColor]</textcolor>-->
<!--						<label>$VAR[VideoInfoTVSubtitleVar]</label>-->
<!--						<visible>[!String.IsEmpty(ListItem.Status) | !String.IsEmpty(Window(Home).Property(NextAired.Status))] + String.IsEmpty(Window(Home).Property(SkinHelper.ListItem.Awards))</visible>-->
<!--					</control>-->
				</control>

			<!-- Episode Fadelabels -->
				<control type="group">
					<visible>String.IsEqual(ListItem.DBTYPE,episode)</visible>
					<control type="fadelabel">
						<width>1180</width>
						<height>30</height>
						<align>left</align>
						<aligny>center</aligny>
						<font>font15</font>
						<textcolor>$VAR[ThemeLabelColor]</textcolor>
						<scroll>true</scroll>
						<scrollout>false</scrollout>
						<pauseatend>4500</pauseatend>
						<label>$INFO[ListItem.TvShowTitle]</label>
						<label>$INFO[ListItem.EndTime,$LOCALIZE[31393]: ,]</label>
						<label>$VAR[VideoInfoTVSubtitleVar]</label>
						<label>$INFO[Window(Home).Property(NextAired.NextNumber)]$INFO[Window(Home).Property(NextAired.NextTitle), - ]$INFO[Window(Home).Property(NextAired.Nextday), (,)]</label>
					</control>
				</control>

			<!-- Music Video label -->
				<control type="label">
					<height>30</height>
					<font>font15</font>
					<textcolor>$VAR[ThemeLabelColor]</textcolor>
					<scroll>true</scroll>
					<label>$INFO[ListItem.Artist]</label>
					<visible>String.IsEqual(ListItem.DBTYPE,musicvideo) + !String.IsEmpty(ListItem.Artist)</visible>
				</control>
			</control>

		<!-- Separators -->
			<control type="image">
				<left>1</left>
				<top>90</top>
				<height>1</height>
				<texture colordiffuse="$VAR[ThemeLabelColor]">separator_horizontal.png</texture>
			</control>
			<control type="image">
				<left>1</left>
				<top>160</top>
				<height>1</height>
				<texture colordiffuse="$VAR[ThemeLabelColor]">separator_horizontal.png</texture>
			</control>

		<!-- Rating -->
			<control type="grouplist">
				<left>10</left>
				<top>110</top>
				<width>1200</width>
				<height>150</height>
				<orientation>horizontal</orientation>
				<align>left</align>
				<itemgap>20</itemgap>
				<include>Rating_Votes</include>
				<control type="image">
					<width>65</width>
					<height>30</height>
					<texture colordiffuse="grey">logos/imdb.png</texture>
					<visible>!String.IsEmpty(ListItem.Top250)</visible>
				</control>
				<control type="label">
					<width>125</width>
					<height>45</height>
					<label>[B]$INFO[ListItem.Top250,#][/B]</label>
					<visible>!String.IsEmpty(ListItem.Top250)</visible>
				</control>
			</control>

		<!-- Info -->
			<control type="group">
				<left>3</left>
				<top>80</top>
<!--				<control type="button" id="64">-->
<!--					<top>83</top>-->
<!--					<width>1198</width>-->
<!--					<height>390</height>-->
<!--					<include>ButtonInfoDialogsCommonValues</include>-->
<!--					<onunfocus>ClearProperty(MoreInfoTitle,movieinformation)</onunfocus>-->
<!--					<onunfocus>ClearProperty(MoreInfoContent,movieinformation)</onunfocus>-->
<!--					<onclick>SetFocus(300)</onclick>-->
<!--					<onleft>SetFocus(300)</onleft>-->
<!--					<onright>SetFocus(300)</onright>-->
<!--					<onup>SetFocus(300)</onup>-->
<!--					<ondown>SetFocus(300)</ondown>-->
<!--				</control>-->
				<control type="panel" id="300">
					<top>90</top>
					<width>1198</width>
					<height>390</height>
					<ondown>9000</ondown>
					<orientation>horizontal</orientation>
					<visible allowhiddenfocus="true">!Control.HasFocus(64)</visible>
					<include>VisibleFadeAnimation</include>
					<scrolltime tween="quadratic" easing="out">200</scrolltime>
					<itemlayout height="48" width="1198" condition="!Skin.HasSetting(MoreVideoInfoDetails) | Integer.IsLess(Container(300).NumItems,8)">
						<control type="label">
							<width>1198</width>
							<height>70</height>
							<font>font15</font>
							<textcolor>$VAR[ThemeLabelColor]</textcolor>
							<label>$INFO[ListItem.Label2,, ]$INFO[ListItem.Label,[COLOR grey], [/COLOR]]</label>
							<textoffsetx>20</textoffsetx>
						</control>
					</itemlayout>
					<focusedlayout height="48" width="1198" condition="!Skin.HasSetting(MoreVideoInfoDetails) | Integer.IsLess(Container(300).NumItems,8)">
						<control type="image">
							<top>5</top>
							<width>1198</width>
							<height>62</height>
							<texture border="4">lists/listselect_fo.png</texture>
							<visible>Control.HasFocus(300)</visible>
							<include>VisibleFadeAnimation</include>
						</control>
						<control type="label">
							<width>1198</width>
							<height>70</height>
							<font>font15</font>
							<label>$INFO[ListItem.Label2,, ]$INFO[ListItem.Label]</label>
							<animation effect="fade" start="100" end="70" time="300" tween="sine" easing="inout" condition="!Control.HasFocus(300)">Conditional</animation>
							<textoffsetx>20</textoffsetx>
						</control>
					</focusedlayout>
					<itemlayout height="48" width="599" condition="Skin.HasSetting(MoreVideoInfoDetails) + Integer.IsGreater(Container(300).NumItems,7)">
						<control type="label">
							<width>599</width>
							<height>70</height>
							<font>font15</font>
							<textcolor>$VAR[ThemeLabelColor]</textcolor>
							<label>$INFO[ListItem.Label2,, ]$INFO[ListItem.Label,[COLOR grey], [/COLOR]]</label>
							<textoffsetx>20</textoffsetx>
						</control>
					</itemlayout>
					<focusedlayout height="48" width="599" condition="Skin.HasSetting(MoreVideoInfoDetails) + Integer.IsGreater(Container(300).NumItems,7)">
						<control type="image">
							<top>5</top>
							<width>599</width>
							<height>62</height>
							<texture border="4">lists/listselect_fo.png</texture>
							<visible>Control.HasFocus(300)</visible>
							<include>VisibleFadeAnimation</include>
						</control>
						<control type="label">
							<width>599</width>
							<height>70</height>
							<font>font15</font>
							<label>$INFO[ListItem.Label2,, ]$INFO[ListItem.Label]</label>
							<animation effect="fade" start="100" end="70" time="300" tween="sine" easing="inout" condition="!Control.HasFocus(300)">Conditional</animation>
							<textoffsetx>20</textoffsetx>
						</control>
					</focusedlayout>
					<content>
						<item>
							<label>$INFO[ListItem.Director]</label>
							<label2>$LOCALIZE[20339]:</label2>
							<onclick condition="System.HasAddon(script.embuary.info)">SetProperty(DirectorID,True)</onclick>
							<onclick condition="System.HasAddon(script.embuary.info)">SetProperty(ActorName,$INFO[ListItem.Director])</onclick>
							<onclick condition="System.HasAddon(script.embuary.info)">ActivateWindow(1129)</onclick>
							<onclick condition="!System.HasAddon(script.embuary.info)">SendClick(2003,13)</onclick>
							<visible>!String.IsEmpty(ListItem.Director)</visible>
						</item>
						<item>
							<label>$INFO[ListItem.Writer]</label>
							<label2>$LOCALIZE[20417]:</label2>
							<onclick condition="!System.HasAddon(script.embuary.info)">SetProperty(MoreInfoTitle,$LOCALIZE[20417])</onclick>
							<onclick condition="!System.HasAddon(script.embuary.info)">SetProperty(MoreInfoContent,$ESCINFO[ListItem.Writer])</onclick>
<!--							<onclick condition="!System.HasAddon(script.embuary.info)">SetFocus(64)</onclick>-->
							<onclick condition="System.HasAddon(script.embuary.info)">RunScript(script.embuary.info,call=person,query='"$INFO[ListItem.Writer]"')</onclick>
							<visible>!String.IsEmpty(ListItem.Writer)</visible>
						</item>
						<item>
							<label>$INFO[ListItem.Studio]</label>
							<label2>$LOCALIZE[29909]:</label2>
							<onclick>SetProperty(MoreInfoContent,$ESCINFO[ListItem.Studio])</onclick>
							<visible>!String.IsEmpty(ListItem.Studio)</visible>
						</item>
						<item>
							<label>$INFO[ListItem.Property(Budget)]</label>
							<label2>$LOCALIZE[31850]:</label2>
							<visible>!String.IsEmpty(ListItem.Property(Budget)) + !String.IsEqual(ListItem.Property(Budget),$0)</visible>
						</item>
						<item>
							<label>$INFO[ListItem.Property(Revenue)]</label>
							<label2>$LOCALIZE[31851]:</label2>
							<visible>!String.IsEmpty(ListItem.Property(Revenue)) + !String.IsEqual(ListItem.Property(Revenue),$0)</visible>
						</item>
						<item>
							<label>($INFO[ListItem.Premiered])</label>
							<label2>$LOCALIZE[2996]:</label2>
							<visible>!String.IsEmpty(ListItem.Premiered)</visible>
						</item>
						<item type="label">
							<label>$INFO[ListItem.Country]</label>
							<label2>$LOCALIZE[21875]:</label2>
							<visible>!String.IsEmpty(ListItem.Country)</visible>
						</item>
						<item>
							<label>$INFO[ListItem.Genre]</label>
							<label2>$LOCALIZE[515]:</label2>
							<visible>!String.IsEmpty(ListItem.Genre) + !String.IsEqual(ListItem.DBTYPE,episode)</visible>
						</item>
						<item type="label">
							<label>$VAR[ItemDurationVar]</label>
							<label2>$LOCALIZE[31009]:</label2>
							<visible>[!Skin.HasSetting(Enable.HourMinuteDuration) + Integer.IsGreater(ListItem.Duration(mins),,m,0) + !Container.Content(tvshows)] | [Skin.HasSetting(Enable.HourMinuteDuration) + Integer.IsGreater(ListItem.Duration(h),,h,0) + !Container.Content(tvshows)]</visible>
						</item>

						<item>
							<label>$INFO[Window(Home).Property(NextAired.LatestNumber)]$INFO[Window(Home).Property(NextAired.LatestTitle), - ]$INFO[Window(Home).Property(NextAired.LatestDay), (,)]</label>
							<label2>$LOCALIZE[31374]:</label2>
							<onclick>SetProperty(MoreInfoTitle,$LOCALIZE[31374])</onclick>
							<onclick>SetProperty(MoreInfoContent,$INFO[Window(Home).Property(NextAired.LatestNumber),, - ]$ESCINFO[Window(Home).Property(NextAired.LatestTitle)]$INFO[Window(Home).Property(NextAired.LatestDay), (,)])</onclick>
<!--							<onclick>SetFocus(64)</onclick>-->
							<visible>String.IsEqual(ListItem.DBTYPE,tvshow) + !String.IsEmpty(Window(Home).Property(NextAired.LatestNumber))</visible>
						</item>
						<item>
							<label>$INFO[Window(Home).Property(NextAired.NextNumber)]$INFO[Window(Home).Property(NextAired.NextTitle), - ]$INFO[Window(Home).Property(NextAired.Nextday), (,)]</label>
							<label2>$LOCALIZE[19031]:</label2>
							<onclick>SetProperty(MoreInfoTitle,$LOCALIZE[19031])</onclick>
							<onclick>SetProperty(MoreInfoContent,$INFO[Window(Home).Property(NextAired.NextNumber),, - ]$ESCINFO[Window(Home).Property(NextAired.NextTitle)]$INFO[Window(Home).Property(NextAired.Nextday), (,)])</onclick>
<!--							<onclick>SetFocus(64)</onclick>-->
							<visible>String.IsEqual(ListItem.DBTYPE,tvshow) + !String.IsEmpty(Window(Home).Property(NextAired.NextNumber))</visible>
						</item>
<!--						<item type="label">-->
<!--							<label>$INFO[Window(Home).Property(NextAired.Runtime)][LOWERCASE]$LOCALIZE[12391][/LOWERCASE]</label>-->
<!--							<textcolor>grey</textcolor>-->
<!--							<visible>[String.IsEqual(ListItem.DBTYPE,tvshow) | String.IsEqual(ListItem.DBTYPE,season)]</visible>-->
<!--						</item>-->
						<item>
							<label>$INFO[ListItem.Property(TotalSeasons)]</label>
							<label2>$LOCALIZE[33054]: </label2>
							<visible>!String.IsEmpty(ListItem.Property(TotalSeasons))</visible>
						</item>
						<item>
							<label>$INFO[ListItem.Property(TotalEpisodes)]</label>
							<label2>$LOCALIZE[20360]: </label2>
							<visible>!String.IsEmpty(ListItem.Property(TotalEpisodes))</visible>
						</item>
					</content>
				</control>
				<control type="group">
					<left>3</left>
					<top>66</top>
					<include>VisibleFadeAnimation</include>
					<visible>Control.HasFocus(64)</visible>
					<control type="label">
						<top>32</top>
						<width>1198</width>
						<height>40</height>
						<font>font48_title</font>
						<textoffsetx>20</textoffsetx>
						<textcolor>$VAR[ThemeLabelColor]</textcolor>
						<label>$INFO[Window(movieinformation).Property(MoreInfoTitle)]</label>
					</control>
					<control type="textbox">
						<left>20</left>
						<top>85</top>
						<width>1158</width>
						<height>280</height>
						<align>justify</align>
						<font>font18_textbox</font>
						<label>$INFO[Window(movieinformation).Property(MoreInfoContent)]</label>
						<autoscroll time="3000" delay="4000" repeat="5000">!Skin.HasSetting(Disable.AutoScroll)</autoscroll>
					</control>
				</control>
				<control type="group">
<!--					<visible>!Control.HasFocus(64)</visible>-->
					<left>-13</left>
					<top>240</top>
					<control type="button">
						<width>36</width>
						<height>36</height>
						<texturefocus flipx="true" colordiffuse="grey">arrowright2.png</texturefocus>
						<texturenofocus flipx="true" colordiffuse="grey">arrowright2.png</texturenofocus>
						<visible>Container(300).HasPrevious</visible>
						<include>VisibleFadeAnimation</include>
					</control>
					<control type="button">
						<left>1185</left>
						<width>36</width>
						<height>36</height>
						<texturefocus colordiffuse="grey">arrowright2.png</texturefocus>
						<texturenofocus colordiffuse="grey">arrowright2.png</texturenofocus>
						<visible>Container(300).HasNext</visible>
						<include>VisibleFadeAnimation</include>
					</control>
				</control>

			<!-- Separators -->
				<control type="image">
					<left>-1</left>
					<top>500</top>
					<height>1</height>
					<texture colordiffuse="$VAR[ThemeLabelColor]">separator_horizontal.png</texture>
				</control>
				<control type="image">
					<left>-1</left>
					<top>570</top>
					<height>1</height>
					<texture colordiffuse="$VAR[ThemeLabelColor]">separator_horizontal.png</texture>
				</control>
			</control>

		<!-- Buttons LABEL -->
			<control type="group">
				<left>550</left>
				<top>588</top>
				<control type="button">
					<width>650</width>
					<texturenofocus />
					<disabledcolor>grey</disabledcolor>
					<font>font16_title_bold</font>
					<align>right</align>
					<textoffsetx>16</textoffsetx>
					<include>ButtonInfoDialogsCommonValues</include>
					<label>$VAR[VideoInfoButtonLabelVar]</label>
					<enable>no</enable>
					<visible>!ControlGroup(90001).HasFocus | ControlGroup(90001).HasFocus(90003)</visible>
				</control>
				<control type="button">
					<width>650</width>
					<texturenofocus />
					<disabledcolor>grey</disabledcolor>
					<font>font15_bold</font>
					<align>left</align>
					<textoffsetx>16</textoffsetx>
					<include>ButtonInfoDialogsCommonValues</include>
					<label>$VAR[DialogInfoDetailsLabelVar]</label>
					<enable>no</enable>
					<visible>ControlGroup(90001).HasFocus + !Control(90003).HasFocus</visible>
				</control>
			</control>

		<!-- Buttons -->
			<control type="grouplist" id="9000">
				<left>0</left>
				<top>586</top>
				<width>670</width>
				<height>60</height>
				<onleft>9000</onleft>
				<onright>9000</onright>
				<onup>300</onup>
				<ondown>90001</ondown>
				<align>left</align>
				<orientation>horizontal</orientation>
<!--				<control type="button" id="808">-->
<!--					<description>Browse to Item</description>-->
<!--					<font>IconMediumMD</font>-->
<!--					<width>65</width>-->
<!--					<texturenofocus />-->
<!--					<include>ButtonInfoDialogsCommonValues</include>-->
<!--					<label></label>-->
<!--					<onclick>Dialog.Close(movieinformation)</onclick>-->
<!--					<onclick condition="String.IsEqual(ListItem.DBTYPE,movie) + String.IsEmpty(ListItem.SetID)">ActivateWindow(Videos,videodb://movies/titles/$INFO[ListItem.DBID],return)</onclick>-->
<!--					<onclick condition="String.IsEqual(ListItem.DBTYPE,movie) + !String.IsEmpty(ListItem.SetID)">ActivateWindow(Videos,videodb://movies/sets/$INFO[ListItem.SetId]/?setid=$INFO[ListItem.SetId],return)</onclick>-->
<!--					<onclick condition="String.IsEqual(ListItem.DBTYPE,tvshow)">ActivateWindow(Videos,videodb://tvshows/titles/$INFO[ListItem.DBID],return)</onclick>-->
<!--					<visible>[String.IsEqual(ListItem.DBTYPE,movie) | String.IsEqual(ListItem.DBTYPE,tvshow)]</visible>-->
<!--				</control>-->
<!--				<control type="togglebutton" id="8">-->
<!--					<description>Play/browse to Show</description>-->
<!--					<font>IconMediumMD</font>-->
<!--					<width>65</width>-->
<!--					<texturenofocus />-->
<!--					<include>ButtonInfoDialogsCommonValues</include>-->
<!--					<label></label>-->
<!--					<altlabel></altlabel>-->
<!--					<usealttexture>String.IsEqual(ListItem.DBTYPE,tvshow)</usealttexture>-->
<!--					<visible>[System.HasAddon(script.cinemavision) + !String.IsEqual(Skin.String(CinemaVision.Button),$LOCALIZE[31232])] | !System.HasAddon(script.cinemavision)</visible>-->
<!--					<visible>![Window.IsActive(home) + String.IsEqual(ListItem.DBTYPE,tvshow)]</visible>-->
<!--				</control>-->
				<control type="button" id="911">
					<description>Search Trailer</description>
					<font>IconMediumMD</font>
					<width>65</width>
					<texturenofocus />
					<include>ButtonInfoDialogsCommonValues</include>
					<label></label>
					<onclick>Action(close)</onclick>
					<onclick>RunScript(script.embuary.helper,action=goto,path='"plugin://plugin.video.youtube/kodion/search/query/?q=$INFO[ListItem.OriginalTitle] $LOCALIZE[34142]&amp;search_type=videos"',target=videos)</onclick>
					<visible>System.HasAddon(plugin.video.youtube) + System.HasAddon(script.embuary.helper)</visible>
<!--					<visible>System.HasAddon(plugin.video.youtube) + System.HasAddon(script.embuary.helper) + String.IsEqual(ListItem.DBType,movie) + !Control.IsVisible(11)</visible>-->
				</control>
<!--				<control type="button" id="909">-->
<!--					<description>CinemaVision</description>-->
<!--					<font>IconMediumMD</font>-->
<!--					<width>65</width>-->
<!--					<texturenofocus />-->
<!--					<include>ButtonInfoDialogsCommonValues</include>-->
<!--					<label></label>-->
<!--					<onclick>RunScript(script.cinemavision,dbtype=$INFO[ListItem.DBTYPE],dbid=$INFO[ListItem.DBID])</onclick>-->
<!--					<visible>System.HasAddon(script.cinemavision) + String.IsEmpty(Window(Home).Property(script.cinemavision.running)) + !String.IsEqual(Skin.String(CinemaVision.Button),$LOCALIZE[31014])</visible>-->
<!--					<visible>[String.IsEqual(ListItem.DBTYPE,movie) | String.IsEqual(ListItem.DBTYPE,tvshow) | String.IsEqual(ListItem.DBTYPE,season) | String.IsEqual(ListItem.DBTYPE,episode)]</visible>-->
<!--				</control>-->
				<control type="button" id="910">
					<description>Cast</description>
					<font>IconMediumMD</font>
					<width>65</width>
					<texturenofocus />
					<include>ButtonInfoDialogsCommonValues</include>
					<label></label>
					<onclick>Control.SetFocus(50)</onclick>
					<visible>!String.IsEmpty(ListItem.Cast)</visible>
				</control>
				<control type="button" id="908">
					<description>Special Features</description>
					<font>IconMediumMD</font>
					<width>65</width>
					<texturenofocus />
					<include>ButtonInfoDialogsCommonValues</include>
					<label></label>
					<onclick>Dialog.Close(MovieInformation)</onclick>
					<onclick>RunScript(plugin.video.specialfeatures,listitem)</onclick>
					<visible>System.HasAddon(plugin.video.specialfeatures) + String.IsEqual(Window(home).Property(SpecialFeatures.Visible),true)</visible>
				</control>
				<control type="togglebutton" id="7">
					<description>Set rating</description>
					<font>IconMediumMD</font>
					<width>65</width>
					<include>ButtonInfoDialogsCommonValues</include>
					<texturenofocus />
					<alttexturenofocus />
					<label></label>
					<altlabel></altlabel>
					<usealttexture>!String.IsEmpty(ListItem.UserRating)</usealttexture>
				</control>
				<control type="button" id="10">
					<description>Get Thumb</description>
					<font>IconMediumMD</font>
					<width>65</width>
					<texturenofocus />
					<include>ButtonInfoDialogsCommonValues</include>
					<label></label>
					<enable>!Skin.HasSetting(KioskMode.Enabled)</enable>
				</control>
				<control type="button" id="6">
					<description>Refresh</description>
					<font>IconMediumMD</font>
					<width>65</width>
					<texturenofocus />
					<include>ButtonInfoDialogsCommonValues</include>
					<label></label>
					<enable>!Skin.HasSetting(KioskMode.Enabled)</enable>
				</control>
<!--				<control type="button" id="208">-->
<!--					<description>Extras</description>-->
<!--					<font>IconMediumMD</font>-->
<!--					<width>65</width>-->
<!--					<texturenofocus />-->
<!--					<include>ButtonInfoDialogsCommonValues</include>-->
<!--					<label></label>-->
<!--					 <onclick>SetProperty(KodiDBID,$INFO[ListItem.DBID],movieinformation)</onclick>-->
<!--					<onclick>SetProperty(FSFanart,$INFO[ListItem.Art(fanart)],movieinformation)</onclick>-->
<!--					<onclick condition="Window.IsActive(home) + System.HasAddon(script.embuary.info) + String.IsEqual(ListItem.DBTYPE,movie)">SetProperty(EmbuaryInfoSearchType,movie,Home)</onclick>-->
<!--					<onclick condition="Window.IsActive(home) + System.HasAddon(script.embuary.info) + String.IsEqual(ListItem.DBTYPE,tvshow)">SetProperty(EmbuaryInfoSearchType,tvshow,Home)</onclick>-->
<!--					<onclick condition="Window.IsActive(home) + System.HasAddon(script.embuary.info) + [String.IsEqual(ListItem.DBTYPE,movie) | String.IsEqual(ListItem.DBTYPE,tvshow)] + !String.IsEmpty(ListItem.IMDBNumber)">SetProperty(EmbuaryInfoSearchStringIMDB,$INFO[ListItem.IMDBNumber],Home)</onclick>-->
<!--					<onclick condition="Window.IsActive(home) + System.HasAddon(script.embuary.info) + [String.IsEqual(ListItem.DBTYPE,movie) | String.IsEqual(ListItem.DBTYPE,tvshow)]">SetProperty(EmbuaryInfoSearchStringTitle,$INFO[ListItem.Title],Home)</onclick>-->
<!--					<onclick condition="Window.IsActive(home) + System.HasAddon(script.embuary.info) + [String.IsEqual(ListItem.DBTYPE,movie) | String.IsEqual(ListItem.DBTYPE,tvshow)]">SetProperty(EmbuaryInfoSearchStringYear,$INFO[ListItem.Year],Home)</onclick>-->
<!--					<onclick>ActivateWindow(1119)</onclick>-->
<!--				</control>-->
			</control>

		<!-- Bottom Section -->
			<control type="grouplist" id="90001">
				<left>-7</left>
				<top>630</top>
				<width>2800</width>
				<height>500</height>
				<onup>9000</onup>
				<ondown>noop</ondown>
				<usecontrolcoords>true</usecontrolcoords>
				<control type="group" id="90002">
					<width>1200</width>
					<height>500</height>

				<!-- Plot -->
					<control type="textbox" id="400">
						<left>25</left>
						<top>35</top>
						<width>1160</width>
						<height>400</height>
						<align>justify</align>
						<label>$VAR[VideoPlotVar]</label>
						<font>font16</font>
						<textcolor>grey</textcolor>
						<autoscroll time="3000" delay="8000" repeat="8000">!Skin.HasSetting(Disable.AutoScroll) + !Control.HasFocus(50)</autoscroll>
						<animation effect="slide" start="0" end="0,600" time="400" tween="cubic" easing="inout" condition="Control.HasFocus(50)">Conditional</animation>
						<pagecontrol>95062</pagecontrol>
						<visible>!String.IsEmpty(ListItem.Plot)</visible>
					</control>

				<!-- Discart -->
					<control type="image">
						<left>820</left>
						<top>10</top>
						<width>375</width>
						<height>375</height>
						<aspectratio>keep</aspectratio>
						<texture background="true">$VAR[VideoInfoDetailsImageVar]</texture>
						<visible>[String.IsEqual(ListItem.DBTYPE,movie) + Skin.HasSetting(discartoninfo)] | [String.IsEqual(ListItem.DBTYPE,tvshow) + Skin.HasSetting(CharacterOnInfo)] | [String.IsEqual(ListItem.DBTYPE,episode) + Skin.HasSetting(CharacterOnInfo)]</visible>
					</control>

				</control>
				<include condition="System.HasAddon(script.embuary.info)">CustomActorList</include>
				<include condition="System.HasAddon(script.embuary.helper) + Skin.HasSetting(Enable.ExtendedInfoIntergration) + String.IsEqual(ListItem.DBTYPE,movie)">ExtendedInfoMovieLists</include>
				<include condition="String.IsEqual(ListItem.DBTYPE,movie) + !String.IsEmpty(ListItem.SetID)">ExtendedMovieSetPanel</include>
				<include condition="System.HasAddon(script.embuary.helper) + Skin.HasSetting(Enable.ExtendedInfoTVIntergration) + String.IsEqual(ListItem.DBTYPE,tvshow)">ExtendedInfoSeriesLists</include>
				<include condition="String.IsEqual(ListItem.DBTYPE,tvshow) + Integer.IsGreater(ListItem.Property(TotalSeasons),0)">ExtendedSeasonPanel</include>
			</control>

		<!-- Scrollbar -->
			<control type="scrollbar" id="95062">
				<top>700</top>
				<left>25</left>
				<width>1160</width>
				<height>290</height>
				<onleft>400</onleft>
				<onup condition="!Control.IsVisible(400)">208</onup>
				<texturesliderbackground colordiffuse="1AFFFFFF">colors/white50.png</texturesliderbackground>
				<showonepage>false</showonepage>
				<visible>!String.IsEmpty(Listitem.Plot)</visible>
			</control>

<!--		&lt;!&ndash; Mediaflags &ndash;&gt;-->
<!--			<control type="group">-->
<!--				<top>990</top>-->
<!--				<left>10</left>-->
<!--				<include>Flags_Colored</include>-->
<!--				<animation effect="slide" start="0" end="0,600" time="400" tween="cubic" easing="inout" condition="Control.HasFocus(50)">Conditional</animation>-->
<!--			</control>-->

		<!-- Actor List -->
			<include>DefaultActorList</include>

		</control>
	</controls>
</window>
