<?xml version="1.0" encoding="UTF-8"?>
<window>
	<visible>String.IsEmpty(Window(Home).Property(Enable.ScreenshotMode)) + !Window.IsActive(visualisation) + !Player.HasGame + !Player.FrameAdvance + !Window.IsActive(pvrosdchannels) + ![Player.Paused + Window.IsActive(1134) + !Skin.HasSetting(Disable.Netflix.Pause)]</visible>
	<visible>VideoPlayer.IsFullscreen + [Window.IsVisible(videoosd) | Window.IsVisible(fullscreeninfo) | Player.ShowInfo | Player.Seeking | Player.DisplayAfterSeek | Player.Paused | Player.Forwarding | Player.Rewinding | Player.Caching] | [Window.IsActive(fullscreenvideo) + !String.IsEmpty(PVR.ChannelNumberInput)]</visible>
	<visible>!Window.IsVisible(FullScreenInfo)</visible>
	<zorder>1</zorder>
	<controls>
		<control type="label">
			<left>60</left>
			<top>60</top>
			<width>915</width>
			<height>60</height>
			<label>$INFO[PVR.ChannelNumberInput]</label>
			<font>font_MainMenu</font>
			<shadowcolor>black</shadowcolor>
			<visible>!String.IsEmpty(PVR.ChannelNumberInput)</visible>
		</control>
		<control type="group">
			<visible>!Window.IsVisible(pvrchannelguide) + !Window.IsVisible(pvrosdchannels)</visible>
			<include condition="VideoPlayer.Content(LiveTV)">FullScreenInfoBarLiveTV</include>
		</control>
	</controls>
</window>