<?xml version="1.0" encoding="UTF-8"?>
<window>
	<defaultcontrol always="true">62</defaultcontrol>
	<controls>
		<control type="button" id="62">
			<onclick>Dialog.Close(textviewer)</onclick>
			<onleft>Dialog.Close(textviewer)</onleft>
			<onright>Dialog.Close(textviewer)</onright>
			<onup>PageUp(610)</onup>
			<ondown>PageDown(610)</ondown>
			<include>HiddenObject</include>
		</control>
		<control type="image">
			<include>FullscreenDimensions</include>
			<texture border="1" colordiffuse="AAFFFFFF">black.png</texture>
			<animation effect="fade" time="100">WindowOpen</animation>
			<animation effect="fade" time="50">WindowClose</animation>
		</control>
		<control type="group">
			<include>WindowSettingsFadeAnimation</include>
			<left>270</left>
			<top>88</top>
			<control type="image">
				<width>1380</width>
				<height>904</height>
				<texture border="40">lists/listpanel_back.png</texture>
			</control>
			<control type="label" id="1">
				<left>62</left>
				<top>32</top>
				<width>1256</width>
				<height>40</height>
				<font>font16_title</font>
				<align>center</align>
				<textcolor>dialogheader</textcolor>
			</control>
			<control type="textbox" id="5">
				<left>62</left>
				<top>72</top>
				<width>1256</width>
				<height>800</height>
				<textcolor>grey2</textcolor>
				<pagecontrol>610</pagecontrol>
			</control>
			<control type="scrollbar" id="610">
				<top>32</top>
				<left>0</left>
				<width>1370</width>
				<height>850</height>
				<ondown>610</ondown>
				<onup>610</onup>
				<showonepage>false</showonepage>
				<texturesliderbackground />
				<texturesliderbar border="1" colordiffuse="$VAR[ThemeLabelColor]">scrollbar/texturesliderbar_wide.png</texturesliderbar>
				<texturesliderbarfocus border="1">scrollbar/texturesliderbar_wide.png</texturesliderbarfocus>
			</control>
		</control>
	</controls>
</window>