<?xml version="1.0" encoding="UTF-8"?>
<window>
	<animation type="WindowOpen" reversible="false">
		<effect type="slide" start="0,100" tween="cubic" easing="inout" time="720" />
	</animation>
	<animation type="WindowClose" reversible="false">
		<effect type="slide" end="0,100" tween="cubic" easing="inout" time="720" />
	</animation>
	<controls>
		<control type="group">
		    <top>1030</top>
			<visible>!Window.IsVisible(fullscreenvideo) + !Window.IsVisible(visualisation) + !Window.IsActive(startup) + !Window.IsVisible(DialogVolumeBar.xml) + !Window.IsVisible(DialogNotification.xml) + !Window.IsVisible(DialogBusy.xml)</visible>
			<control type="group">
				<animation type="Visible" reversible="false">
					<effect type="slide" start="0,-138" tween="cubic" easing="inout" time="720" />
				</animation>
				<animation type="Hidden" reversible="false">
					<effect type="slide" end="0,0" tween="cubic" easing="inout" time="720" />
				</animation>
				<control type="image">
					<left>-5%</left>
					<width>110%</width>
					<height>70</height>
					<align>center</align>
					<texture border="40">dialogs/default/bg.png</texture>
				</control>
				<control type="progress" id="32">
					<left>0</left>
					<width>100%</width>
					<height>50</height>
					<lefttexture />
					<righttexture />
					<overlaytexture />
					<texturebg border="2">osd/texturebg2.png</texturebg>
					<midtexture border="2" colordiffuse="$VAR[ThemeLabelColor]">midtexture.png</midtexture>
				</control>
				<control type="label">
					<left>20</left>
					<top>1</top>
					<width>1880</width>
					<height>36</height>
					<font>font24_title</font>
					<textcolor>grey</textcolor>
					<align>center</align>
					<label>$INFO[Control.GetLabel(31),,:]$INFO[Control.GetLabel(30), ]$INFO[Control.GetLabel(32),   -   ,%]</label>
				</control>
				<control type="label" id="31">
					<include>HiddenObject</include>
				</control>
				<control type="label" id="30">
					<description>Header Label</description>
					<include>HiddenObject</include>
				</control>
			</control>
		</control>
	</controls>
</window>