<?xml version="1.0" encoding="UTF-8"?>
<window>
	<defaultcontrol always="true">996</defaultcontrol>
	<animation type="WindowOpen" reversible="false">
		<effect type="zoom" start="150" end="100" center="auto" time="300" tween="cubic" easing="out" />
		<effect type="fade" end="100" time="150" />
	</animation>
	<animation type="WindowClose" reversible="false">
		<effect type="fade" start="100" end="0" time="100" delay="100" />
		<effect type="zoom" start="100" end="130" center="auto" time="200" tween="cubic" easing="in" />
	</animation>
	<coordinates>
		<top>80</top>
	</coordinates>

	<controls>
		<include>FullScreen_Overlay</include>
		<control type="image" id="999">
			<top>-44</top>
			<width>540</width>
			<height>1133</height>
			<texture border="30,20,30,2">dialogs/dialog_top.png</texture>
		</control>	
		<control type="image">
			<top>-74</top>
			<left>14</left>
			<width>510</width>
			<height>70</height>
			<align>center</align>
			<texture>dialogs/dialog_window_banner.png</texture>
		</control>
		<control type="radiobutton">
			<top>-65</top>
			<left>470</left>
			<width>48</width>
			<height>48</height>
			<radiowidth>48</radiowidth>
			<radioheight>48</radioheight>
			<texturefocus />
			<texturenofocus />
			<label/>
			<textureradioofffocus>icons/close.png</textureradioofffocus>
			<textureradiooffnofocus colordiffuse="EEFFFFFF">icons/kodi_logo.png</textureradiooffnofocus>
			<textureradioonfocus>icons/close.png</textureradioonfocus>
			<textureradioonnofocus colordiffuse="EEFFFFFF">icons/kodi_logo.png</textureradioonnofocus>
			<onclick>Action(close)</onclick>
		</control>
		<control type="label">
			<top>-74</top>
			<left>40</left>
			<width>510</width>
			<height>70</height>
			<align>left</align>
			<font>font14_bold</font>
			<label>$LOCALIZE[33061]</label>
		</control>
		<control type="grouplist" id="996">
			<left>30</left>
			<width>510</width>
			<height min="60" max="1080">auto</height>
			<control type="button" id="99999">
				<label>$LOCALIZE[208]</label>
				<height>60</height>
				<font>font14</font>
				<textoffsetx>15</textoffsetx>
				<onclick>Dialog.Close(musicinformation)</onclick>
				<onclick>PlayMedia($VAR[ArtistAlbumInfoPathVar],isdir)</onclick>
				<visible>Window.IsVisible(musicinformation)</visible>
			</control>
		</control>
		<control type="button" id="1000">
			<height>60</height>
			<font>font14</font>
			<textoffsetx>15</textoffsetx>
			<visible>!Window.IsVisible(musicinformation)</visible>
		</control>
	</controls>
</window>