<?xml version="1.0" encoding="UTF-8"?>
<window>
	<defaultcontrol>10001</defaultcontrol>
	<include>FullscreenDimensions</include>
	<include>OpenClose_FadeSlide_Left</include>
	<coordinates>
		<system>1</system>
		<left>1</left>
		<top>25</top>
	</coordinates>
	<controls>
	    <include>FullScreen_Overlay</include>
		<control type="group" id="9000">
    	    <top>-5</top>
		    <left>5</left>
			<onleft>9000</onleft>
			<onright>9000</onright>
		<!-- Labels -->
			 <control type="grouplist">
				<top>70</top>
				<left>1</left>
				<aligny>left</aligny>
				<itemgap>0</itemgap>
				<control type="button" id="10001">
					<description>System settings</description>
					<label>5</label>
					<width>315</width>
					<height>64</height>
					<font>font14</font>
					<textcolor>grey</textcolor>
					<focusedcolor>$VAR[ThemeLabelColor]</focusedcolor>
					<shadowcolor>shadow</shadowcolor>
					<textwidth>265</textwidth>
					<textoffsetx>60</textoffsetx>
					<texturenofocus>dialogs/dialog_shuthdown_menu_nf.png</texturenofocus>
					<texturefocus>dialogs/dialog_shuthdown_menu_f.png</texturefocus>
					<onclick>ActivateWindow(settings)</onclick>
					<onup>10008</onup>
					<ondown>10002</ondown>
				</control>
				<control type="button" id="10002">
					<description>Skin Settings</description>
					<label>10035</label>
					<width>315</width>
					<height>64</height>
					<font>font14</font>
					<textcolor>grey</textcolor>
					<focusedcolor>$VAR[ThemeLabelColor]</focusedcolor>
					<shadowcolor>shadow</shadowcolor>
					<textwidth>265</textwidth>
					<textoffsetx>60</textoffsetx>
					<texturenofocus>dialogs/dialog_shuthdown_menu_nf.png</texturenofocus>
					<texturefocus>dialogs/dialog_shuthdown_menu_f.png</texturefocus>
					<onclick>Dialog.Close(all,true)</onclick>
					<onclick>ActivateWindow(skinsettings)</onclick>
					<onup>10001</onup>
					<ondown>10003</ondown>
				</control>
				<control type="button" id="10003">
					<description>Reload Skin</description>
					<label>20183</label>
					<width>315</width>
					<height>64</height>
					<font>font14</font>
					<textcolor>grey</textcolor>
					<focusedcolor>$VAR[ThemeLabelColor]</focusedcolor>
					<shadowcolor>shadow</shadowcolor>
					<textwidth>265</textwidth>
					<textoffsetx>60</textoffsetx>
					<texturenofocus>dialogs/dialog_shuthdown_menu_nf.png</texturenofocus>
					<texturefocus>dialogs/dialog_shuthdown_menu_f.png</texturefocus>
					<onclick>Dialog.Close(all,true)</onclick>
					<onclick>ReloadSkin</onclick>
					<onup>10002</onup>
					<ondown>10004</ondown>
				</control>
				<control type="button" id="10004">
					<description>Addon Browser</description>
					<label>24001</label>
					<width>315</width>
					<height>64</height>
					<font>font14</font>
					<textcolor>grey</textcolor>
					<focusedcolor>$VAR[ThemeLabelColor]</focusedcolor>
					<shadowcolor>shadow</shadowcolor>
					<textwidth>265</textwidth>
					<textoffsetx>60</textoffsetx>
					<texturenofocus>dialogs/dialog_shuthdown_menu_nf.png</texturenofocus>
					<texturefocus>dialogs/dialog_shuthdown_menu_f.png</texturefocus>
					<onclick>Dialog.Close(all,true)</onclick>
					<onclick>ActivateWindow(AddonBrowser)</onclick>
					<onup>10003</onup>
					<ondown>10005</ondown>
				</control>
				<control type="button" id="10005">
					<description>File Manager</description>
					<label>34146</label>
					<width>315</width>
					<height>64</height>
					<font>font14</font>
					<textcolor>grey</textcolor>
					<focusedcolor>$VAR[ThemeLabelColor]</focusedcolor>
					<shadowcolor>shadow</shadowcolor>
					<textwidth>265</textwidth>
					<textoffsetx>60</textoffsetx>
					<texturenofocus>dialogs/dialog_shuthdown_menu_nf.png</texturenofocus>
					<texturefocus>dialogs/dialog_shuthdown_menu_f.png</texturefocus>
					<onclick>Dialog.Close(all,true)</onclick>
					<onclick>ActivateWindow(FileManager)</onclick>
					<onup>10005</onup>
					<ondown>10007</ondown>
				</control>
				<control type="button" id="10006">
					<description>Favourites</description>
					<top>450</top>
					<label>1036</label>
					<width>315</width>
					<height>64</height>
					<font>font14</font>
					<textcolor>grey</textcolor>
					<focusedcolor>$VAR[ThemeLabelColor]</focusedcolor>
					<shadowcolor>shadow</shadowcolor>
					<textwidth>265</textwidth>
					<textoffsetx>60</textoffsetx>
					<texturenofocus>dialogs/dialog_shuthdown_menu_nf.png</texturenofocus>
					<texturefocus>dialogs/dialog_shuthdown_menu_f.png</texturefocus>
					<onclick>Dialog.Close(all,true)</onclick>
					<onclick>ActivateWindow(FavouritesBrowser)</onclick>
					<onup>10006</onup>
					<ondown>10008</ondown>
				</control>
				<control type="button" id="10007">
					<description>Exit button</description>
					<top>514</top>
					<label>13012</label>
					<width>315</width>
					<height>64</height>
					<font>font14</font>
					<textcolor>grey</textcolor>
					<focusedcolor>$VAR[ThemeLabelColor]</focusedcolor>
					<shadowcolor>shadow</shadowcolor>
					<textwidth>265</textwidth>
					<textoffsetx>60</textoffsetx>
					<texturenofocus>dialogs/dialog_shuthdown_menu_nf.png</texturenofocus>
					<texturefocus>dialogs/dialog_shuthdown_menu_f.png</texturefocus>
					<onclick>Dialog.Close(all,true)</onclick>
					<onclick>Quit()</onclick>
					<onup>10007</onup>
					<ondown>10001</ondown>
				</control>
			</control>


		<!-- Icons -->
		    <control type="grouplist">
				<top>80</top>
				<left>10</left>
				<aligny>left</aligny>
				<itemgap>24</itemgap>
				<control type="image">
					<width>40</width>
					<height>40</height>
					<texture colordiffuse="$VAR[ThemeLabelColor]">icons/settings_focus.png</texture>
					<visible>Control.HasFocus(10001)</visible>
				</control>
				<control type="image">
					<width>40</width>
					<height>40</height>
					<texture colordiffuse="grey">icons/settings_focus.png</texture>
					<visible>!Control.HasFocus(10001)</visible>
				</control>
				<control type="image">
					<width>40</width>
					<height>40</height>
					<texture colordiffuse="$VAR[ThemeLabelColor]">icons/system2_focus.png</texture>
					<visible>Control.HasFocus(10002)</visible>
				</control>
				<control type="image">
					<width>40</width>
					<height>40</height>
					<texture colordiffuse="grey">icons/system2_focus.png</texture>
					<visible>!Control.HasFocus(10002)</visible>
				</control>
				<control type="image">
					<width>40</width>
					<height>40</height>
					<texture colordiffuse="$VAR[ThemeLabelColor]">icons/interface_focus.png</texture>
					<visible>Control.HasFocus(10003)</visible>
				</control>
				<control type="image">
					<width>40</width>
					<height>40</height>
					<texture colordiffuse="grey">icons/interface_focus.png</texture>
					<visible>!Control.HasFocus(10003)</visible>
				</control>
				<control type="image">
					<width>40</width>
					<height>40</height>
					<texture colordiffuse="$VAR[ThemeLabelColor]">icons/addons_focus.png</texture>
					<visible>Control.HasFocus(10004)</visible>
				</control>
				<control type="image">
					<width>40</width>
					<height>40</height>
					<texture colordiffuse="grey">icons/addons_focus.png</texture>
					<visible>!Control.HasFocus(10004)</visible>
				</control>
				<control type="image">
					<width>40</width>
					<height>40</height>
					<texture colordiffuse="$VAR[ThemeLabelColor]">icons/file_manager_focus.png</texture>
					<visible>Control.HasFocus(10005)</visible>
				</control>
				<control type="image">
					<width>40</width>
					<height>40</height>
					<texture colordiffuse="grey">icons/file_manager_focus.png</texture>
					<visible>!Control.HasFocus(10005)</visible>
				</control>
				<control type="image">
					<width>40</width>
					<height>40</height>
					<texture colordiffuse="$VAR[ThemeLabelColor]">icons/favourites_focus.png</texture>
					<visible>Control.HasFocus(10006)</visible>
				</control>
				<control type="image">
					<width>40</width>
					<height>40</height>
					<texture colordiffuse="grey">icons/favourites_focus.png</texture>
					<visible>!Control.HasFocus(10006)</visible>
				</control>
				<control type="image">
					<width>40</width>
					<height>40</height>
					<texture colordiffuse="$VAR[ThemeLabelColor]">icons/power_fo.png</texture>
					<visible>Control.HasFocus(10007)</visible>
				</control>
				<control type="image">
					<width>40</width>
					<height>40</height>
					<texture colordiffuse="grey">icons/power_fo.png</texture>
					<visible>!Control.HasFocus(10007)</visible>
				</control>
            </control>
		</control>
	</controls>
</window>
