<?xml version="1.0" encoding="UTF-8"?>
<window>
	<defaultcontrol always="true">9000</defaultcontrol>
	<coordinates>
		<system>1</system>
		<left>550</left>
		<top>245</top>
	</coordinates>
	<include>OpenClose_Zoom</include>
	<controls>
		<control type="group">
			<visible>!Window.IsActive(1129)</visible>
			<include>SettingsFadeAnimation</include>
			<control type="image">
				<width>820</width>
				<height>350</height>
				<texture border="40">dialogs/default/bg.png</texture>
			</control>
			<control type="group">
				<top>30</top>
				<control type="label">
					<left>29</left>
					<width>760</width>
					<height>40</height>
					<font>font16_title_bold</font>
					<label>$LOCALIZE[35221]</label>
					<textcolor>dialogheader</textcolor>
					<align>center</align>
					<scroll>true</scroll>
				</control>
				<control type="image">
					<left>17</left>
					<top>50</top>
					<width>785</width>
					<height>1</height>
					<texture colordiffuse="$VAR[ThemeLabelColor]">lists/separator_horizontal.png</texture>
				</control>
			</control>
			<control type="group" id="9000">
				<control type="list" id="3">
					<left>20</left>
					<top>88</top>
					<width>800</width>
					<height>360</height>
					<onup>3</onup>
					<ondown>3</ondown>
					<onleft>60</onleft>
					<pagecontrol>60</pagecontrol>
					<scrolltime tween="quadratic" easing="out">200</scrolltime>
					<itemlayout height="60" width="800">
						<control type="image">
							<width>60</width>
							<height>60</height>
							<texture colordiffuse="grey2">$INFO[ListItem.Icon]</texture>
						</control>
						<control type="label">
							<left>64</left>
							<width>716</width>
							<height>60</height>
							<textoffsetx>15</textoffsetx>
							<font>font14</font>
							<textcolor>grey2</textcolor>
							<label>$INFO[ListItem.Label]</label>
						</control>
						<control type="label">
							<left>64</left>
							<width>716</width>
							<height>60</height>
							<textoffsetx>15</textoffsetx>
							<font>font14</font>
							<textcolor>grey2</textcolor>
							<align>right</align>
							<label>$INFO[ListItem.Label2]</label>
						</control>
					</itemlayout>
					<focusedlayout height="60" width="800">
						<control type="image">
							<width>780</width>
							<height>60</height>
							<texture border="5">lists/listselect.png</texture>
							<visible>Control.HasFocus(3)</visible>
							<include>VisibleFadeAnimation</include>
						</control>
						<control type="group">
							<animation effect="fade" start="100" end="70" time="300" tween="sine" easing="inout" condition="!Control.HasFocus(3)">Conditional</animation>
							<control type="image">
								<width>60</width>
								<height>60</height>
								<texture colordiffuse="white">$INFO[ListItem.Icon]</texture>
							</control>
							<control type="label">
								<left>64</left>
								<width>716</width>
								<height>60</height>
								<textoffsetx>15</textoffsetx>
								<font>font14</font>
								<scroll>true</scroll>
								<label>$INFO[ListItem.Label]</label>
							</control>
							<control type="label">
								<left>64</left>
								<width>716</width>
								<height>60</height>
								<textoffsetx>15</textoffsetx>
								<font>font14</font>
								<align>right</align>
								<label>$INFO[ListItem.Label2]</label>
							</control>
						</control>
					</focusedlayout>
					<content>
						<item>
							<description>Pause / Resume button</description>
							<label>$LOCALIZE[35224]</label>
							<label2>Select + X</label2>
							<icon>osd/play.png</icon>
							<onclick>Play</onclick>
						</item>
						<item>
							<description>Reset button</description>
							<label>$LOCALIZE[13007]</label>
							<icon>osd/reset.png</icon>
							<onclick>PlayerControl(Reset)</onclick>
						</item>
						<item>
							<description>Stop button</description>
							<label>$LOCALIZE[35222]</label>
							<label2>Select + Start</label2>
							<icon>osd/stop.png</icon>
							<onclick>Stop</onclick>
						</item>
						<item>
							<description>Settings button</description>
							<label>$LOCALIZE[5]</label>
							<icon>icons/settings.png</icon>
							<onclick>SetProperty(CustomSelectGameOSDSettings,true,Home)</onclick>
							<onclick>ActivateWindow(1129)</onclick>
						</item>
					</content>
				</control>
			</control>
		</control>
	</controls>
</window>