<?xml version="1.0" encoding="UTF-8"?>
<includes>
	<!-- DialogVideoInfo -->
	<include name="ExtendedInfoListLayout">
		<param name="PanelID" />
		<param name="overlayVisibility">!String.IsEmpty(ListItem.Property(DBID))</param>
		<param name="labelVisibility">false</param>
		<param name="label" default="$INFO[ListItem.Label2]" />
		<param name="label1" default="$INFO[ListItem.Label]" />
		<param name="label2" default="$INFO[ListItem.Year]" />
		<param name="texture" default="$VAR[PosterVar]" />
		<param name="content" />
		<param name="sortby" />
		<param name="limit" />
		<definition>
			<left>15</left>
			<width>1196</width>
			<height>500</height>
			<orientation>horizontal</orientation>
			<preloaditems>2</preloaditems>
			<onup>90002</onup>
			<scrolltime tween="quadratic" easing="out">300</scrolltime>
			<itemlayout height="500" width="299">
				<control type="image">
					<left>-15</left>
					<top>-10</top>
					<width>320</width>
					<height>450</height>
					<bordersize>22</bordersize>
					<bordertexture border="20">thumbs/shadow.png</bordertexture>
					<aspectratio aligny="top">scale</aspectratio>
					<texture background="true">$PARAM[texture]</texture>
				</control>
				<control type="group">
					<visible>$PARAM[labelVisibility]</visible>
					<control type="image">
						<left>5</left>
						<width>282</width>
						<height>418</height>
						<texture>overlays/poster_bottom_fade.png</texture>
					</control>
					<control type="label">
						<left>8</left>
						<top>374</top>
						<width>274</width>
						<height>43</height>
						<align>center</align>
						<font>font14</font>
						<shadowcolor>shadow</shadowcolor>
						<textcolor>white2</textcolor>
						<label>$PARAM[label]</label>
					</control>
				</control>
				<control type="label">
					<left>3</left>
					<top>422</top>
					<width>284</width>
					<height>43</height>
					<align>center</align>
					<font>font14</font>
					<shadowcolor>shadow</shadowcolor>
					<label>$PARAM[label1]</label>
				</control>
				<control type="label">
					<left>3</left>
					<top>422</top>
					<width>284</width>
					<height>43</height>
					<align>center</align>
					<font>font14</font>
					<shadowcolor>shadow</shadowcolor>
					<label>$PARAM[label1]</label>
				</control>
				<control type="image">
					<left>7</left>
					<top>12</top>
					<width>67</width>
					<height>30</height>
					<texture>colors/black50.png</texture>
					<aspectratio aligny="center">scale</aspectratio>
					<visible>!String.IsEmpty(ListItem.Year) + !Control.HasFocus(90016)</visible>
				</control>
				<control type="label">
					<left>8</left>
					<top>4</top>
					<width>274</width>
					<height>43</height>
					<font>font14</font>
					<shadowcolor>shadow</shadowcolor>
					<label>$PARAM[label2]</label>
				</control>
				<control type="image">
					<left>242</left>
					<top>13</top>
					<width>40</width>
					<height>40</height>
					<texture>overlays/addons/enabled.png</texture>
					<visible>$PARAM[overlayVisibility]</visible>
				</control>
			</itemlayout>
			<focusedlayout height="500" width="299">
				<control type="group">
					<animation effect="zoom" start="95" end="100" time="200" tween="sine" easing="inout" center="auto">Focus</animation>
					<control type="image">
						<left>-15</left>
						<top>-10</top>
						<width>320</width>
						<height>450</height>
						<bordersize>22</bordersize>
						<bordertexture border="20">thumbs/shadow.png</bordertexture>
						<aspectratio aligny="top">scale</aspectratio>
						<texture background="true">$PARAM[texture]</texture>
					</control>
					<control type="group">
						<visible>$PARAM[labelVisibility]</visible>
						<control type="image">
							<left>5</left>
							<width>282</width>
							<height>418</height>
							<texture>overlays/poster_bottom_fade.png</texture>
						</control>
						<control type="label">
							<left>8</left>
							<top>374</top>
							<width>274</width>
							<height>43</height>
							<align>center</align>
							<font>font14</font>
							<shadowcolor>shadow</shadowcolor>
							<textcolor>$VAR[ThemeLabelColor]</textcolor>
							<label>$PARAM[label]</label>
							<animation effect="fade" start="100" end="40" time="300" tween="sine" easing="inout" condition="!Control.HasFocus($PARAM[PanelID])">Conditional</animation>
						</control>
					</control>
					<control type="image">
						<left>7</left>
						<top>12</top>
						<width>67</width>
						<height>30</height>
						<texture>colors/black50.png</texture>
						<aspectratio aligny="center">scale</aspectratio>
						<visible>!String.IsEmpty(ListItem.Year) + !Control.HasFocus(90016)</visible>
					</control>
					<control type="label">
						<left>8</left>
						<top>4</top>
						<width>274</width>
						<height>43</height>
						<font>font14</font>
						<shadowcolor>shadow</shadowcolor>
						<textcolor>$VAR[ThemeLabelColor]</textcolor>
						<label>$PARAM[label2]</label>
						<animation effect="fade" start="100" end="40" time="300" tween="sine" easing="inout" condition="!Control.HasFocus($PARAM[PanelID])">Conditional</animation>
					</control>
					<control type="label">
						<left>3</left>
						<top>422</top>
						<width>284</width>
						<height>43</height>
						<align>center</align>
						<font>font14</font>
						<shadowcolor>shadow</shadowcolor>
						<textcolor>$VAR[ThemeLabelColor]</textcolor>
						<label>$PARAM[label1]</label>
						<animation effect="fade" start="100" end="40" time="300" tween="sine" easing="inout" condition="!Control.HasFocus($PARAM[PanelID])">Conditional</animation>
					</control>
					<control type="image">
						<left>242</left>
						<top>13</top>
						<width>40</width>
						<height>40</height>
						<texture>overlays/addons/enabled.png</texture>
						<visible>$PARAM[overlayVisibility]</visible>
					</control>
				</control>
			</focusedlayout>
			<content sortby="$PARAM[sortby]" limit="$PARAM[limit]" target="videos" browse="never">$PARAM[content]</content>
		</definition>
	</include>
	<include name="VideoCastItem">
		<param name="CastListItemID" />
		<definition>
			<item>
				<label>$INFO[Container(50).ListItemAbsolute($PARAM[CastListItemID]).Label]</label>
				<label2>$INFO[Container(50).ListItemAbsolute($PARAM[CastListItemID]).Label2]</label2>
				<icon>$INFO[Container(50).ListItemAbsolute($PARAM[CastListItemID]).Icon]</icon>
				<onclick>SetProperty(ActorID,$PARAM[CastListItemID])</onclick>
				<onclick>SetProperty(ActorName,$INFO[Container(50).ListItemAbsolute($PARAM[CastListItemID]).Label])</onclick>
				<onclick>ActivateWindow(1129)</onclick>
				<visible>!String.IsEmpty(Container(50).ListItemAbsolute($PARAM[CastListItemID]).Label)</visible>
			</item>
		</definition>
	</include>
	<include name="CastPanelContent">
		<include content="VideoCastItem">
			<param name="CastListItemID">0</param>
		</include>
		<include content="VideoCastItem">
			<param name="CastListItemID">1</param>
		</include>
		<include content="VideoCastItem">
			<param name="CastListItemID">2</param>
		</include>
		<include content="VideoCastItem">
			<param name="CastListItemID">3</param>
		</include>
		<include content="VideoCastItem">
			<param name="CastListItemID">4</param>
		</include>
		<include content="VideoCastItem">
			<param name="CastListItemID">5</param>
		</include>
		<include content="VideoCastItem">
			<param name="CastListItemID">6</param>
		</include>
		<include content="VideoCastItem">
			<param name="CastListItemID">7</param>
		</include>
		<include content="VideoCastItem">
			<param name="CastListItemID">8</param>
		</include>
		<include content="VideoCastItem">
			<param name="CastListItemID">9</param>
		</include>
		<include content="VideoCastItem">
			<param name="CastListItemID">10</param>
		</include>
		<include content="VideoCastItem">
			<param name="CastListItemID">11</param>
		</include>
		<include content="VideoCastItem">
			<param name="CastListItemID">12</param>
		</include>
		<include content="VideoCastItem">
			<param name="CastListItemID">13</param>
		</include>
		<include content="VideoCastItem">
			<param name="CastListItemID">14</param>
		</include>
		<include content="VideoCastItem">
			<param name="CastListItemID">15</param>
		</include>
		<include content="VideoCastItem">
			<param name="CastListItemID">16</param>
		</include>
		<include content="VideoCastItem">
			<param name="CastListItemID">17</param>
		</include>
		<include content="VideoCastItem">
			<param name="CastListItemID">18</param>
		</include>
		<include content="VideoCastItem">
			<param name="CastListItemID">19</param>
		</include>
		<include content="VideoCastItem">
			<param name="CastListItemID">20</param>
		</include>
		<include content="VideoCastItem">
			<param name="CastListItemID">21</param>
		</include>
		<include content="VideoCastItem">
			<param name="CastListItemID">22</param>
		</include>
		<include content="VideoCastItem">
			<param name="CastListItemID">23</param>
		</include>
		<include content="VideoCastItem">
			<param name="CastListItemID">24</param>
		</include>
		<include content="VideoCastItem">
			<param name="CastListItemID">25</param>
		</include>
		<include content="VideoCastItem">
			<param name="CastListItemID">26</param>
		</include>
		<include content="VideoCastItem">
			<param name="CastListItemID">27</param>
		</include>
		<include content="VideoCastItem">
			<param name="CastListItemID">28</param>
		</include>
		<include content="VideoCastItem">
			<param name="CastListItemID">29</param>
		</include>
		<include content="VideoCastItem">
			<param name="CastListItemID">30</param>
		</include>
		<include content="VideoCastItem">
			<param name="CastListItemID">31</param>
		</include>
		<include content="VideoCastItem">
			<param name="CastListItemID">32</param>
		</include>
		<include content="VideoCastItem">
			<param name="CastListItemID">33</param>
		</include>
		<include content="VideoCastItem">
			<param name="CastListItemID">34</param>
		</include>
		<include content="VideoCastItem">
			<param name="CastListItemID">35</param>
		</include>
		<include content="VideoCastItem">
			<param name="CastListItemID">36</param>
		</include>
		<include content="VideoCastItem">
			<param name="CastListItemID">37</param>
		</include>
		<include content="VideoCastItem">
			<param name="CastListItemID">38</param>
		</include>
		<include content="VideoCastItem">
			<param name="CastListItemID">39</param>
		</include>
		<include content="VideoCastItem">
			<param name="CastListItemID">40</param>
		</include>
		<include content="VideoCastItem">
			<param name="CastListItemID">41</param>
		</include>
		<include content="VideoCastItem">
			<param name="CastListItemID">42</param>
		</include>
		<include content="VideoCastItem">
			<param name="CastListItemID">43</param>
		</include>
		<include content="VideoCastItem">
			<param name="CastListItemID">44</param>
		</include>
		<include content="VideoCastItem">
			<param name="CastListItemID">45</param>
		</include>
		<include content="VideoCastItem">
			<param name="CastListItemID">46</param>
		</include>
		<include content="VideoCastItem">
			<param name="CastListItemID">47</param>
		</include>
		<include content="VideoCastItem">
			<param name="CastListItemID">48</param>
		</include>
		<include content="VideoCastItem">
			<param name="CastListItemID">49</param>
		</include>
		<include content="VideoCastItem">
			<param name="CastListItemID">50</param>
		</include>
		<include content="VideoCastItem">
			<param name="CastListItemID">51</param>
		</include>
		<include content="VideoCastItem">
			<param name="CastListItemID">52</param>
		</include>
		<include content="VideoCastItem">
			<param name="CastListItemID">53</param>
		</include>
		<include content="VideoCastItem">
			<param name="CastListItemID">54</param>
		</include>
		<include content="VideoCastItem">
			<param name="CastListItemID">55</param>
		</include>
		<include content="VideoCastItem">
			<param name="CastListItemID">56</param>
		</include>
		<include content="VideoCastItem">
			<param name="CastListItemID">57</param>
		</include>
		<include content="VideoCastItem">
			<param name="CastListItemID">58</param>
		</include>
		<include content="VideoCastItem">
			<param name="CastListItemID">59</param>
		</include>
		<include content="VideoCastItem">
			<param name="CastListItemID">60</param>
		</include>
		<include content="VideoCastItem">
			<param name="CastListItemID">61</param>
		</include>
		<include content="VideoCastItem">
			<param name="CastListItemID">62</param>
		</include>
		<include content="VideoCastItem">
			<param name="CastListItemID">63</param>
		</include>
		<include content="VideoCastItem">
			<param name="CastListItemID">64</param>
		</include>
		<include content="VideoCastItem">
			<param name="CastListItemID">65</param>
		</include>
		<include content="VideoCastItem">
			<param name="CastListItemID">66</param>
		</include>
		<include content="VideoCastItem">
			<param name="CastListItemID">67</param>
		</include>
		<include content="VideoCastItem">
			<param name="CastListItemID">68</param>
		</include>
		<include content="VideoCastItem">
			<param name="CastListItemID">69</param>
		</include>
		<include content="VideoCastItem">
			<param name="CastListItemID">70</param>
		</include>
		<include content="VideoCastItem">
			<param name="CastListItemID">71</param>
		</include>
		<include content="VideoCastItem">
			<param name="CastListItemID">72</param>
		</include>
		<include content="VideoCastItem">
			<param name="CastListItemID">73</param>
		</include>
		<include content="VideoCastItem">
			<param name="CastListItemID">74</param>
		</include>
		<include content="VideoCastItem">
			<param name="CastListItemID">75</param>
		</include>
		<include content="VideoCastItem">
			<param name="CastListItemID">76</param>
		</include>
		<include content="VideoCastItem">
			<param name="CastListItemID">77</param>
		</include>
		<include content="VideoCastItem">
			<param name="CastListItemID">78</param>
		</include>
		<include content="VideoCastItem">
			<param name="CastListItemID">79</param>
		</include>
		<include content="VideoCastItem">
			<param name="CastListItemID">80</param>
		</include>
		<include content="VideoCastItem">
			<param name="CastListItemID">81</param>
		</include>
		<include content="VideoCastItem">
			<param name="CastListItemID">82</param>
		</include>
		<include content="VideoCastItem">
			<param name="CastListItemID">83</param>
		</include>
		<include content="VideoCastItem">
			<param name="CastListItemID">84</param>
		</include>
		<include content="VideoCastItem">
			<param name="CastListItemID">85</param>
		</include>
		<include content="VideoCastItem">
			<param name="CastListItemID">86</param>
		</include>
		<include content="VideoCastItem">
			<param name="CastListItemID">87</param>
		</include>
		<include content="VideoCastItem">
			<param name="CastListItemID">88</param>
		</include>
		<include content="VideoCastItem">
			<param name="CastListItemID">89</param>
		</include>
		<include content="VideoCastItem">
			<param name="CastListItemID">90</param>
		</include>
		<include content="VideoCastItem">
			<param name="CastListItemID">91</param>
		</include>
		<include content="VideoCastItem">
			<param name="CastListItemID">92</param>
		</include>
		<include content="VideoCastItem">
			<param name="CastListItemID">93</param>
		</include>
		<include content="VideoCastItem">
			<param name="CastListItemID">94</param>
		</include>
		<include content="VideoCastItem">
			<param name="CastListItemID">95</param>
		</include>
		<include content="VideoCastItem">
			<param name="CastListItemID">96</param>
		</include>
		<include content="VideoCastItem">
			<param name="CastListItemID">97</param>
		</include>
		<include content="VideoCastItem">
			<param name="CastListItemID">98</param>
		</include>
		<include content="VideoCastItem">
			<param name="CastListItemID">99</param>
		</include>
	</include>
	<include name="ExtendedInfoMovieLists">
		<control type="panel" id="90011">
			<visible allowhiddenfocus="true">Integer.IsGreater(Container(90011).NumItems,0)</visible>
			<onclick condition="System.AddonIsEnabled(plugin.video.themoviedb.helper)">RunScript(plugin.video.themoviedb.helper,add_path='"$INFO[Container(90011).ListItem.Title,videodb://movies/titles/?xsp=%7B%22order%22%3A%7B%22direction%22%3A%22ascending%22%2C%22ignorefolders%22%3A0%2C%22method%22%3A%22sorttitle%22%7D%2C%22rules%22%3A%7B%22and%22%3A%5B%7B%22field%22%3A%22title%22%2C%22operator%22%3A%22is%22%2C%22value%22%3A%5B%22,%22%5D%7D%5D%7D%2C%22type%22%3A%22movies%22%7D]"',call_auto=1111)</onclick>
			<include content="ExtendedInfoListLayout">
				<param name="PanelID">90011</param>
				<param name="content">plugin://script.embuary.helper/?info=getsimilar&amp;dbid=$INFO[ListItem.DBID]&amp;type=movie</param>
			</include>
		</control>
		<control type="panel" id="90012">
			<visible allowhiddenfocus="true">Integer.IsGreater(Container(90012).NumItems,0)</visible>
			<onclick condition="System.AddonIsEnabled(plugin.video.themoviedb.helper)">RunScript(plugin.video.themoviedb.helper,add_path='"$INFO[Container(90012).ListItem.Title,videodb://movies/titles/?xsp=%7B%22order%22%3A%7B%22direction%22%3A%22ascending%22%2C%22ignorefolders%22%3A0%2C%22method%22%3A%22sorttitle%22%7D%2C%22rules%22%3A%7B%22and%22%3A%5B%7B%22field%22%3A%22title%22%2C%22operator%22%3A%22is%22%2C%22value%22%3A%5B%22,%22%5D%7D%5D%7D%2C%22type%22%3A%22movies%22%7D]"',call_auto=1111)</onclick>
			<include content="ExtendedInfoListLayout">
				<param name="PanelID">90012</param>
				<param name="content">plugin://script.embuary.helper/?info=getdirectedby&amp;dbid=$INFO[ListItem.DBID]</param>
			</include>
		</control>
		<control type="panel" id="90013">
			<visible allowhiddenfocus="true">Integer.IsGreater(Container(90013).NumItems,0)</visible>
			<onclick condition="System.AddonIsEnabled(plugin.video.themoviedb.helper) + String.IsEqual(Container(90013).ListItem.DBTYPE,movie)">RunScript(plugin.video.themoviedb.helper,add_path='"$INFO[Container(90013).ListItem.Title,videodb://movies/titles/?xsp=%7B%22order%22%3A%7B%22direction%22%3A%22ascending%22%2C%22ignorefolders%22%3A0%2C%22method%22%3A%22sorttitle%22%7D%2C%22rules%22%3A%7B%22and%22%3A%5B%7B%22field%22%3A%22title%22%2C%22operator%22%3A%22is%22%2C%22value%22%3A%5B%22,%22%5D%7D%5D%7D%2C%22type%22%3A%22movies%22%7D]"',call_auto=1111)</onclick>
			<onclick condition="System.AddonIsEnabled(plugin.video.themoviedb.helper) + String.IsEqual(Container(90013).ListItem.DBTYPE,tvshow)">RunScript(plugin.video.themoviedb.helper,add_path='"$INFO[Container(90013).ListItem.TVShowTitle,videodb://tvshows/titles/?xsp=%7B%22order%22%3A%7B%22direction%22%3A%22ascending%22%2C%22ignorefolders%22%3A0%2C%22method%22%3A%22sorttitle%22%7D%2C%22rules%22%3A%7B%22and%22%3A%5B%7B%22field%22%3A%22title%22%2C%22operator%22%3A%22is%22%2C%22value%22%3A%5B%22,%22%5D%7D%5D%7D%2C%22type%22%3A%22tvshows%22%7D]"',call_auto=1111)</onclick>
			<include content="ExtendedInfoListLayout">
				<param name="PanelID">90013</param>
				<param name="content">plugin://script.embuary.helper/?info=getitemsbyactor&amp;type=movie&amp;dbid=$INFO[ListItem.DBID]</param>
			</include>
		</control>
	</include>
	<include name="ExtendedInfoSeriesLists">
		<control type="panel" id="90014">
			<visible allowhiddenfocus="true">Integer.IsGreater(Container(90014).NumItems,0)</visible>
			<onclick condition="System.AddonIsEnabled(plugin.video.themoviedb.helper)">RunScript(plugin.video.themoviedb.helper,add_path='"$INFO[Container(90014).ListItem.TVShowTitle,videodb://tvshows/titles/?xsp=%7B%22order%22%3A%7B%22direction%22%3A%22ascending%22%2C%22ignorefolders%22%3A0%2C%22method%22%3A%22sorttitle%22%7D%2C%22rules%22%3A%7B%22and%22%3A%5B%7B%22field%22%3A%22title%22%2C%22operator%22%3A%22is%22%2C%22value%22%3A%5B%22,%22%5D%7D%5D%7D%2C%22type%22%3A%22tvshows%22%7D]"',call_auto=1111)</onclick>
			<include content="ExtendedInfoListLayout">
				<param name="PanelID">90014</param>
				<param name="content">plugin://script.embuary.helper/?info=getsimilar&amp;dbid=$INFO[ListItem.DBID]&amp;type=tvshow</param>
				<param name="limit">12</param>
			</include>
		</control>
		<control type="panel" id="90015">
			<visible allowhiddenfocus="true">Integer.IsGreater(Container(90015).NumItems,0)</visible>
			<onclick condition="System.AddonIsEnabled(plugin.video.themoviedb.helper)">RunScript(plugin.video.themoviedb.helper,add_path='"$INFO[Container(90015).ListItem.TVShowTitle,videodb://tvshows/titles/?xsp=%7B%22order%22%3A%7B%22direction%22%3A%22ascending%22%2C%22ignorefolders%22%3A0%2C%22method%22%3A%22sorttitle%22%7D%2C%22rules%22%3A%7B%22and%22%3A%5B%7B%22field%22%3A%22title%22%2C%22operator%22%3A%22is%22%2C%22value%22%3A%5B%22,%22%5D%7D%5D%7D%2C%22type%22%3A%22tvshows%22%7D]"',call_auto=1111)</onclick>
			<include content="ExtendedInfoListLayout">
				<param name="PanelID">90015</param>
				<param name="content">plugin://script.embuary.helper/?info=getitemsbyactor&amp;type=tvshow&amp;dbid=$INFO[ListItem.DBID]&amp;content=tvshow</param>
			</include>
		</control>
	</include>
	<include name="TMDbHelperPersonList">
		<control type="panel" id="900010">
			<visible allowhiddenfocus="true">Integer.IsGreater(Container(900010).NumItems,0)</visible>
			<onclick>RunScript(plugin.video.themoviedb.helper,add_path=$INFO[ListItem.FolderPath],type=movie,call_auto=1111)</onclick>
			<include content="ExtendedInfoListLayout">
				<param name="PanelID">900010</param>
				<param name="content">plugin://plugin.video.themoviedb.helper?info=stars_in_movies&amp;type=person&amp;query=$INFO[ListItem.Label]</param>
				<param name="label">$INFO[Container(900010).ListItem.Property(Character)]</param>
				<param name="labelVisibility">!String.IsEmpty(Container(900010).ListItem.Property(Character))</param>
			</include>
		</control>
		<control type="panel" id="900011">
			<visible allowhiddenfocus="true">Integer.IsGreater(Container(900011).NumItems,0)</visible>
			<onclick>RunScript(plugin.video.themoviedb.helper,add_path=$INFO[ListItem.FolderPath],type=tv,call_auto=1111)</onclick>
			<include content="ExtendedInfoListLayout">
				<param name="PanelID">900011</param>
				<param name="content">plugin://plugin.video.themoviedb.helper?info=stars_in_tvshows&amp;type=person&amp;query=$INFO[ListItem.Label]</param>
				<param name="label">$INFO[Container(900011).ListItem.Property(Character)]</param>
				<param name="labelVisibility">!String.IsEmpty(Container(900011).ListItem.Property(Character))</param>
			</include>
		</control>
		<control type="panel" id="900012">
			<visible allowhiddenfocus="true">Integer.IsGreater(Container(900012).NumItems,0)</visible>
			<onclick>RunScript(plugin.video.themoviedb.helper,add_path=$INFO[ListItem.FolderPath],type=movie,call_auto=1111)</onclick>
			<include content="ExtendedInfoListLayout">
				<param name="PanelID">900012</param>
				<param name="content">plugin://plugin.video.themoviedb.helper?info=crew_in_movies&amp;type=person&amp;query=$INFO[ListItem.Label]</param>
				<param name="label">$INFO[Container(900012).ListItem.Property(Job)]</param>
				<param name="labelVisibility">!String.IsEmpty(Container(900011).ListItem.Property(Job))</param>
			</include>
		</control>
		<control type="panel" id="900020">
			<visible allowhiddenfocus="true">Integer.IsGreater(Container(900020).NumItems,0)</visible>
			<onclick>SetFocus(99)</onclick>
			<include content="ExtendedInfoListLayout">
				<param name="PanelID">900020</param>
				<param name="content">plugin://plugin.video.themoviedb.helper?info=images&amp;type=person&amp;query='"$ESCINFO[ListItem.Label]"'</param>
			</include>
		</control>
	</include>
	<include name="CustomActorList">
		<control type="panel" id="90050">
			<left>15</left>
			<width>1196</width>
			<height>500</height>
			<orientation>horizontal</orientation>
			<preloaditems>2</preloaditems>
			<viewtype label="">list</viewtype>
			<scrolltime tween="quadratic" easing="out">300</scrolltime>
			<itemlayout height="500" width="299">
				<control type="image">
					<left>-15</left>
					<top>-10</top>
					<width>320</width>
					<height>450</height>
					<bordersize>22</bordersize>
					<bordertexture border="20">thumbs/shadow.png</bordertexture>
					<aspectratio aligny="top">scale</aspectratio>
					<texture background="true" fallback="DefaultActor.png">$INFO[ListItem.Icon]</texture>
				</control>
				<control type="image">
					<left>5</left>
					<width>282</width>
					<height>418</height>
					<texture>overlays/poster_bottom_fade.png</texture>
				</control>
				<control type="label">
					<left>8</left>
					<top>374</top>
					<width>274</width>
					<height>43</height>
					<align>center</align>
					<font>font14</font>
					<shadowcolor>shadow</shadowcolor>
					<textcolor>white2</textcolor>
					<label>$INFO[ListItem.Label]</label>
				</control>
				<control type="label">
					<left>3</left>
					<top>422</top>
					<width>284</width>
					<height>43</height>
					<align>center</align>
					<font>font14</font>
					<shadowcolor>shadow</shadowcolor>
					<textcolor>white2</textcolor>
					<label>$INFO[ListItem.Label2]</label>
				</control>
			</itemlayout>
			<focusedlayout height="500" width="299">
				<control type="group">
					<animation effect="zoom" start="95" end="100" time="200" tween="sine" easing="inout" center="auto">Focus</animation>
					<control type="image">
						<left>-15</left>
						<top>-10</top>
						<width>320</width>
						<height>450</height>
						<bordersize>22</bordersize>
						<bordertexture border="20" colordiffuse="black">thumbs/shadow.png</bordertexture>
						<aspectratio aligny="top">scale</aspectratio>
						<texture background="true" fallback="DefaultActor.png">$INFO[ListItem.Icon]</texture>
					</control>
					<control type="image">
						<left>5</left>
						<width>282</width>
						<height>418</height>
						<texture>overlays/poster_bottom_fade.png</texture>
					</control>
					<control type="label">
						<left>8</left>
						<top>374</top>
						<width>274</width>
						<height>43</height>
						<align>center</align>
						<font>font14</font>
						<shadowcolor>shadow</shadowcolor>
						<textcolor>$VAR[ThemeLabelColor]</textcolor>
						<label>$INFO[ListItem.Label]</label>
						<animation effect="fade" start="100" end="40" time="300" tween="sine" easing="inout" condition="!Control.HasFocus(90050)">Conditional</animation>
					</control>
					<control type="label">
						<left>3</left>
						<top>422</top>
						<width>284</width>
						<height>43</height>
						<align>center</align>
						<font>font14</font>
						<shadowcolor>shadow</shadowcolor>
						<textcolor>$VAR[ThemeLabelColor]</textcolor>
						<label>$INFO[ListItem.Label2]</label>
						<animation effect="fade" start="100" end="40" time="300" tween="sine" easing="inout" condition="!Control.HasFocus(90050)">Conditional</animation>
					</control>
				</control>
			</focusedlayout>
			<content>
				<include>CastPanelContent</include>
			</content>
		</control>
	</include>
	<include name="HiddenActorList">
		<control type="list" id="50">
			<include>HiddenList</include>
		</control>
	</include>
	<include name="ExtendedMovieSetPanel">
		<control type="panel" id="90017">
			<onclick>Dialog.Close(all,true)</onclick>
			<onclick>ActivateWindow(Videos,videodb://movies/sets/$INFO[ListItem.SetId]/?setid=$INFO[ListItem.SetId],return)</onclick>
			<visible>!String.IsEqual(Container(90017).NumItems,1)</visible>
			<include content="ExtendedInfoListLayout">
				<param name="PanelID">90017</param>
				<param name="content">videodb://movies/sets/$INFO[ListItem.SetID]</param>
				<param name="overlayVisibility">false</param>
				<param name="sortby">year</param>
			</include>
		</control>
	</include>
	<include name="ExtendedSeasonPanel">
		<control type="panel" id="90016">
			<include content="ExtendedInfoListLayout">
				<param name="PanelID">90016</param>
				<param name="label1">$INFO[ListItem.Label]$INFO[ListItem.Property(TotalEpisodes), (,)]</param>
				<param name="label2" />
				<param name="content">videodb://tvshows/titles/$INFO[ListItem.DBID]</param>
				<param name="overlayVisibility">false</param>
			</include>
		</control>
	</include>
	<include name="DefaultActorList">
		<control type="panel" id="50">
			<left>15</left>
			<width>1196</width>
			<height>500</height>
			<orientation>horizontal</orientation>
			<preloaditems>2</preloaditems>
			<viewtype label="">list</viewtype>
			<scrolltime tween="quadratic" easing="out">300</scrolltime>
			<itemlayout height="500" width="299">
				<control type="image">
					<left>-15</left>
					<top>-10</top>
					<width>320</width>
					<height>450</height>
					<bordersize>22</bordersize>
					<bordertexture border="20">thumbs/shadow.png</bordertexture>
					<aspectratio aligny="top">scale</aspectratio>
					<texture background="true" fallback="DefaultActor.png">$INFO[ListItem.Icon]</texture>
				</control>
				<control type="image">
					<left>5</left>
					<width>282</width>
					<height>418</height>
					<texture>overlays/poster_bottom_fade.png</texture>
				</control>
				<control type="label">
					<left>8</left>
					<top>374</top>
					<width>274</width>
					<height>43</height>
					<align>center</align>
					<font>font14</font>
					<shadowcolor>shadow</shadowcolor>
					<textcolor>white2</textcolor>
					<label>$INFO[ListItem.Label]</label>
				</control>
				<control type="label">
					<left>3</left>
					<top>422</top>
					<width>284</width>
					<height>43</height>
					<align>center</align>
					<font>font14</font>
					<shadowcolor>shadow</shadowcolor>
					<textcolor>white2</textcolor>
					<label>$INFO[ListItem.Label2]</label>
				</control>
			</itemlayout>
			<focusedlayout height="500" width="299">
				<control type="group">
					<animation effect="zoom" start="95" end="100" time="200" tween="sine" easing="inout" center="auto">Focus</animation>
					<control type="image">
						<left>-15</left>
						<top>-10</top>
						<width>320</width>
						<height>450</height>
						<bordersize>22</bordersize>
						<bordertexture border="20" colordiffuse="black">thumbs/shadow.png</bordertexture>
						<aspectratio aligny="top">scale</aspectratio>
						<texture background="true" fallback="DefaultActor.png">$INFO[ListItem.Icon]</texture>
					</control>
					<control type="image">
						<left>5</left>
						<width>282</width>
						<height>418</height>
						<texture>overlays/poster_bottom_fade.png</texture>
					</control>
					<control type="label">
						<left>8</left>
						<top>374</top>
						<width>274</width>
						<height>43</height>
						<align>center</align>
						<font>font14</font>
						<shadowcolor>shadow</shadowcolor>
						<textcolor>$VAR[ThemeLabelColor]</textcolor>
						<label>$INFO[ListItem.Label]</label>
						<animation effect="fade" start="100" end="40" time="300" tween="sine" easing="inout" condition="!Control.HasFocus(50)">Conditional</animation>
					</control>
					<control type="label">
						<left>3</left>
						<top>422</top>
						<width>284</width>
						<height>43</height>
						<align>center</align>
						<font>font14</font>
						<shadowcolor>shadow</shadowcolor>
						<textcolor>$VAR[ThemeLabelColor]</textcolor>
						<label>$INFO[ListItem.Label2]</label>
						<animation effect="fade" start="100" end="40" time="300" tween="sine" easing="inout" condition="!Control.HasFocus(50)">Conditional</animation>
					</control>
				</control>
			</focusedlayout>
		</control>
	</include>
	<include name="DefaultSetList">
		<control type="panel" id="50">
			<left>15</left>
			<width>1196</width>
			<height>500</height>
			<orientation>horizontal</orientation>
			<preloaditems>2</preloaditems>
			<scrolltime tween="quadratic" easing="out">300</scrolltime>
			<itemlayout height="500" width="299">
				<control type="image">
					<left>-15</left>
					<top>-10</top>
					<width>319</width>
					<height>450</height>
					<bordersize>22</bordersize>
					<bordertexture border="20">thumbs/shadow.png</bordertexture>
					<aspectratio aligny="top">scale</aspectratio>
					<texture background="true" fallback="homewidgets/DefaultImage_Poster.png">$INFO[Container(50).ListItem.Art(poster)]</texture>
				</control>
				<control type="label">
					<left>3</left>
					<top>422</top>
					<width>284</width>
					<height>43</height>
					<align>center</align>
					<font>font14</font>
					<shadowcolor>shadow</shadowcolor>
					<textcolor>white2</textcolor>
					<label>$INFO[ListItem.Label]</label>
				</control>
			</itemlayout>
			<focusedlayout height="500" width="299">
				<control type="group">
					<animation effect="zoom" start="95" end="100" time="200" tween="sine" easing="inout" center="auto">Focus</animation>
					<control type="image">
						<left>-15</left>
						<top>-10</top>
						<width>320</width>
						<height>450</height>
						<bordersize>22</bordersize>
						<bordertexture border="20" colordiffuse="black">thumbs/shadow.png</bordertexture>
						<aspectratio aligny="top">scale</aspectratio>
						<texture background="true" fallback="homewidgets/DefaultImage_Poster.png">$INFO[Container(50).ListItem.Art(poster)]</texture>
					</control>
					<control type="label">
						<left>3</left>
						<top>422</top>
						<width>284</width>
						<height>43</height>
						<align>center</align>
						<font>font14</font>
						<shadowcolor>shadow</shadowcolor>
						<textcolor>$VAR[ThemeLabelColor]</textcolor>
						<label>$INFO[ListItem.Label]</label>
						<animation effect="fade" start="100" end="40" time="300" tween="sine" easing="inout" condition="!Control.HasFocus(50)">Conditional</animation>
					</control>
				</control>
			</focusedlayout>
		</control>
	</include>
	<include name="InfoSublabelMovies">
		<control type="fadelabel">
			<width>1075</width>
			<height>30</height>
			<align>left</align>
			<aligny>center</aligny>
			<font>font15</font>
			<textcolor>$VAR[ThemeLabelColor]</textcolor>
			<scrollout>false</scrollout>
			<pauseatend>5500</pauseatend>
			<label>$INFO[ListItem.Tagline]</label>
			<label>$INFO[Container(9143).ListItem.Property(Awards)]</label>
			<label>$INFO[ListItem.EndTime,$LOCALIZE[31393]: ,]</label>
			<visible>!String.IsEmpty(ListItem.Tagline) + [String.IsEmpty(ListItem.OriginalTitle) | String.IsEqual(ListItem.OriginalTitle,ListItem.Title)]</visible>
		</control>
		<control type="fadelabel">
			<width>1075</width>
			<height>30</height>
			<align>left</align>
			<aligny>center</aligny>
			<font>font15</font>
			<textcolor>$VAR[ThemeLabelColor]</textcolor>
			<scroll>true</scroll>
			<scrollout>false</scrollout>
			<pauseatend>5500</pauseatend>
			<label>$INFO[ListItem.Tagline]</label>
			<label>$INFO[Container(9143).ListItem.Property(Awards)]</label>
			<label>$INFO[ListItem.EndTime,$LOCALIZE[31393]: ,]</label>
			<label>$INFO[ListItem.OriginalTitle]</label>
			<visible>!String.IsEmpty(ListItem.Tagline) + !String.IsEqual(ListItem.OriginalTitle,ListItem.Title)</visible>
		</control>
		<control type="label">
			<height>30</height>
			<font>font15</font>
			<textcolor>$VAR[ThemeLabelColor]</textcolor>
			<scroll>true</scroll>
			<label>$INFO[ListItem.EndTime,$LOCALIZE[31393]: ,]</label>
			<visible>String.IsEmpty(ListItem.Tagline) + [String.IsEmpty(ListItem.OriginalTitle) | String.IsEqual(ListItem.OriginalTitle,ListItem.Title)]</visible>
		</control>
	</include>
	<include name="InfoSublabelSets">
		<control type="label">
			<width>1175</width>
			<height>30</height>
			<align>left</align>
			<aligny>center</aligny>
			<font>font15</font>
			<textcolor>$VAR[ThemeLabelColor]</textcolor>
			<label>$INFO[Container(50).NumItems,, $LOCALIZE[342]]</label>
		</control>
	</include>
	<include name="InfoSublabelTVShows">
		<control type="fadelabel">
			<width>1175</width>
			<height>30</height>
			<align>left</align>
			<aligny>center</aligny>
			<font>font15</font>
			<textcolor>$VAR[ThemeLabelColor]</textcolor>
			<scroll>true</scroll>
			<scrollout>false</scrollout>
			<pauseatend>4500</pauseatend>
			<label>$VAR[VideoInfoTVSubtitleVar]</label>
			<label>$INFO[Container(9143).ListItem.Property(Awards)]</label>
			<visible>[!String.IsEmpty(ListItem.Status) | !String.IsEmpty(Container(9143).ListItem.Status)] + !String.IsEmpty(Container(9143).ListItem.Property(Awards))</visible>
		</control>
		<control type="label">
			<width>1175</width>
			<height>30</height>
			<align>left</align>
			<aligny>center</aligny>
			<font>font15</font>
			<textcolor>$VAR[ThemeLabelColor]</textcolor>
			<label>$VAR[VideoInfoTVSubtitleVar]</label>
			<visible>[!String.IsEmpty(ListItem.Status) | !String.IsEmpty(Container(9143).ListItem.Status)] + String.IsEmpty(Container(9143).ListItem.Property(Awards))</visible>
		</control>
	</include>
	<include name="InfoSublabelEpisodes">
		<control type="fadelabel">
			<width>1175</width>
			<height>30</height>
			<align>left</align>
			<aligny>center</aligny>
			<font>font15</font>
			<textcolor>$VAR[ThemeLabelColor]</textcolor>
			<scroll>true</scroll>
			<scrollout>false</scrollout>
			<pauseatend>4500</pauseatend>
			<label>$INFO[ListItem.TvShowTitle]</label>
			<label>$INFO[ListItem.EndTime,$LOCALIZE[31393]: ,]</label>
			<label>$VAR[VideoInfoTVSubtitleVar]</label>
			<label>$INFO[Container(9143).ListItem.Property(Next_Aired.Season),S]$INFO[Container(9143).ListItem.Property(Next_Aired.Episode),E,  - ]$INFO[Container(9143).ListItem.Property(Next_Aired.Name)]$INFO[Container(9143).ListItem.Property(Next_Aired), (,)]</label>
		</control>
	</include>
	<include name="InfoSublabelMusicvideos">
		<control type="label">
			<height>30</height>
			<font>font15</font>
			<textcolor>$VAR[ThemeLabelColor]</textcolor>
			<scroll>true</scroll>
			<label>$INFO[ListItem.Artist]</label>
			<visible>!String.IsEmpty(ListItem.Artist)</visible>
		</control>
	</include>
	<include name="InfoSublabelTMDbHelperPerson">
		<control type="label">
			<height>30</height>
			<font>font15</font>
			<textcolor>$VAR[ThemeLabelColor]</textcolor>
			<scroll>true</scroll>
			<label>$INFO[ListItem.Property(Department),$LOCALIZE[31546] ]</label>
		</control>
	</include>
	<include name="InfoContentSets">
		<item>
			<label>$INFO[Window(Home).Property(SkinInfo.Set.Movies.Years)]</label>
			<label2>$LOCALIZE[652]:</label2>
			<onclick>SetProperty(MoreInfoTitle,$LOCALIZE[652])</onclick>
			<onclick>SetProperty(MoreInfoContent,$ESCINFO[Window(Home).Property(SkinInfo.Set.Movies.Years)])</onclick>
			<onclick>SetFocus(64)</onclick>
			<visible>!String.IsEmpty(Window(Home).Property(SkinInfo.Set.Movies.Years))</visible>
		</item>
		<item>
			<label>$INFO[Window(Home).Property(SkinInfo.Set.Movies.Director)]</label>
			<label2>$LOCALIZE[20339]:</label2>
			<onclick>SetProperty(MoreInfoTitle,$LOCALIZE[20339])</onclick>
			<onclick>SetProperty(MoreInfoContent,$ESCINFO[Window(Home).Property(SkinInfo.Set.Movies.Director)])</onclick>
			<onclick>SetFocus(64)</onclick>
			<visible>!String.IsEmpty(Window(Home).Property(SkinInfo.Set.Movies.Director))</visible>
		</item>
		<item>
			<label>$INFO[Window(Home).Property(SkinInfo.Set.Movies.Writer)]</label>
			<label2>$LOCALIZE[20417]:</label2>
			<onclick>SetProperty(MoreInfoTitle,$LOCALIZE[20417])</onclick>
			<onclick>SetProperty(MoreInfoContent,$ESCINFO[Window(Home).Property(SkinInfo.Set.Movies.Writer)])</onclick>
			<onclick>SetFocus(64)</onclick>
			<visible>!String.IsEmpty(Window(Home).Property(SkinInfo.Set.Movies.Writer))</visible>
		</item>
		<item>
			<label>$INFO[Window(Home).Property(SkinInfo.Set.Movies.Genre)]</label>
			<label2>$LOCALIZE[515]:</label2>
			<onclick>SetProperty(MoreInfoTitle,$LOCALIZE[515])</onclick>
			<onclick>SetProperty(MoreInfoContent,$ESCINFO[Window(Home).Property(SkinInfo.Set.Movies.Genre)])</onclick>
			<onclick>SetFocus(64)</onclick>
			<visible>!String.IsEmpty(Window(Home).Property(SkinInfo.Set.Movies.Genre))</visible>
		</item>
	</include>
	<include name="InfoContentMovies">
		<item>
			<label>$INFO[ListItem.Director]</label>
			<label2>$LOCALIZE[20339]:</label2>
			<onclick condition="System.AddonIsEnabled(plugin.video.themoviedb.helper)">SetProperty(DirectorID,True)</onclick>
			<onclick condition="System.AddonIsEnabled(plugin.video.themoviedb.helper)">SetProperty(ActorName,$INFO[ListItem.Director])</onclick>
			<onclick condition="System.AddonIsEnabled(plugin.video.themoviedb.helper)">ActivateWindow(1129)</onclick>
			<onclick condition="!System.AddonIsEnabled(plugin.video.themoviedb.helper)">SendClick(2003,13)</onclick>
			<visible>!String.IsEmpty(ListItem.Director)</visible>
		</item>
		<item>
			<label>$INFO[ListItem.Writer]</label>
			<label2>$LOCALIZE[20417]:</label2>
			<onclick condition="!System.AddonIsEnabled(plugin.video.themoviedb.helper)">SetProperty(MoreInfoTitle,$LOCALIZE[20417])</onclick>
			<onclick condition="!System.AddonIsEnabled(plugin.video.themoviedb.helper)">SetProperty(MoreInfoContent,$ESCINFO[ListItem.Writer])</onclick>
			<onclick condition="!System.AddonIsEnabled(plugin.video.themoviedb.helper)">SetFocus(64)</onclick>
			<onclick>RunScript(plugin.video.themoviedb.helper,add_query=$INFO[ListItem.Writer],type=person,call_auto=1111)</onclick>
			<visible>!String.IsEmpty(ListItem.Writer)</visible>
		</item>
		<item>
			<label>$INFO[ListItem.Genre]</label>
			<label2>$LOCALIZE[515]:</label2>
			<onclick>SetProperty(MoreInfoTitle,$LOCALIZE[515])</onclick>
			<onclick>SetProperty(MoreInfoContent,$ESCINFO[ListItem.Genre])</onclick>
			<onclick>SetFocus(64)</onclick>
			<visible>!String.IsEmpty(ListItem.Genre)</visible>
		</item>
		<item>
			<label>$INFO[Container(9143).ListItem.Property(Budget)]</label>
			<label2>$LOCALIZE[31850]:</label2>
			<onclick>SetProperty(MoreInfoTitle,$LOCALIZE[31850])</onclick>
			<onclick>SetProperty(MoreInfoContent,$ESCINFO[Container(9143).ListItem.Property(Budget)])</onclick>
			<onclick>SetFocus(64)</onclick>
			<visible>!String.IsEmpty(Container(9143).ListItem.Property(Budget)) + !String.IsEqual(Container(9143).ListItem.Property(Budget),$0) + !Skin.HasSetting(TMDbHelper.HideBudgetRevenue) + String.IsEmpty(Window(Home).Property(TMDbHelper.IsUpdating))</visible>
		</item>
		<item>
			<label>$INFO[Container(9143).ListItem.Property(Revenue)]</label>
			<label2>$LOCALIZE[31851]:</label2>
			<onclick>SetProperty(MoreInfoTitle,$LOCALIZE[31851])</onclick>
			<onclick>SetProperty(MoreInfoContent,$ESCINFO[Container(9143).ListItem.Property(Revenue)])</onclick>
			<onclick>SetFocus(64)</onclick>
			<visible>!String.IsEmpty(Container(9143).ListItem.Property(Revenue)) + !String.IsEqual(Container(9143).ListItem.Property(Revenue),$0) + !Skin.HasSetting(TMDbHelper.HideBudgetRevenue) + String.IsEmpty(Window(Home).Property(TMDbHelper.IsUpdating))</visible>
		</item>
		<item>
			<label>($INFO[ListItem.Premiered])</label>
			<label2>$LOCALIZE[172]:</label2>
			<onclick>SetProperty(MoreInfoTitle,$LOCALIZE[172])</onclick>
			<onclick>SetProperty(MoreInfoContent,$ESCINFO[ListItem.Premiered])</onclick>
			<onclick>SetFocus(64)</onclick>
			<visible>!String.IsEmpty(ListItem.Premiered)</visible>
		</item>
	</include>
	<include name="InfoContentTVShows">
		<item>
			<label>$INFO[Container(9143).ListItem.Property(Next_Aired.Season),S]$INFO[Container(9143).ListItem.Property(Next_Aired.Episode),E, - ]$INFO[Container(9143).ListItem.Property(Next_Aired.Name)]$INFO[Container(9143).ListItem.Property(Next_Aired), (,)]</label>
			<label2>$LOCALIZE[19031]:</label2>
			<onclick>SetProperty(MoreInfoTitle,$LOCALIZE[19031])</onclick>
			<onclick>SetProperty(MoreInfoContent,$INFO[Container(9143).ListItem.Property(Next_Aired.Season),S]$INFO[Container(9143).ListItem.Property(Next_Aired.Episode),E, - ]$ESCINFO[Container(9143).ListItem.Property(Next_Aired.Name)]$INFO[Container(9143).ListItem.Property(Next_Aired), (,)])</onclick>
			<onclick>SetFocus(64)</onclick>
			<visible>!String.IsEmpty(Container(9143).ListItem.Property(Next_Aired))</visible>
		</item>
		<item>
			<label>$INFO[Container(9143).ListItem.Property(Last_Aired.Season),S]$INFO[Container(9143).ListItem.Property(Last_Aired.Episode),E, - ]$INFO[Container(9143).ListItem.Property(Last_Aired.Name)]$INFO[Container(9143).ListItem.Property(Last_Aired), (,)]</label>
			<label2>$LOCALIZE[31374]:</label2>
			<onclick>SetProperty(MoreInfoTitle,$LOCALIZE[31374])</onclick>
			<onclick>SetProperty(MoreInfoContent,$INFO[Container(9143).ListItem.Property(Last_Aired.Season),S]$INFO[Container(9143).ListItem.Property(Last_Aired.Episode),E, - ]$ESCINFO[Container(9143).ListItem.Property(Last_Aired.Name)]$INFO[Container(9143).ListItem.Property(Last_Aired), (,)])</onclick>
			<onclick>SetFocus(64)</onclick>
			<visible>!String.IsEmpty(Container(9143).ListItem.Property(Last_Aired))</visible>
		</item>
		<item>
			<label>$INFO[ListItem.Genre]</label>
			<label2>$LOCALIZE[515]:</label2>
			<onclick>SetProperty(MoreInfoTitle,$LOCALIZE[515])</onclick>
			<onclick>SetProperty(MoreInfoContent,$ESCINFO[ListItem.Genre])</onclick>
			<onclick>SetFocus(64)</onclick>
			<visible>!String.IsEmpty(ListItem.Genre)</visible>
		</item>
		<item>
			<label>($INFO[ListItem.Premiered])</label>
			<label2>$LOCALIZE[31452]:</label2>
			<onclick>SetProperty(MoreInfoTitle,$LOCALIZE[31452])</onclick>
			<onclick>SetProperty(MoreInfoContent,$ESCINFO[ListItem.Premiered])</onclick>
			<onclick>SetFocus(64)</onclick>
			<visible>!String.IsEmpty(ListItem.Premiered)</visible>
		</item>
	</include>
	<include name="InfoContentEpisodes">
		<item>
			<label>$INFO[ListItem.Director]</label>
			<label2>$LOCALIZE[20339]:</label2>
			<onclick condition="System.AddonIsEnabled(plugin.video.themoviedb.helper)">SetProperty(DirectorID,True)</onclick>
			<onclick condition="System.AddonIsEnabled(plugin.video.themoviedb.helper)">SetProperty(ActorName,$INFO[ListItem.Director])</onclick>
			<onclick condition="System.AddonIsEnabled(plugin.video.themoviedb.helper)">ActivateWindow(1129)</onclick>
			<onclick condition="!System.AddonIsEnabled(plugin.video.themoviedb.helper)">SendClick(2003,13)</onclick>
			<visible>!String.IsEmpty(ListItem.Director)</visible>
		</item>
		<item>
			<label>$INFO[ListItem.Writer]</label>
			<label2>$LOCALIZE[20417]:</label2>
			<onclick condition="!System.AddonIsEnabled(plugin.video.themoviedb.helper)">SetProperty(MoreInfoTitle,$LOCALIZE[20417])</onclick>
			<onclick condition="!System.AddonIsEnabled(plugin.video.themoviedb.helper)">SetProperty(MoreInfoContent,$ESCINFO[ListItem.Writer])</onclick>
			<onclick condition="!System.AddonIsEnabled(plugin.video.themoviedb.helper)">SetFocus(64)</onclick>
			<onclick>RunScript(plugin.video.themoviedb.helper,add_query=$INFO[ListItem.Writer],type=person,call_auto=1111)</onclick>
			<visible>!String.IsEmpty(ListItem.Writer)</visible>
		</item>
		<item>
			<label>($INFO[ListItem.Premiered])</label>
			<label2>$LOCALIZE[172]:</label2>
			<onclick>SetProperty(MoreInfoTitle,$LOCALIZE[172])</onclick>
			<onclick>SetProperty(MoreInfoContent,$ESCINFO[ListItem.Premiered])</onclick>
			<onclick>SetFocus(64)</onclick>
			<visible>!String.IsEmpty(ListItem.Premiered)</visible>
		</item>
	</include>
	<include name="InfoContentGeneral">
		<item>
			<label>$INFO[ListItem.PercentPlayed,,%]</label>
			<label2>$LOCALIZE[575]:</label2>
			<onclick>SetProperty(MoreInfoTitle,$LOCALIZE[575])</onclick>
			<onclick>SetProperty(MoreInfoContent,$ESCINFO[ListItem.PercentPlayed,,%])</onclick>
			<onclick>SetFocus(64)</onclick>
			<visible>ListItem.IsResumable + !String.IsEqual(ListItem.PercentPlayed,0)</visible>
		</item>
		<item>
			<label>$INFO[ListItem.LastPlayed]</label>
			<label2>$LOCALIZE[568]:</label2>
			<onclick>SetProperty(MoreInfoTitle,$LOCALIZE[568])</onclick>
			<onclick>SetProperty(MoreInfoContent,$ESCINFO[ListItem.LastPlayed])</onclick>
			<onclick>SetFocus(64)</onclick>
			<visible>!String.IsEmpty(ListItem.LastPlayed)</visible>
		</item>
		<item>
			<label>$INFO[ListItem.DateAdded]</label>
			<label2>$LOCALIZE[570]:</label2>
			<onclick>SetProperty(MoreInfoTitle,$LOCALIZE[570])</onclick>
			<onclick>SetProperty(MoreInfoContent,$ESCINFO[ListItem.DateAdded])</onclick>
			<onclick>SetFocus(64)</onclick>
			<visible>!String.IsEmpty(ListItem.DateAdded)</visible>
		</item>
		<item>
			<label>$INFO[ListItem.PlayCount]</label>
			<label2>$LOCALIZE[567]:</label2>
			<onclick>SetProperty(MoreInfoTitle,$LOCALIZE[567])</onclick>
			<onclick>SetProperty(MoreInfoContent,$ESCINFO[ListItem.PlayCount])</onclick>
			<onclick>SetFocus(64)</onclick>
			<visible>!String.IsEmpty(ListItem.PlayCount)</visible>
		</item>
		<item>
			<label>$INFO[ListItem.Tag]</label>
			<label2>$LOCALIZE[20459]:</label2>
			<onclick>SetProperty(MoreInfoTitle,$LOCALIZE[20459])</onclick>
			<onclick>SetProperty(MoreInfoContent,$ESCINFO[ListItem.Tag])</onclick>
			<onclick>SetFocus(64)</onclick>
			<visible>!String.IsEmpty(ListItem.Tag)</visible>
		</item>
		<item>
			<label>[UPPERCASE]$INFO[ListItem.Property(AudioLanguage.1)]$INFO[ListItem.Property(AudioLanguage.2), / ]$INFO[ListItem.Property(AudioLanguage.3), / ]$INFO[ListItem.Property(AudioLanguage.4), / ]$INFO[ListItem.Property(AudioLanguage.5), / ]$INFO[ListItem.Property(AudioLanguage.6), / ]$INFO[ListItem.Property(AudioLanguage.7), / ][/UPPERCASE]</label>
			<label2>$LOCALIZE[292]:</label2>
			<onclick>SetProperty(MoreInfoTitle,$LOCALIZE[292])</onclick>
			<onclick>SetProperty(MoreInfoContent,[UPPERCASE]$INFO[ListItem.Property(AudioLanguage.1)]$INFO[ListItem.Property(AudioLanguage.2), / ]$INFO[ListItem.Property(AudioLanguage.3), / ]$INFO[ListItem.Property(AudioLanguage.4), / ]$INFO[ListItem.Property(AudioLanguage.5), / ]$INFO[ListItem.Property(AudioLanguage.6), / ]$INFO[ListItem.Property(AudioLanguage.7), / ][/UPPERCASE])</onclick>
			<onclick>SetFocus(64)</onclick>
			<visible>![String.IsEqual(Skin.String(LanguageFlags),1) | String.IsEqual(Skin.String(LanguageFlags),3)] + !String.IsEmpty(ListItem.Property(AudioLanguage.1)) | !String.IsEmpty(ListItem.Property(AudioLanguage.3))</visible>
			<visible>!Skin.HasSetting(Disable.VideoInfoLanguageDetails)</visible>
		</item>
		<item>
			<label>[UPPERCASE]$INFO[ListItem.Property(SubtitleLanguage.1)]$INFO[ListItem.Property(SubtitleLanguage.2), / ]$INFO[ListItem.Property(SubtitleLanguage.3), / ]$INFO[ListItem.Property(SubtitleLanguage.4), / ]$INFO[ListItem.Property(SubtitleLanguage.5), / ]$INFO[ListItem.Property(SubtitleLanguage.6), / ]$INFO[ListItem.Property(SubtitleLanguage.7), / ]$INFO[ListItem.Property(SubtitleLanguage.8), / ]$INFO[ListItem.Property(SubtitleLanguage.9), / ]$INFO[ListItem.Property(SubtitleLanguage.10), / ]$INFO[ListItem.Property(SubtitleLanguage.11), / ]$INFO[ListItem.Property(SubtitleLanguage.12), / ]$INFO[ListItem.Property(SubtitleLanguage.13), / ]$INFO[ListItem.Property(SubtitleLanguage.14), / ]$INFO[ListItem.Property(SubtitleLanguage.15), / ][/UPPERCASE]</label>
			<label2>$LOCALIZE[287]:</label2>
			<onclick>SetProperty(MoreInfoTitle,$LOCALIZE[287])</onclick>
			<onclick>SetProperty(MoreInfoContent,[UPPERCASE]$INFO[ListItem.Property(SubtitleLanguage.1)]$INFO[ListItem.Property(SubtitleLanguage.2), / ]$INFO[ListItem.Property(SubtitleLanguage.3), / ]$INFO[ListItem.Property(SubtitleLanguage.4), / ]$INFO[ListItem.Property(SubtitleLanguage.5), / ]$INFO[ListItem.Property(SubtitleLanguage.6), / ]$INFO[ListItem.Property(SubtitleLanguage.7), / ]$INFO[ListItem.Property(SubtitleLanguage.8), / ]$INFO[ListItem.Property(SubtitleLanguage.9), / ]$INFO[ListItem.Property(SubtitleLanguage.10), / ]$INFO[ListItem.Property(SubtitleLanguage.11), / ]$INFO[ListItem.Property(SubtitleLanguage.12), / ]$INFO[ListItem.Property(SubtitleLanguage.13), / ]$INFO[ListItem.Property(SubtitleLanguage.14), / ]$INFO[ListItem.Property(SubtitleLanguage.15), / ][/UPPERCASE])</onclick>
			<onclick>SetFocus(64)</onclick>
			<visible>![String.IsEqual(Skin.String(LanguageFlags),2) | String.IsEqual(Skin.String(LanguageFlags),3)] + !String.IsEmpty(ListItem.Property(SubtitleLanguage.1)) | !String.IsEmpty(ListItem.Property(SubtitleLanguage.3))</visible>
			<visible>!Skin.HasSetting(Disable.VideoInfoLanguageDetails)</visible>
		</item>
		<item>
			<label>$INFO[ListItem.Path]</label>
			<label2>$LOCALIZE[573]:</label2>
			<onclick>Dialog.Close(movieinformation)</onclick>
			<onclick>ActivateWindow(Videos,$INFO[ListItem.Path],return)</onclick>
			<visible>!String.IsEqual(ListItem.DBTYPE,set) + !String.IsEmpty(ListItem.Path) + !Skin.HasSetting(Disable.VideoInfoPathDetails)</visible>
		</item>
		<item>
			<label>$INFO[ListItem.Filename]</label>
			<label2>$LOCALIZE[21800]:</label2>
			<onclick>SetProperty(MoreInfoTitle,$LOCALIZE[21800])</onclick>
			<onclick>SetProperty(MoreInfoContent,$ESCINFO[ListItem.Filename])</onclick>
			<onclick>SetFocus(64)</onclick>
			<visible>!String.IsEmpty(ListItem.Filename) + !Skin.HasSetting(Disable.VideoInfoPathDetails)</visible>
		</item>
	</include>
	<include name="InfoContentTMDbHelperPerson">
		<item>
			<label>$INFO[ListItem.Property(Birthday)]</label>
			<label2>$LOCALIZE[21893]:</label2>
			<onclick>SetProperty(MoreInfoTitle,$LOCALIZE[21893])</onclick>
			<onclick>SetProperty(MoreInfoContent,$ESCINFO[ListItem.Property(Birthday)])</onclick>
			<onclick>SetFocus(64)</onclick>
			<visible>!String.IsEmpty(ListItem.Property(Birthday))</visible>
		</item>
		<item>
			<label>$INFO[ListItem.Property(Deathday)]</label>
			<label2>$LOCALIZE[21897]:</label2>
			<onclick>SetProperty(MoreInfoTitle,$LOCALIZE[21897])</onclick>
			<onclick>SetProperty(MoreInfoContent,$ESCINFO[ListItem.Property(Deathday)])</onclick>
			<onclick>SetFocus(64)</onclick>
			<visible>!String.IsEmpty(ListItem.Property(Deathday))</visible>
		</item>
		<item>
			<label>$INFO[ListItem.Property(Born)]</label>
			<label2>$LOCALIZE[31600]:</label2>
			<onclick>SetProperty(MoreInfoTitle,$LOCALIZE[31600])</onclick>
			<onclick>SetProperty(MoreInfoContent,$ESCINFO[ListItem.Property(Born)])</onclick>
			<onclick>SetFocus(64)</onclick>
			<visible>!String.IsEmpty(ListItem.Property(Born))</visible>
		</item>
		<item>
			<label>$INFO[ListItem.Property(Gender)]</label>
			<label2>$LOCALIZE[39025]:</label2>
			<onclick>SetProperty(MoreInfoTitle,$LOCALIZE[39025])</onclick>
			<onclick>SetProperty(MoreInfoContent,$ESCINFO[ListItem.Property(Gender)])</onclick>
			<onclick>SetFocus(64)</onclick>
			<visible>!String.IsEmpty(ListItem.Property(Gender))</visible>
		</item>
		<item>
			<label>$INFO[ListItem.Property(Aliases)]</label>
			<label2>$LOCALIZE[31614]:</label2>
			<onclick>SetProperty(MoreInfoTitle,$LOCALIZE[31614])</onclick>
			<onclick>SetProperty(MoreInfoContent,$ESCINFO[ListItem.Property(Aliases)])</onclick>
			<onclick>SetFocus(64)</onclick>
			<visible>!String.IsEmpty(ListItem.Property(Aliases))</visible>
		</item>
	</include>
	<include name="InfoDefaultRuntime">
		<control type="group">
			<visible>[!String.IsEmpty(Container(9143).ListItem.Property(Duration)) + !String.IsEqual(Container(9143).ListItem.Property(Duration),0) | !String.IsEmpty(ListItem.Duration)]</visible>
			<width>120</width>
			<height>90</height>
			<control type="label">
				<width>auto</width>
				<height>60</height>
				<align>center</align>
				<label>$INFO[ListItem.Duration(mins)]</label>
				<font>font48_bold</font>
				<textcolor>grey</textcolor>
				<visible>!String.IsEmpty(ListItem.Duration)</visible>
			</control>
			<control type="label">
				<width>auto</width>
				<height>60</height>
				<align>center</align>
				<label>$INFO[Container(9143).ListItem.Property(Duration)]</label>
				<font>font48_bold</font>
				<textcolor>grey</textcolor>
				<visible>[String.IsEqual(ListItem.DBTYPE,tvshow) | String.IsEqual(ListItem.DBTYPE,season)] + String.IsEmpty(ListItem.Duration)</visible>
			</control>
			<control type="label">
				<top>50</top>
				<width>auto</width>
				<height>30</height>
				<align>center</align>
				<label>[LOWERCASE]$LOCALIZE[12391][/LOWERCASE]</label>
				<font>font12</font>
				<textcolor>grey</textcolor>
			</control>
		</control>
	</include>
	<include name="InfoHourMinRuntime">
		<control type="label">
			<width max="160">auto</width>
			<height>90</height>
			<font>font48_bold</font>
			<textcolor>grey</textcolor>
			<label>$VAR[ItemDurationVar]</label>
			<visible>[!String.IsEmpty(Container(9143).ListItem.Property(Duration)) + !String.IsEqual(Container(9143).ListItem.Property(Duration),0) | !String.IsEmpty(ListItem.Duration)]</visible>
		</control>
	</include>
	<include name="InfoEpNumber">
		<control type="label">
			<width>auto</width>
			<height>90</height>
			<font>font48_bold</font>
			<textcolor>grey</textcolor>
			<label>$VAR[EpisodeCountVar]</label>
		</control>
	</include>
	<include name="InfoMPAA">
		<control type="image">
			<width>135</width>
			<height>90</height>
			<include>MediaFlagValues</include>
			<texture fallback="flags/default/mpaa/NR.png">$VAR[MediaFlagsPathVar]/mpaa/$VAR[RatingFlagVar]</texture>
		</control>
	</include>
	<include name="InfoSetRating">
		<control type="label">
			<width>auto</width>
			<align>center</align>
			<label>$INFO[ListItem.Rating,$LOCALIZE[31146] ]</label>
			<font>font16_title_bold</font>
			<textcolor>grey</textcolor>
		</control>
	</include>
	<include name="InfoTVWatchedPercent">
		<control type="group">
			<visible>Integer.IsGreater(ListItem.Property(WatchedEpisodePercent),0)</visible>
			<width>165</width>
			<control type="label">
				<width>auto</width>
				<height>60</height>
				<align>center</align>
				<label>$INFO[ListItem.Property(WatchedEpisodePercent),,%]</label>
				<font>font16_title_bold</font>
				<textcolor>grey</textcolor>
			</control>
			<control type="label">
				<top>50</top>
				<width>auto</width>
				<height>30</height>
				<align>center</align>
				<label>[LOWERCASE]$LOCALIZE[19256][/LOWERCASE]</label>
				<font>font12</font>
				<textcolor>grey</textcolor>
			</control>
		</control>
	</include>
	<include name="InfoMainRating">
		<control type="group">
			<visible>!String.IsEmpty(ListItem.Rating)</visible>
			<width>165</width>
			<control type="label">
				<width>165</width>
				<height>60</height>
				<align>center</align>
				<label>$INFO[ListItem.Rating]</label>
				<font>font16_title_bold</font>
				<textcolor>grey</textcolor>
			</control>
			<control type="label">
				<top>50</top>
				<width>165</width>
				<height>30</height>
				<align>center</align>
				<label>[LOWERCASE]$VAR[RatingAndVotesVar][/LOWERCASE]</label>
				<font>font12</font>
				<textcolor>grey</textcolor>
			</control>
		</control>
	</include>
	<include name="InfoTop250">
		<control type="grouplist">
			<visible>!String.IsEmpty(ListItem.Top250)</visible>
			<width>165</width>
			<orientation>horizontal</orientation>
			<control type="image">
				<width>65</width>
				<aspectratio>keep</aspectratio>
				<colordiffuse>grey</colordiffuse>
				<texture>logos/imdb.png</texture>
			</control>
			<control type="label">
				<width>auto</width>
				<align>center</align>
				<font>font16_title_bold</font>
				<textcolor>grey</textcolor>
				<label>$INFO[ListItem.Top250, #]</label>
			</control>
		</control>
	</include>
	<include name="InfoExtendedRatings">
		<!-- Kodi Rotten Critic Rating -->
		<control type="grouplist">
			<visible>!String.IsEmpty(ListItem.Rating(tomatometerallcritics))</visible>
			<width>165</width>
			<orientation>horizontal</orientation>
			<control type="image">
				<width>68</width>
				<aspectratio>keep</aspectratio>
				<colordiffuse>grey</colordiffuse>
				<texture>$VAR[RottenFreshLogoVar]</texture>
			</control>
			<control type="label">
				<width>auto</width>
				<font>font16_title_bold</font>
				<textcolor>grey</textcolor>
				<label>$VAR[RottenFreshLabelVar]$VAR[RottenFreshLabel2Var]</label>
			</control>
		</control>
		<!-- Kodi Rotten Audience Rating -->
		<control type="grouplist">
			<visible>!String.IsEmpty(ListItem.Rating(tomatometerallaudience))</visible>
			<width>165</width>
			<orientation>horizontal</orientation>
			<control type="image">
				<width>68</width>
				<aspectratio>keep</aspectratio>
				<colordiffuse>grey</colordiffuse>
				<texture>$VAR[RottenFreshAudienceLogoVar]</texture>
			</control>
			<control type="label">
				<width>auto</width>
				<font>font16_title_bold</font>
				<textcolor>grey</textcolor>
				<label>$VAR[RottenFreshAudienceLabelVar]$VAR[RottenFreshAudienceLabel2Var]</label>
			</control>
		</control>
		<!-- TMDbHelper Rotten Critic Rating -->
		<control type="grouplist">
			<visible>!String.IsEmpty(Container(9143).ListItem.Property(RottenTomatoes_Rating)) + String.IsEmpty(ListItem.Rating(tomatometerallcritics)) + !String.IsEqual(ListItem.DBTYPE,episode)</visible>
			<width>165</width>
			<orientation>horizontal</orientation>
			<control type="image">
				<width>68</width>
				<aspectratio>keep</aspectratio>
				<colordiffuse>grey</colordiffuse>
				<texture>$VAR[TMDbHelperRottenTomatoLogoVar]</texture>
			</control>
			<control type="label">
				<width>auto</width>
				<font>font16_title_bold</font>
				<textcolor>grey</textcolor>
				<label>$INFO[Container(9143).ListItem.Property(RottenTomatoes_Rating),,%]</label>
			</control>
		</control>
		<!-- TMDbHelper Rotten Audience Rating -->
		<control type="grouplist">
			<visible>!String.IsEmpty(Container(9143).ListItem.Property(RottenTomatoes_UserMeter)) + String.IsEmpty(ListItem.Rating(tomatometerallaudience)) + !String.IsEqual(ListItem.DBTYPE,episode)</visible>
			<width>165</width>
			<orientation>horizontal</orientation>
			<control type="image">
				<width>68</width>
				<aspectratio>keep</aspectratio>
				<colordiffuse>grey</colordiffuse>
				<texture>$VAR[RottenFreshAudienceTMDbHelperLogoVar]</texture>
			</control>
			<control type="label">
				<width>auto</width>
				<font>font16_title_bold</font>
				<textcolor>grey</textcolor>
				<label>$INFO[Container(9143).ListItem.Property(RottenTomatoes_UserMeter),,%]</label>
			</control>
		</control>
		<!-- Kodi TMDb Rating -->
		<control type="grouplist">
			<visible>!String.IsEmpty(ListItem.Rating(themoviedb))</visible>
			<width>165</width>
			<orientation>horizontal</orientation>
			<itemgap>10</itemgap>
			<control type="image">
				<width>68</width>
				<aspectratio>keep</aspectratio>
				<colordiffuse>grey</colordiffuse>
				<texture>logos/tmdb.png</texture>
			</control>
			<control type="label">
				<width>auto</width>
				<font>font16_title_bold</font>
				<textcolor>grey</textcolor>
				<label>$INFO[ListItem.Rating(themoviedb)]</label>
			</control>
		</control>
		<!-- TMDbHelper TMDb Rating -->
		<control type="grouplist">
			<visible>String.IsEmpty(ListItem.Rating(themoviedb)) + !String.IsEmpty(Container(9143).ListItem.Property(TMDb_Rating)) + !String.IsEqual(Container(9143).ListItem.Property(TMDb_Rating),0.0)</visible>
			<width>165</width>
			<orientation>horizontal</orientation>
			<itemgap>10</itemgap>
			<control type="image">
				<width>68</width>
				<aspectratio>keep</aspectratio>
				<colordiffuse>grey</colordiffuse>
				<texture>logos/tmdb.png</texture>
			</control>
			<control type="label">
				<width>auto</width>
				<font>font16_title_bold</font>
				<textcolor>grey</textcolor>
				<label>$INFO[Container(9143).ListItem.Property(TMDb_Rating)]</label>
			</control>
		</control>
		<!-- Kodi Trakt Rating -->
		<control type="grouplist">
			<visible>!String.IsEmpty(ListItem.Rating(trakt))</visible>
			<width>165</width>
			<orientation>horizontal</orientation>
			<control type="image">
				<width>68</width>
				<aspectratio>keep</aspectratio>
				<colordiffuse>grey</colordiffuse>
				<texture>logos/trakt-clearlogo.png</texture>
			</control>
			<control type="label">
				<width>auto</width>
				<font>font16_title_bold</font>
				<textcolor>grey</textcolor>
				<label>$INFO[ListItem.Rating(trakt)]</label>
			</control>
		</control>
		<!-- TMDbHelper Trakt Rating -->
		<control type="grouplist">
			<visible>String.IsEmpty(ListItem.Rating(trakt)) + !String.IsEmpty(Container(9143).ListItem.Property(Trakt_Rating))</visible>
			<width>165</width>
			<orientation>horizontal</orientation>
			<control type="image">
				<width>68</width>
				<aspectratio>keep</aspectratio>
				<colordiffuse>grey</colordiffuse>
				<texture>logos/trakt-clearlogo.png</texture>
			</control>
			<control type="label">
				<width>auto</width>
				<font>font16_title_bold</font>
				<textcolor>grey</textcolor>
				<label>$INFO[Container(9143).ListItem.Property(Trakt_Rating)]</label>
			</control>
		</control>
	</include>
	<!-- DialogAddonInfo -->
	<include name="AddonInfoTextboxSmall">
		<height>520</height>
	</include>
	<include name="AddonInfoTextboxLarge">
		<height>690</height>
	</include>
</includes>