<?xml version="1.0" encoding="UTF-8"?>
<includes>
	<include name="ListViewSettings">
		<!-- List -->
		<control type="radiobutton" id="1510">
			<include>ButtonCommonValues</include>
			<label>$LOCALIZE[31608]</label>
			<onclick>Skin.ToggleSetting(List.MovieCases)</onclick>
			<selected>Skin.HasSetting(List.MovieCases)</selected>
			<visible>Container.Content(movies)</visible>
		</control>
		<control type="radiobutton" id="1511">
			<include>ButtonCommonValues</include>
			<label>$LOCALIZE[31608]</label>
			<onclick>Skin.ToggleSetting(List.TVShowCases)</onclick>
			<selected>Skin.HasSetting(List.TVShowCases)</selected>
			<visible>Container.Content(tvshows)</visible>
		</control>
		<control type="radiobutton" id="1512">
			<include>ButtonCommonValues</include>
			<label>$LOCALIZE[31604]</label>
			<onclick>Skin.ToggleSetting(SlimList.Info)</onclick>
			<selected>Skin.HasSetting(SlimList.Info)</selected>
			<visible>Skin.HasSetting(Enable.SlimList) + ![Container.Content(movies) | Container.Content(genres) | Container.Content(tvshows) | Container.Content(seasons) | Container.Content(musicvideos) | Container.Content() | Container.Content(files) | Container.Content(addons)]</visible>
		</control>
	</include>
	<include name="InfoWallViewSettings">
		<!-- InfoWall -->
		<control type="radiobutton" id="1510">
			<include>ButtonCommonValues</include>
			<label>$LOCALIZE[31253]</label>
			<onclick>Skin.ToggleSetting(Enable.InfoWall.TVBanners)</onclick>
			<selected>Skin.HasSetting(Enable.InfoWall.TVBanners)</selected>
			<visible>Container.Content(tvshows)</visible>
		</control>
		<control type="radiobutton" id="1511">
			<include>ButtonCommonValues</include>
			<label>$LOCALIZE[31253]</label>
			<onclick>Skin.ToggleSetting(Enable.InfoWall.MovieBanners)</onclick>
			<selected>Skin.HasSetting(Enable.InfoWall.MovieBanners)</selected>
			<visible>Container.Content(movies)</visible>
		</control>
		<control type="radiobutton" id="1512">
			<include>ButtonCommonValues</include>
			<label>$LOCALIZE[31605]</label>
			<onclick>Skin.ToggleSetting(Enable.AlternateInfowall)</onclick>
			<selected>Skin.HasSetting(Enable.AlternateInfowall)</selected>
		</control>
	</include>
	<include name="LandscapeViewSettings">
		<!-- Landscape -->
		<control type="radiobutton" id="1521">
			<include>ButtonCommonValues</include>
			<label>$LOCALIZE[31005]</label>
			<selected>Skin.HasSetting(LandscapeWrapList)</selected>
			<onclick>Skin.ToggleSetting(LandscapeWrapList)</onclick>
			<include>ReloadWindowOnClick</include>
		</control>
		<control type="radiobutton" id="1510">
			<include>ButtonCommonValues</include>
			<label>$LOCALIZE[20411]</label>
			<onclick>Skin.ToggleSetting(Enable.LandscapeNoFlow)</onclick>
			<selected>Skin.HasSetting(Enable.LandscapeNoFlow)</selected>
		</control>
		<control type="radiobutton" id="1511">
			<include>ButtonCommonValues</include>
			<label>$LOCALIZE[31606]</label>
			<onclick>Skin.ToggleSetting(Enable.Landscape.Logo)</onclick>
			<selected>Skin.HasSetting(Enable.Landscape.Logo)</selected>
			<visible>!Window.IsActive(music)</visible>
			<visible>!Container.Content(sets) + !Container.Content(episodes) + !Container.Content(seasons) + !Container.Content(genres)</visible>
		</control>
		<control type="radiobutton" id="1512">
			<include>ButtonCommonValues</include>
			<label>   - $LOCALIZE[31087]</label>
			<onclick>Skin.ToggleSetting(Enable.Landscape.BannerLogo)</onclick>
			<selected>Skin.HasSetting(Enable.Landscape.BannerLogo)</selected>
			<visible>Skin.HasSetting(Enable.Landscape.Logo) + !Container.Content(sets) + !Container.Content(episodes) + !Container.Content(seasons) + !Container.Content(genres)</visible>
		</control>
		<control type="radiobutton" id="1513">
			<include>ButtonCommonValues</include>
			<label>$LOCALIZE[31606]</label>
			<onclick>Skin.ToggleSetting(Enable.Landscape.SetLogo)</onclick>
			<selected>Skin.HasSetting(Enable.Landscape.SetLogo)</selected>
			<visible>Container.Content(sets)</visible>
		</control>
		<control type="radiobutton" id="1514">
			<include>ButtonCommonValues</include>
			<label>   - $LOCALIZE[31087]</label>
			<onclick>Skin.ToggleSetting(Enable.Landscape.SetBannerLogo)</onclick>
			<selected>Skin.HasSetting(Enable.Landscape.SetBannerLogo)</selected>
			<visible>Container.Content(sets) + Skin.HasSetting(Enable.Landscape.SetLogo)</visible>
		</control>
		<control type="radiobutton" id="1515">
			<include>ButtonCommonValues</include>
			<label>$LOCALIZE[31604]</label>
			<onclick>Skin.ToggleSetting(Disable.Landscape.MovieInfo)</onclick>
			<selected>!Skin.HasSetting(Disable.Landscape.MovieInfo)</selected>
			<visible>Container.Content(movies) + !Skin.HasSetting(Enable.Landscape.Logo)</visible>
		</control>
		<control type="radiobutton" id="1516">
			<include>ButtonCommonValues</include>
			<label>$LOCALIZE[31604]</label>
			<onclick>Skin.ToggleSetting(Disable.Landscape.SetInfo)</onclick>
			<selected>!Skin.HasSetting(Disable.Landscape.SetInfo)</selected>
			<visible>Container.Content(sets) + !Skin.HasSetting(Enable.Landscape.SetLogo)</visible>
		</control>
		<control type="radiobutton" id="1517">
			<include>ButtonCommonValues</include>
			<label>   - $LOCALIZE[515]</label>
			<onclick>Skin.ToggleSetting(Disable.Landscape.MovieGenre)</onclick>
			<selected>!Skin.HasSetting(Disable.Landscape.MovieGenre)</selected>)
			<visible>Container.Content(movies) + !Skin.HasSetting(Disable.Landscape.MovieInfo) + !Skin.HasSetting(Enable.Landscape.Logo) | Container.Content(sets) + !Skin.HasSetting(Disable.Landscape.SetInfo) + !Skin.HasSetting(Enable.Landscape.SetLogo)</visible>
		</control>
		<control type="radiobutton" id="1518">
			<include>ButtonCommonValues</include>
			<label>$LOCALIZE[31604]</label>
			<onclick>Skin.ToggleSetting(Disable.Landscape.TVInfo)</onclick>
			<selected>!Skin.HasSetting(Disable.Landscape.TVInfo)</selected>
			<visible>Container.Content(tvshows) + !Skin.HasSetting(Enable.Landscape.Logo)</visible>
		</control>
		<control type="radiobutton" id="1519">
			<include>ButtonCommonValues</include>
			<label>   - $LOCALIZE[515]</label>
			<onclick>Skin.ToggleSetting(Enable.Landscape.TVShowGenre)</onclick>
			<selected>Skin.HasSetting(Enable.Landscape.TVShowGenre)</selected>)
			<visible>Container.Content(tvshows) + !Skin.HasSetting(Enable.Landscape.Logo)</visible>
		</control>
		<control type="radiobutton" id="1520">
			<include>ButtonCommonValues</include>
			<label>$LOCALIZE[31604]</label>
			<onclick>Skin.ToggleSetting(Disable.Landscape.EpisodeInfo)</onclick>
			<selected>!Skin.HasSetting(Disable.Landscape.EpisodeInfo)</selected>
			<visible>Container.Content(episodes)</visible>
		</control>
	</include>
	<include name="ShowCaseViewSettings">
		<!-- ShowCase -->
		<control type="radiobutton" id="1529">
			<include>ButtonCommonValues</include>
			<label>$LOCALIZE[31005]</label>
			<selected>Skin.HasSetting(ShowCaseWrapList)</selected>
			<onclick>Skin.ToggleSetting(ShowCaseWrapList)</onclick>
			<include>ReloadWindowOnClick</include>
		</control>
		<control type="radiobutton" id="1510">
			<include>ButtonCommonValues</include>
			<label>$LOCALIZE[20411]</label>
			<onclick>Skin.ToggleSetting(noshowcaseflow)</onclick>
			<selected>Skin.HasSetting(noshowcaseflow)</selected>
		</control>
		<control type="radiobutton" id="1530">
			<include>ButtonCommonValues</include>
			<label>$LOCALIZE[31604]</label>
			<selected>Skin.HasSetting(ShowCaseGenreLabels)</selected>
			<onclick>Skin.ToggleSetting(ShowCaseGenreLabels)</onclick>
			<visible>Container.Content(genres)</visible>
		</control>
		<control type="radiobutton" id="1511">
			<include>ButtonCommonValues</include>
			<label>$LOCALIZE[31606]</label>
			<onclick>Skin.ToggleSetting(Enable.ShowCase.Logo)</onclick>
			<selected>Skin.HasSetting(Enable.ShowCase.Logo)</selected>
			<visible>!Container.Content(sets) + !Container.Content(episodes) + !Container.Content(seasons) + !Container.Content(genres) + !Container.Content(musicvideos)</visible>
		</control>
		<control type="radiobutton" id="1526">
			<include>ButtonCommonValues</include>
			<label>$LOCALIZE[31606]</label>
			<onclick>Skin.ToggleSetting(Enable.ShowCase.SetLogo)</onclick>
			<selected>Skin.HasSetting(Enable.ShowCase.SetLogo)</selected>
			<visible>Container.Content(sets)</visible>
		</control>
		<control type="radiobutton" id="1512">
			<include>ButtonCommonValues</include>
			<label>   - $LOCALIZE[31087]</label>
			<onclick>Skin.ToggleSetting(Enable.ShowCase.BannerLogo)</onclick>
			<selected>Skin.HasSetting(Enable.ShowCase.BannerLogo)</selected>
			<visible>Skin.HasSetting(Enable.ShowCase.Logo) + !Container.Content(sets) + !Container.Content(episodes) + !Container.Content(seasons) + !Container.Content(genres) + !Container.Content(musicvideos)</visible>
		</control>
		<control type="radiobutton" id="1528">
			<include>ButtonCommonValues</include>
			<label>   - $LOCALIZE[31087]</label>
			<onclick>Skin.ToggleSetting(Enable.ShowCase.SetBannerLogo)</onclick>
			<selected>Skin.HasSetting(Enable.ShowCase.SetBannerLogo)</selected>
			<visible>Skin.HasSetting(Enable.ShowCase.SetLogo) + Container.Content(sets)</visible>
		</control>
		<control type="radiobutton" id="1531">
			<include>ButtonCommonValues</include>
			<label>$LOCALIZE[31606]</label>
			<onclick>Skin.ToggleSetting(Enable.ShowCase.MusicVidLogo)</onclick>
			<selected>Skin.HasSetting(Enable.ShowCase.MusicVidLogo)</selected>
			<visible>Container.Content(musicvideos)</visible>
		</control>
		<control type="radiobutton" id="1532">
			<include>ButtonCommonValues</include>
			<label>   - $LOCALIZE[31087]</label>
			<onclick>Skin.ToggleSetting(Enable.ShowCase.MusicVidBannerLogo)</onclick>
			<selected>Skin.HasSetting(Enable.ShowCase.MusicVidBannerLogo)</selected>
			<visible>Skin.HasSetting(Enable.ShowCase.MusicVidLogo) + Container.Content(musicvideos)</visible>
		</control>
		<control type="radiobutton" id="1513">
			<include>ButtonCommonValues</include>
			<label>$LOCALIZE[31604]</label>
			<onclick>Skin.ToggleSetting(Disable.ShowCase.MovieInfo)</onclick>
			<selected>!Skin.HasSetting(Disable.ShowCase.MovieInfo)</selected>
			<visible>Container.Content(movies) + !Skin.HasSetting(Enable.ShowCase.Logo)</visible>
		</control>
		<control type="radiobutton" id="1527">
			<include>ButtonCommonValues</include>
			<label>$LOCALIZE[31604]</label>
			<onclick>Skin.ToggleSetting(Disable.ShowCase.SetInfo)</onclick>
			<selected>!Skin.HasSetting(Disable.ShowCase.SetInfo)</selected>
			<visible>Container.Content(sets) + !Skin.HasSetting(Enable.ShowCase.SetLogo)</visible>
		</control>
		<control type="radiobutton" id="1515">
			<include>ButtonCommonValues</include>
			<label>   - $LOCALIZE[345]</label>
			<onclick>Skin.ToggleSetting(Disable.ShowCase.Year)</onclick>
			<selected>!Skin.HasSetting(Disable.ShowCase.Year)</selected>)
			<visible>[Container.Content(movies) + !Skin.HasSetting(Disable.ShowCase.MovieInfo) + !Skin.HasSetting(Enable.ShowCase.Logo)] | [Container.Content(sets) + !Skin.HasSetting(Disable.ShowCase.SetInfo) + !Skin.HasSetting(Enable.ShowCase.SetLogo)]</visible>
		</control>
		<control type="radiobutton" id="1514">
			<include>ButtonCommonValues</include>
			<label>   - $LOCALIZE[515]</label>
			<onclick>Skin.ToggleSetting(Disable.ShowCase.MovieGenre)</onclick>
			<selected>!Skin.HasSetting(Disable.ShowCase.MovieGenre)</selected>)
			<visible>[Container.Content(movies) + !Skin.HasSetting(Disable.ShowCase.MovieInfo) + !Skin.HasSetting(Enable.ShowCase.Logo)] | [Container.Content(sets) + !Skin.HasSetting(Disable.ShowCase.SetInfo) + !Skin.HasSetting(Enable.ShowCase.SetLogo)]</visible>
		</control>
		<control type="radiobutton" id="1515">
			<include>ButtonCommonValues</include>
			<label>$LOCALIZE[31604]</label>
			<onclick>Skin.ToggleSetting(Disable.ShowCase.TVInfo)</onclick>
			<selected>!Skin.HasSetting(Disable.ShowCase.TVInfo)</selected>
			<visible>Container.Content(tvshows) + !Skin.HasSetting(Enable.ShowCase.Logo)</visible>
		</control>
		<control type="radiobutton" id="1516">
			<include>ButtonCommonValues</include>
			<label>   - $LOCALIZE[515]</label>
			<onclick>Skin.ToggleSetting(Enable.ShowCase.TVShowGenre)</onclick>
			<selected>Skin.HasSetting(Enable.ShowCase.TVShowGenre)</selected>)
			<visible>Container.Content(tvshows) + !Skin.HasSetting(Enable.ShowCase.Logo) + !Skin.HasSetting(Disable.ShowCase.TVInfo)</visible>
		</control>
		<control type="radiobutton" id="1517">
			<include>ButtonCommonValues</include>
			<label>$LOCALIZE[20020]</label>
			<onclick>Skin.ToggleSetting(Enable.ShowCase.SeasonBanner)</onclick>
			<selected>Skin.HasSetting(Enable.ShowCase.SeasonBanner)</selected>
			<visible>Container.Content(seasons)</visible>
		</control>
		<control type="radiobutton" id="1518">
			<include>ButtonCommonValues</include>
			<label>$LOCALIZE[31604]</label>
			<onclick>Skin.ToggleSetting(Disable.ShowCase.FloorInfo.seasons)</onclick>
			<selected>!Skin.HasSetting(Disable.ShowCase.FloorInfo.seasons)</selected>
			<visible>!Skin.HasSetting(Enable.ShowCase.SeasonBanner) + Container.Content(seasons)</visible>
		</control>
		<control type="radiobutton" id="1519">
			<include>ButtonCommonValues</include>
			<label>$LOCALIZE[31608]</label>
			<onclick>Skin.ToggleSetting(Enable.ShowCase.Covers)</onclick>
			<selected>Skin.HasSetting(Enable.ShowCase.Covers)</selected>
			<visible>[Container.Content(movies) | Container.Content(sets)]</visible>
		</control>
		<control type="radiobutton" id="1520">
			<include>ButtonCommonValues</include>
			<label>$LOCALIZE[31608]</label>
			<onclick>Skin.ToggleSetting(Enable.ShowCase.TVCovers)</onclick>
			<selected>Skin.HasSetting(Enable.ShowCase.TVCovers)</selected>
			<visible>[Container.Content(tvshows) | Container.Content(seasons)]</visible>
		</control>
		<control type="radiobutton" id="1521">
			<include>ButtonCommonValues</include>
			<label>   - $LOCALIZE[20434]</label>
			<onclick>Skin.ToggleSetting(Disable.ShowCaseSetCases)</onclick>
			<selected>!Skin.HasSetting(Disable.ShowCaseSetCases)</selected>
			<visible>Skin.HasSetting(Enable.ShowCase.Covers) + [Container.Content(movies) | Container.Content(sets)]</visible>
		</control>
		<control type="radiobutton" id="1522">
			<include>ButtonCommonValues</include>
			<label>$LOCALIZE[31966]</label>
			<onclick condition="String.IsEmpty(Skin.String(Showcase.Delay))">Skin.SetString(Showcase.Delay,2)</onclick>
			<onclick>Skin.ToggleSetting(showcasemod)</onclick>
			<selected>Skin.HasSetting(showcasemod)</selected>
			<visible>Container.Content(movies) | Container.Content(sets)</visible>
		</control>
		<control type="radiobutton" id="1523">
			<include>ButtonCommonValues</include>
			<label>$LOCALIZE[31965]</label>
			<onclick condition="String.IsEmpty(Skin.String(Showcase.Delay))">Skin.SetString(Showcase.Delay,2)</onclick>
			<onclick>Skin.ToggleSetting(boxsetmod)</onclick>
			<selected>Skin.HasSetting(boxsetmod)</selected>
			<visible>Container.Content(movies) | Container.Content(sets)</visible>
		</control>
		<control type="radiobutton" id="1524">
			<include>ButtonCommonValues</include>
			<label>   - $LOCALIZE[31256]</label>
			<onclick>Skin.ToggleSetting(Disable.BoxsetBrochure)</onclick>
			<selected>!Skin.HasSetting(Disable.BoxsetBrochure)</selected>
			<visible>Skin.HasSetting(boxsetmod) + [Container.Content(movies) | Container.Content(sets)]</visible>
		</control>
		<control type="button" id="1525">
			<include>ButtonCommonValues</include>
			<label>   - $LOCALIZE[31973]</label>
			<label2>[COLOR $VAR[ThemeLabelColor]]$VAR[ShowcaseDelayLocalizeVar][/COLOR]</label2>
			<onclick>$VAR[ShowcaseModDelayOnClickVar]</onclick>
			<visible>[Container.Content(movies) | Container.Content(sets)] + [Skin.HasSetting(showcasemod) | Skin.HasSetting(boxsetmod)]</visible>
		</control>
	</include>
	<include name="ShowCaseSquareViewSettings">
		<!-- ShowCaseSquare -->
		<control type="radiobutton" id="1510">
			<include>ButtonCommonValues</include>
			<label>$LOCALIZE[31005]</label>
			<selected>Skin.HasSetting(ShowCaseWrapList)</selected>
			<onclick>Skin.ToggleSetting(ShowCaseWrapList)</onclick>
			<include>ReloadWindowOnClick</include>
		</control>
		<control type="radiobutton" id="1511">
			<include>ButtonCommonValues</include>
			<label>$LOCALIZE[31608]</label>
			<onclick>Skin.ToggleSetting(Enable.ShowCaseSquare.MusicCDAlbums)</onclick>
			<selected>Skin.HasSetting(Enable.ShowCaseSquare.MusicCDAlbums)</selected>
			<visible>Container.Content(albums) | Container.Content(songs)</visible>
		</control>
		<control type="radiobutton" id="1512">
			<include>ButtonCommonValues</include>
			<label>$LOCALIZE[31608]</label>
			<onclick>Skin.ToggleSetting(Enable.ShowCaseSquare.MusicCDArtists)</onclick>
			<selected>Skin.HasSetting(Enable.ShowCaseSquare.MusicCDArtists)</selected>
			<visible>Container.Content(artists)</visible>
		</control>
		<control type="radiobutton" id="1513">
			<include>ButtonCommonValues</include>
			<label>$LOCALIZE[31966]</label>
			<onclick condition="String.IsEmpty(Skin.String(Showcase.Delay))">Skin.SetString(Showcase.Delay,2)</onclick>
			<onclick>Skin.ToggleSetting(Enable.ShowCaseSquare.CDArt)</onclick>
			<selected>Skin.HasSetting(Enable.ShowCaseSquare.CDArt)</selected>
			<visible>Container.Content(albums) | Container.Content(songs)</visible>
		</control>
		<control type="button" id="1515">
			<include>ButtonCommonValues</include>
			<label>   - $LOCALIZE[31973]</label>
			<label2>[COLOR $VAR[ThemeLabelColor]]$VAR[ShowcaseDelayLocalizeVar][/COLOR]</label2>
			<onclick>$VAR[ShowcaseModDelayOnClickVar]</onclick>
			<visible>Container.Content(artists) + Skin.HasSetting(Enable.ShowCaseSquare.ArtistCDArt) | [Container.Content(albums) | Container.Content(songs)] + Skin.HasSetting(Enable.ShowCaseSquare.CDArt)</visible>
		</control>
	</include>
	<include name="TriPanelViewSettings">
		<!-- TriPanel -->
		<control type="button" id="1525">
			<description>TriPanel Layout Toggle</description>
			<textwidth>255</textwidth>
			<include>ButtonCommonValues</include>
			<label>$LOCALIZE[31189]</label>
			<label2>[COLOR $VAR[ThemeLabelColor]]$VAR[TriPanelLayoutLabelVar][/COLOR]</label2>
			<onclick>$VAR[TriPanelLayoutOnclickVar]</onclick>
		</control>
	</include>
	<include name="ShiftViewSettings">
		<!-- Shift -->
		<control type="radiobutton" id="1510">
			<include>ButtonCommonValues</include>
			<label>$LOCALIZE[31610]</label>
			<onclick>Skin.ToggleSetting(Enable.Shift.Small)</onclick>
			<selected>Skin.HasSetting(Enable.Shift.Small)</selected>
			<visible>!Window.IsActive(music)</visible>
		</control>
		<control type="radiobutton" id="1511">
			<include>ButtonCommonValues</include>
			<label>$LOCALIZE[31608]</label>
			<onclick>Skin.ToggleSetting(Enable.Shift.Covers)</onclick>
			<selected>Skin.HasSetting(Enable.Shift.Covers)</selected>
			<visible>[Container.Content(movies) | Container.Content(tvshows) | Container.Content(seasons)]</visible>
		</control>
		<control type="radiobutton" id="1512">
			<include>ButtonCommonValues</include>
			<label>$LOCALIZE[31609]</label>
			<onclick>Skin.ToggleSetting(Enable.Shift.Discart)</onclick>
			<selected>Skin.HasSetting(Enable.Shift.Discart)</selected>
			<visible>Container.Content(movies) + !Skin.HasSetting(Enable.Shift.Small)</visible>
		</control>
		<control type="radiobutton" id="1513">
			<include>ButtonCommonValues</include>
			<label>$LOCALIZE[31604]</label>
			<onclick>Skin.ToggleSetting(Enable.Shift.GenreLabels)</onclick>
			<selected>Skin.HasSetting(Enable.Shift.GenreLabels)</selected>)
			<visible>Window.IsActive(music) + Container.Content(genres)</visible>
		</control>
		<control type="button" id="1515">
			<include>ButtonCommonValues</include>
			<label>   - $LOCALIZE[31973]</label>
			<label2>[COLOR $VAR[ThemeLabelColor]]$VAR[ShowcaseDelayLocalizeVar][/COLOR]</label2>
			<onclick>$VAR[ShowcaseModDelayOnClickVar]</onclick>
			<visible>Control.IsVisible(1514) + Skin.HasSetting(Enable.Shift.ArtistCDArt)</visible>
		</control>
	</include>
	<include name="IconsViewSettings">
		<!-- Icons -->
		<control type="radiobutton" id="1510">
			<include>ButtonCommonValues</include>
			<label>$LOCALIZE[31292]</label>
			<onclick>Skin.ToggleSetting(Enable.IconsInfoPopup)</onclick>
			<onclick condition="String.IsEmpty(Skin.String(InfoPopup.Delay))">Skin.SetString(InfoPopup.Delay,3)</onclick>
			<selected>Skin.HasSetting(Enable.IconsInfoPopup)</selected>
			<visible>[Container.Content(movies) | Container.Content(tvshows) | Container.Content(episodes)]</visible>
		</control>
	</include>
	<include name="EpisodeViewSettings">
		<!-- Episode -->
		<control type="radiobutton" id="1510">
			<include>ButtonCommonValues</include>
			<label>$LOCALIZE[31605]</label>
			<onclick>Skin.ToggleSetting(alternatelayoutepisode)</onclick>
			<selected>Skin.HasSetting(alternatelayoutepisode)</selected>
		</control>
	</include>
	<include name="WallViewSettings">
		<!-- Wall -->
		<control type="radiobutton" id="1510">
			<description>Enable Wall Floor Info</description>
			<include>ButtonCommonValues</include>
			<label>$LOCALIZE[31604]</label>
			<onclick>Skin.ToggleSetting(Enable.Wall.FloorInfo.programs)</onclick>
			<selected>Skin.HasSetting(Enable.Wall.FloorInfo.programs)</selected>
			<visible>[Container.Content(programs) | Container.Content(addons)]</visible>
		</control>
		<control type="radiobutton" id="1525">
			<include>ButtonCommonValues</include>
			<label>$LOCALIZE[31253]</label>
			<onclick condition="!Skin.HasSetting(Enable.Wall.TVBanners) + Skin.HasSetting(Enable.Wall.BannerLogo)">Skin.ToggleSetting(Enable.Wall.BannerLogo)</onclick>
			<onclick>Skin.ToggleSetting(Enable.Wall.TVBanners)</onclick>
			<selected>Skin.HasSetting(Enable.Wall.TVBanners)</selected>
			<visible>Container.Content(tvshows)</visible>
		</control>
		<control type="radiobutton" id="1526">
			<include>ButtonCommonValues</include>
			<label>$LOCALIZE[31253]</label>
			<onclick condition="!Skin.HasSetting(Enable.Wall.MovieBanners) + Skin.HasSetting(Enable.Wall.BannerLogo)">Skin.ToggleSetting(Enable.Wall.BannerLogo)</onclick>
			<onclick>Skin.ToggleSetting(Enable.Wall.MovieBanners)</onclick>
			<selected>Skin.HasSetting(Enable.Wall.MovieBanners)</selected>
			<visible>Container.Content(movies)</visible>
		</control>
		<control type="radiobutton" id="1511">
			<description>Enable Wall Cases</description>
			<include>ButtonCommonValues</include>
			<label>$LOCALIZE[31608]</label>
			<onclick>Skin.ToggleSetting(Enable.Wall.Cases)</onclick>
			<selected>Skin.HasSetting(Enable.Wall.Cases)</selected>
			<visible>[Container.Content(movies) + !Skin.HasSetting(Enable.Wall.MovieBanners) | Container.Content(tvshows) + !Skin.HasSetting(Enable.Wall.TVBanners)] | Container.Content(seasons)</visible>
		</control>
		<control type="radiobutton" id="1512">
			<description>Enable Wall Cases</description>
			<include>ButtonCommonValues</include>
			<label>$LOCALIZE[31608]</label>
			<onclick>Skin.ToggleSetting(Enable.Wall.SetCases)</onclick>
			<selected>Skin.HasSetting(Enable.Wall.SetCases)</selected>
			<visible>Container.Content(sets)</visible>
		</control>
		<control type="radiobutton" id="1513">
			<include>ButtonCommonValues</include>
			<label>$LOCALIZE[31606]</label>
			<onclick>Skin.ToggleSetting(Enable.Wall.Logo)</onclick>
			<selected>Skin.HasSetting(Enable.Wall.Logo)</selected>
			<visible>[Container.Content(movies) | Container.Content(tvshows)]</visible>
		</control>
		<control type="radiobutton" id="1514">
			<include>ButtonCommonValues</include>
			<label>   - $LOCALIZE[20020]</label>
			<onclick>Skin.ToggleSetting(Enable.Wall.BannerLogo)</onclick>
			<selected>Skin.HasSetting(Enable.Wall.BannerLogo)</selected>)
			<visible>[Container.Content(movies) + !Skin.HasSetting(Enable.Wall.MovieBanners) | Container.Content(tvshows) + !Skin.HasSetting(Enable.Wall.TVBanners)] + Skin.HasSetting(Enable.Wall.Logo)</visible>
		</control>
		<control type="radiobutton" id="1515">
			<include>ButtonCommonValues</include>
			<label>$LOCALIZE[31606]</label>
			<onclick>Skin.ToggleSetting(Enable.Wall.SetLogo)</onclick>
			<selected>Skin.HasSetting(Enable.Wall.SetLogo)</selected>)
			<visible>Container.Content(sets)</visible>
		</control>
		<control type="radiobutton" id="1516">
			<include>ButtonCommonValues</include>
			<label>   - $LOCALIZE[20020]</label>
			<onclick>Skin.ToggleSetting(Enable.Wall.SetBannerLogo)</onclick>
			<selected>Skin.HasSetting(Enable.Wall.SetBannerLogo)</selected>)
			<visible>Container.Content(sets) + Skin.HasSetting(Enable.Wall.SetLogo)</visible>
		</control>
		<control type="radiobutton" id="1517">
			<include>ButtonCommonValues</include>
			<label>$LOCALIZE[31604]</label>
			<onclick>Skin.ToggleSetting(Disable.Wall.MovieInfo)</onclick>
			<selected>!Skin.HasSetting(Disable.Wall.MovieInfo)</selected>
			<visible>Container.Content(movies) + !Skin.HasSetting(Enable.Wall.Logo)</visible>
		</control>
		<control type="radiobutton" id="1518">
			<include>ButtonCommonValues</include>
			<label>$LOCALIZE[31604]</label>
			<onclick>Skin.ToggleSetting(Disable.Wall.SetInfo)</onclick>
			<selected>!Skin.HasSetting(Disable.Wall.SetInfo)</selected>
			<visible>Container.Content(sets) + !Skin.HasSetting(Enable.Wall.SetLogo)</visible>
		</control>
		<control type="radiobutton" id="1519">
			<description>Enable Wall Floor Info</description>
			<include>ButtonCommonValues</include>
			<label>$LOCALIZE[31604]</label>
			<onclick>Skin.ToggleSetting(Disable.Wall.TVInfo)</onclick>
			<selected>!Skin.HasSetting(Disable.Wall.TVInfo)</selected>
			<visible>Container.Content(tvshows) + !Skin.HasSetting(Enable.Wall.Logo)</visible>
		</control>
		<control type="radiobutton" id="1520">
			<include>ButtonCommonValues</include>
			<label>$LOCALIZE[20020]</label>
			<onclick>Skin.ToggleSetting(Enable.Wall.SeasonBanner)</onclick>
			<selected>Skin.HasSetting(Enable.Wall.SeasonBanner)</selected>
			<visible>Container.Content(seasons)</visible>
		</control>
		<control type="radiobutton" id="1521">
			<description>Enable Wall Floor Info</description>
			<include>ButtonCommonValues</include>
			<label>$LOCALIZE[31604]</label>
			<onclick>Skin.ToggleSetting(Enable.Wall.FloorInfo.seasons)</onclick>
			<selected>Skin.HasSetting(Enable.Wall.FloorInfo.seasons)</selected>
			<visible>Container.Content(seasons) + !Skin.HasSetting(Enable.Wall.SeasonBanner)</visible>
		</control>
		<control type="radiobutton" id="1522">
			<description>Enable Wall Floor</description>
			<include>ButtonCommonValues</include>
			<label>$LOCALIZE[31604]</label>
			<onclick>Skin.ToggleSetting(Enable.Wall.AlbumLabels)</onclick>
			<selected>Skin.HasSetting(Enable.Wall.AlbumLabels)</selected>
			<visible>Container.Content(albums)</visible>
		</control>
		<control type="radiobutton" id="1523">
			<include>ButtonCommonValues</include>
			<label>   - $LOCALIZE[515]</label>
			<onclick>Skin.ToggleSetting(Disable.Wall.MovieGenre)</onclick>
			<selected>!Skin.HasSetting(Disable.Wall.MovieGenre)</selected>)
			<visible>Container.Content(movies) + !Skin.HasSetting(Enable.Wall.Logo) + !Skin.HasSetting(Disable.Wall.MovieInfo)</visible>
		</control>
		<control type="radiobutton" id="1524">
			<include>ButtonCommonValues</include>
			<label>   - $LOCALIZE[515]</label>
			<onclick>Skin.ToggleSetting(Enable.Wall.TVShowGenre)</onclick>
			<selected>Skin.HasSetting(Enable.Wall.TVShowGenre)</selected>)
			<visible>Container.Content(tvshows) + !Skin.HasSetting(Enable.Wall.Logo) + !Skin.HasSetting(Disable.Wall.TVInfo)</visible>
		</control>
		<control type="radiobutton" id="1527">
			<include>ButtonCommonValues</include>
			<label>$LOCALIZE[31604]</label>
			<onclick>Skin.ToggleSetting(Enable.Wall.GenreLabels)</onclick>
			<selected>Skin.HasSetting(Enable.Wall.GenreLabels)</selected>)
			<visible>Window.IsActive(music) + Container.Content(genres)</visible>
		</control>
	</include>
	<include name="GalleryViewSettings">
		<!-- Gallery -->
		<description />
	</include>
	<include name="PanelViewSettings">
		<!-- Panel -->
		<description />
	</include>
	<include name="BigListViewSettings">
		<!-- BigList -->
		<control type="radiobutton" id="1510">
			<include>ButtonCommonValues</include>
			<label>$LOCALIZE[31605]</label>
			<onclick>Skin.ToggleSetting(alternatebiglistlayout)</onclick>
			<selected>Skin.HasSetting(alternatebiglistlayout)</selected>
		</control>
	</include>
	<include name="SongListViewSettings">
		<!-- SongList -->
		<description />
	</include>
	<include name="MyFlixViewSettings">
		<!-- MyFlix -->
		<control type="radiobutton" id="1510">
			<include>ButtonCommonValues</include>
			<label>$LOCALIZE[31606]</label>
			<onclick>Skin.ToggleSetting(Disable.MyFlix.MovieLogo)</onclick>
			<selected>!Skin.HasSetting(Disable.MyFlix.MovieLogo)</selected>
			<visible>Container.Content(movies)</visible>
		</control>
		<control type="radiobutton" id="1511">
			<include>ButtonCommonValues</include>
			<label>$LOCALIZE[31606]</label>
			<onclick>Skin.ToggleSetting(Enable.MyFlix.TVLogo)</onclick>
			<selected>Skin.HasSetting(Enable.MyFlix.TVLogo)</selected>
			<visible>Container.Content(tvshows) | Container.Content(episodes)</visible>
		</control>
		<control type="button" id="1513">
			<include>ButtonCommonValues</include>
			<label>$LOCALIZE[31348]</label>
			<label2>[COLOR $VAR[ThemeLabelColor]]$VAR[MyFlixDimmerLabelVar][/COLOR]</label2>
			<onclick>SetProperty(CustomSelectMyFlixDimmer,True)</onclick>
			<onclick>ActivateWindow(1129)</onclick>
		</control>
		<control type="radiobutton" id="1514">
			<include>ButtonCommonValues</include>
			<label>$LOCALIZE[31604]</label>
			<onclick>Skin.ToggleSetting(Disable.MyFlixInfo)</onclick>
			<selected>!Skin.HasSetting(Disable.MyFlixInfo)</selected>
		</control>
		<control type="radiobutton" id="1515">
			<include>ButtonCommonValues</include>
			<label>$LOCALIZE[31076]</label>
			<onclick>Skin.ToggleSetting(Enable.MyFlix.MovieLandscape)</onclick>
			<selected>Skin.HasSetting(Enable.MyFlix.MovieLandscape)</selected>
			<visible>Container.Content(movies)</visible>
		</control>
		<control type="radiobutton" id="1516">
			<include>ButtonCommonValues</include>
			<label>$LOCALIZE[31608]</label>
			<onclick>Skin.ToggleSetting(Enable.MyFlix.Cases)</onclick>
			<selected>Skin.HasSetting(Enable.MyFlix.Cases)</selected>
			<visible>[Container.Content(movies) | Container.Content(sets) | Container.Content(tvshows) | Container.Content(seasons)] + !Skin.HasSetting(Enable.MyFlix.MovieLandscape)</visible>
		</control>
		<control type="radiobutton" id="1517">
			<include>ButtonCommonValues</include>
			<label>$LOCALIZE[31966]</label>
			<onclick>Skin.ToggleSetting(Enable.MyFlix.OpenCase)</onclick>
			<onclick condition="String.IsEmpty(Skin.String(MyFlix.Delay))">Skin.SetString(MyFlix.Delay,2)</onclick>
			<selected>Skin.HasSetting(Enable.MyFlix.OpenCase)</selected>
			<visible>Container.Content(movies) + !Skin.HasSetting(Enable.MyFlix.MovieLandscape)</visible>
		</control>
		<control type="button" id="1518">
			<include>ButtonCommonValues</include>
			<label>   - $LOCALIZE[31973]</label>
			<label2>[COLOR $VAR[ThemeLabelColor]]$VAR[MyFlixDelayLocalizeVar][/COLOR]</label2>
			<onclick>$VAR[MyFlixModDelayOnClickVar]</onclick>
			<visible>Container.Content(movies) + !Skin.HasSetting(Enable.MyFlix.MovieLandscape) + Skin.HasSetting(Enable.MyFlix.OpenCase)</visible>
		</control>
		<control type="radiobutton" id="1519">
			<include>ButtonCommonValues</include>
			<label>$LOCALIZE[31076]</label>
			<onclick>Skin.ToggleSetting(Enable.MyFlix.TVLandscape)</onclick>
			<selected>Skin.HasSetting(Enable.MyFlix.TVLandscape)</selected>
			<visible>Container.Content(tvshows)</visible>
		</control>
	</include>
	<include name="MusicJukeBoxViewSettings">
		<!-- MusicJukeBox -->
		<description />
	</include>
	<include name="FullscreenWallViewSettings">
		<!-- FullscreenWall -->
		<control type="radiobutton" id="1510">
			<include>ButtonCommonValues</include>
			<label>$LOCALIZE[31254]</label>
			<onclick>Skin.ToggleSetting(Enable.SmallerFullscreenWallPosters)</onclick>
			<selected>Skin.HasSetting(Enable.SmallerFullscreenWallPosters)</selected>
			<visible>!Window.IsActive(music)</visible>
		</control>
		<control type="radiobutton" id="1511">
			<include>ButtonCommonValues</include>
			<label>   - $LOCALIZE[31509]</label>
			<onclick>Skin.ToggleSetting(Enable.TinyFullscreenWallPosters)</onclick>
			<selected>Skin.HasSetting(Enable.TinyFullscreenWallPosters)</selected>
			<visible>!Window.IsActive(music) + Skin.HasSetting(Enable.SmallerFullscreenWallPosters)</visible>
		</control>
		<control type="radiobutton" id="1520">
			<include>ButtonCommonValues</include>
			<label>$LOCALIZE[31292]</label>
			<onclick>Skin.ToggleSetting(Enable.FullscreenWallInfoPopup)</onclick>
			<onclick condition="String.IsEmpty(Skin.String(InfoPopup.Delay))">Skin.SetString(InfoPopup.Delay,3)</onclick>
			<selected>Skin.HasSetting(Enable.FullscreenWallInfoPopup)</selected>
			<visible>!Window.IsActive(music)</visible>
		</control>
	</include>
	<include name="ReloadWindowOnClick">
		<onclick condition="Window.IsActive(addonbrowser)">SetProperty(ActiveWindow,addons,home)</onclick>
		<onclick condition="Window.IsActive(music)">SetProperty(ActiveWindow,music,home)</onclick>
		<onclick condition="Window.IsActive(musicplaylist)">SetProperty(ActiveWindow,musicplaylist,home)</onclick>
		<onclick condition="Window.IsActive(videoplaylist)">SetProperty(ActiveWindow,videoplaylist,home)</onclick>
		<onclick condition="Window.IsActive(videos)">SetProperty(ActiveWindow,videos,home)</onclick>
		<onclick condition="Window.IsActive(programs)">SetProperty(ActiveWindow,programs,home)</onclick>
		<onclick condition="Window.IsActive(tvguide)">SetProperty(ActiveWindow,tvguide,home)</onclick>
		<onclick>SetProperty(ContainerPath,$ESCINFO[Container.FolderPath],home)</onclick>
		<onclick condition="!Window.IsActive(tvguide)">Dialog.Close(1131)</onclick>
		<onclick condition="Window.IsActive(tvguide)">Dialog.Close(1150)</onclick>
		<onclick>ReplaceWindow(1135)</onclick>
	</include>
</includes>