<timers>
	<timer>
		<name>autoclosevideoosd</name>
		<start reset="true">Window.IsActive(videoosd) + !System.IdleTime(1) + !String.IsEmpty(Skin.String(AutoCloseVideoOSD))</start>
		<reset>!System.IdleTime(1) + Window.IsActive(videoosd) + Integer.IsGreaterOrEqual(Skin.TimerElapsedSecs(AutoCloseVideoOSD), 1)</reset>
		<stop>!Window.IsActive(videoosd) | String.IsEmpty(Skin.String(AutoCloseVideoOSD)) | Window.IsActive(videoosd) + !String.IsEmpty(Skin.String(AutoCloseVideoOSD)) + Integer.IsGreaterOrEqual(Skin.TimerElapsedSecs(AutoCloseVideoOSD),Skin.Numeric(AutoCloseVideoOSD))</stop>
		<onstop condition="![Window.IsVisible(DialogSettings.xml) | Window.IsVisible(SubtitleSearch) | Window.IsVisible(VideoBookmarks) | Window.IsVisible(1114) | Window.IsVisible(FileBrowser) | Window.IsVisible(addonsettings) | Window.IsVisible(selectdialog)]">Dialog.Close(videoosd)</onstop>
	</timer>
	<timer>
		<name>autoclosemusicosd</name>
		<start reset="true">Window.IsActive(musicosd) + !System.IdleTime(1) + !String.IsEmpty(Skin.String(AutoCloseMusicOSD))</start>
		<reset>!System.IdleTime(1) + Window.IsActive(musicosd) + !String.IsEmpty(Skin.String(AutoCloseMusicOSD)) + Integer.IsGreaterOrEqual(Skin.TimerElapsedSecs(AutoCloseMusicOSD), 1)</reset>
		<stop>!Window.IsActive(musicosd) | String.IsEmpty(Skin.String(AutoCloseMusicOSD)) | [Window.IsActive(musicosd) + !String.IsEmpty(Skin.String(AutoCloseMusicOSD)) + Integer.IsGreaterOrEqual(Skin.TimerElapsedSecs(AutoCloseMusicOSD),Skin.Numeric(AutoCloseMusicOSD))]</stop>
		<onstop condition="![Window.IsVisible(DialogSettings.xml) | Window.IsVisible(1114) | Window.IsVisible(FileBrowser) | Window.IsVisible(addonsettings) | Window.IsVisible(selectdialog)]">Dialog.Close(musicosd)</onstop>
	</timer>
	<timer>
		<name>takescreenshot</name>
		<stop>Integer.IsGreaterOrEqual(Skin.TimerElapsedSecs(takescreenshot),3)</stop>
		<onstop>TakeScreenshot</onstop>
	</timer>
	<timer>
		<name>resetscreenshot</name>
		<stop>Integer.IsGreaterOrEqual(Skin.TimerElapsedSecs(resetscreenshot),4)</stop>
		<onstop>ClearProperty(Enable.ScreenshotMode,Home)</onstop>
	</timer>
	<!-- <timer> -->
		<!-- <name>askdefaultbackground</name> -->
		<!-- <stop>Integer.IsGreaterOrEqual(Skin.TimerElapsedSecs(askdefaultbackground),3)</stop> -->
		<!-- <onstop>ActivateWindow(1126)</onstop> -->
	<!-- </timer> -->
</timers>