<?xml version="1.0" encoding="UTF-8"?>
<window>
	<onload>SetFocus(400)</onload>
	<controls>

	<!--Animation Controls-->
		<control type="button" id="403">
			<bottom>0</bottom>
			<left>0</left>
			<width>100%</width>
			<height>100%</height>
			<texturefocus>colors/transparent.png</texturefocus>
			<texturefocus>colors/transparent.png</texturefocus>
			<onclick>PlayerControl(Play)</onclick>
			<onback>Dialog.Close(all,true)</onback>
		</control>
		<control type="button" id="402">
			<bottom>0</bottom>
			<left>0</left>
			<width>100%</width>
			<height>220</height>
			<texturefocus>colors/transparent.png</texturefocus>
			<texturefocus>colors/transparent.png</texturefocus>
		</control>

	<!--OSD Buttons-->
		<control type="group">
			<animation effect="slide" start="0,0" end="0,150" time="300" condition="![Control.HasFocus(401) | Control.HasFocus(402) | Control.HasFocus(600) | Control.HasFocus(601) | Control.HasFocus(602) | Control.HasFocus(603) | Control.HasFocus(604) | Control.HasFocus(605) | Control.HasFocus(606) | Control.HasFocus(607) | Control.HasFocus(608) | Control.HasFocus(701) | Control.HasFocus(702) | Control.HasFocus(703) | Control.HasFocus(704) | Control.HasFocus(705) | Control.HasFocus(706) | Control.HasFocus(707) | Control.HasFocus(708) | Control.HasFocus(709) | Control.HasFocus(710) | Control.HasFocus(800) | Control.HasFocus(801) | Control.HasFocus(802) | Control.HasFocus(803) | Control.HasFocus(804) | Control.HasFocus(805) | Control.HasFocus(806) | Control.HasFocus(807) | Control.HasFocus(808) | Control.HasFocus(809) | Control.HasFocus(810) | Control.HasFocus(811) | Control.HasFocus(812) | Control.HasFocus(813) | Control.HasFocus(814) | Control.HasFocus(815) | Control.HasFocus(816)]">Conditional</animation>
			<visible>![Window.IsVisible(FullScreenInfo) | Window.IsVisible(playerprocessinfo) | Window.IsVisible(FullScreenInfo) | Window.IsVisible(SliderDialog) | Window.IsVisible(pvrchannelguide) | Window.IsVisible(PVROSDTeletext) | Window.IsVisible(PVROSDChannels) | Window.IsVisible(OSDVideoSettings) | Window.IsVisible(OSDAudioSettings) | Window.IsVisible(OSDSubtitleSettings) | Window.IsVisible(VideoBookmarks) | Window.IsVisible(SubtitleSearch) | Window.IsVisible(1114)]</visible>
			<visible>!Control.HasFocus(400)</visible>
			<animation effect="fade" end="100" time="200" condition="Skin.HasSetting(VideoOSDOnTop)">Visible</animation>
			<animation effect="fade" end="100" time="200" condition="!Skin.HasSetting(VideoOSDOnTop)">Visible</animation>
			<include condition="!VideoPlayer.Content(LiveTV) + !Window.IsVisible(FullScreenInfo)">DefaultVideoOSD</include>
			<include condition="VideoPlayer.Content(LiveTV) + !Window.IsVisible(FullScreenInfo)">PVRVideoOSD</include>
		</control>

	<!--Seek Bar-->
		<control type="group">
			<top>94%</top>
			<animation effect="slide" start="0,0" end="0,50" time="300" condition="![Control.HasFocus(401) | Control.HasFocus(402) | Control.HasFocus(600) | Control.HasFocus(601) | Control.HasFocus(602) | Control.HasFocus(603) | Control.HasFocus(604) | Control.HasFocus(605) | Control.HasFocus(606) | Control.HasFocus(607) | Control.HasFocus(608) | Control.HasFocus(701) | Control.HasFocus(702) | Control.HasFocus(703) | Control.HasFocus(704) | Control.HasFocus(705) | Control.HasFocus(706) | Control.HasFocus(707) | Control.HasFocus(708) | Control.HasFocus(709) | Control.HasFocus(710) | Control.HasFocus(800) | Control.HasFocus(801) | Control.HasFocus(802) | Control.HasFocus(803) | Control.HasFocus(804) | Control.HasFocus(805) | Control.HasFocus(806) | Control.HasFocus(807) | Control.HasFocus(808) | Control.HasFocus(809) | Control.HasFocus(810) | Control.HasFocus(811) | Control.HasFocus(812) | Control.HasFocus(813) | Control.HasFocus(814) | Control.HasFocus(815) | Control.HasFocus(816)]">Conditional</animation>
			<visible>![Window.IsVisible(FullScreenInfo) | Window.IsVisible(playerprocessinfo) | Window.IsVisible(FullScreenInfo) | Window.IsVisible(SliderDialog) | Window.IsVisible(pvrchannelguide) | Window.IsVisible(PVROSDTeletext) | Window.IsVisible(PVROSDChannels) | Window.IsVisible(OSDVideoSettings) | Window.IsVisible(OSDAudioSettings) | Window.IsVisible(OSDSubtitleSettings) | Window.IsVisible(VideoBookmarks) | Window.IsVisible(SubtitleSearch) | Window.IsVisible(1114)]</visible>
			<visible>!Control.HasFocus(400)</visible>
			<control type="progress">
				<top>25</top>
				<width>100%</width>
				<height>40</height>
				<texturebg border="2">osd/texturebg.png</texturebg>
				<lefttexture />
				<midtexture border="2">osd/midtexture_cache.png</midtexture>
				<righttexture />
				<overlaytexture />
				<info>Player.ProgressCache</info>
			</control>
			<control type="progress">
				<top>25</top>
				<width>100%</width>
				<height>36</height>
				<texturebg border="1">osd/texturebg_cache.png</texturebg>
				<lefttexture />
				<midtexture colordiffuse="$VAR[ThemeOSDProgressColor]" border="2">osd/midtexture.png</midtexture>
				<righttexture />
				<overlaytexture />
				<info>Player.Progress</info>
			</control>
			<control type="slider" id="401">
				<top>25</top>
				<left>0</left>
				<width>100%</width>
				<height>25</height>
				<texturesliderbar>osd/seekslider2.png</texturesliderbar>
				<textureslidernib colordiffuse="$VAR[ThemeOSDProgressColor]">osd/slidernib_alt.png</textureslidernib>
				<textureslidernibfocus>osd/slidernib_alt.png</textureslidernibfocus>
				<action>seek</action>
			</control>
			<control type="group">
				<top>24</top>
				<animation effect="fade" start="100" end="50" time="239.76" condition="Player.Seeking">Conditional</animation>
				<control type="label">
					<width>1500</width>
					<height>90</height>
					<font>font14_title</font>
					<textoffsetx>15</textoffsetx>
					<textcolor>grey</textcolor>
					<shadowcolor>shadow</shadowcolor>
					<aligny>top</aligny>
					<textoffsety>-2</textoffsety>
					<label>$VAR[PlayerTitleLabelVar]</label>
					<scroll>true</scroll>
				</control>
				<control type="label">
					<left>1020</left>
					<width>900</width>
					<height>90</height>
					<font>font14_title</font>
					<textoffsetx>15</textoffsetx>
					<textcolor>grey</textcolor>
					<shadowcolor>shadow</shadowcolor>
					<align>right</align>
					<aligny>top</aligny>
					<textoffsety>-2</textoffsety>
					<label>$VAR[OSDRightLabelVar]</label>
				</control>
			</control>
		</control>

	<!--Forward Rewind-->
		<control type="grouplist">
			<left>30</left>
			<top>50</top>
			<width>748</width>
			<height>150</height>
			<itemgap>10</itemgap>
			<orientation>horizontal</orientation>
			<include>VisibleFadeAnimation</include>
			<visible>Player.Forwarding | Player.Rewinding</visible>
			<usecontrolcoords>true</usecontrolcoords>
			<control type="image">
				<top>3</top>
				<width>90</width>
				<height>87</height>
				<aspectratio>keep</aspectratio>
				<texture flipx="true">osd/ff.png</texture>
				<colordiffuse>FFe5e5e5</colordiffuse>
				<animation effect="fade" start="100" end="60" time="839.16" pulse="true" condition="true">Conditional</animation>
				<visible>Player.Rewinding</visible>
			</control>
			<control type="label">
				<label>$VAR[VideoPlayerForwardRewindVar]</label>
				<width min="10" max="300">auto</width>
				<height>90</height>
				<textoffsetx>0</textoffsetx>
				<font>font_MainMenu</font>
				<shadowcolor>44000000</shadowcolor>
				<textcolor>DDe5e5e5</textcolor>
			</control>
			<control type="image">
				<top>3</top>
				<width>90</width>
				<height>87</height>
				<aspectratio>keep</aspectratio>
				<texture>osd/ff.png</texture>
				<colordiffuse>FFe5e5e5</colordiffuse>
				<animation effect="fade" start="100" end="60" time="839.16" pulse="true" condition="true">Conditional</animation>
				<visible>Player.Forwarding</visible>
			</control>
		</control>

	<!--Pause-->
		<control type="group">
			<animation type="WindowOpen" reversible="false" condition="!Player.Paused">
				<effect type="fade" start="0" end="100" time="479.52" />
			</animation>
			<animation type="WindowClose" reversible="false" condition="!Player.Paused">
				<effect type="fade" start="100" end="0" time="0" />
			</animation>
			<animation type="VisibleChange" reversible="false">
				<effect type="fade" start="0" end="100" time="479.52" />
			</animation>
			<visible>Player.Paused</visible>
			<control type="group">
				<left>867</left>
				<top>378</top>
				<visible>!Skin.HasSetting(PausedLabel) + !Window.IsVisible(FullScreenInfo)</visible>
				<control type="image">
					<width>186</width>
					<height>186</height>
					<texture>osd/btn_pause.png</texture>
				</control>
			</control>
			<control type="label">
				<top>367</top>
				<width>100%</width>
				<height>200</height>
				<align>center</align>
				<label>[UPPERCASE][B]$LOCALIZE[112][/B][/UPPERCASE]</label>
				<font>BigAssTimeFont</font>
				<textcolor>B3FFFFFF</textcolor>
				<visible>Skin.HasSetting(PausedLabel) + !Window.IsVisible(FullScreenInfo)</visible>
			</control>
		</control>

	<!--  Mute  -->
		<control type="togglebutton" id="711">
			<top>5</top>
			<left>5</left>
			<width>64</width>
			<height>64</height>
			<texturefocus colordiffuse="white">osd/pvr/osdaudio.png</texturefocus>
			<texturenofocus />
			<alttexturefocus colordiffuse="white">osd/pvr/osdaudio_muted.png</alttexturefocus>
			<alttexturenofocus />
			<onclick>Mute</onclick>
			<usealttexture>Player.Muted</usealttexture>
			<visible>!Skin.HasSetting(Disable.PlayerControlButtons)</visible>
		</control>

	<!--  Download  -->
		<control type="button" id="712">
			<top>20</top>
			<right>20</right>
			<width>32</width>
			<height>32</height>
			<texturefocus colordiffuse="white">icons/download.png</texturefocus>
			<texturenofocus />
			<onclick>Dialog.Close(VideoOSD)</onclick>
    		<onclick>RunScript(script.module.youtube.dl)</onclick>
			<ondown>710</ondown>
			<onleft>710</onleft>
			<visible>System.AddonIsEnabled(script.module.youtube.dl)</visible>
		</control>

	</controls>
</window>