<?xml version="1.0" encoding="UTF-8"?>
<includes>

<!--Video List-->
	<include name="Video_List">
		<control type="group">
			<visible>[!Skin.HasSetting(Disable.ListView) + Control.IsVisible(50) + Window.IsActive(MyVideoNav.xml) + !Window.IsActive(addoninformation) + !Window.IsActive(AddonBrowser)] | Window.IsVisible(MyFavourites.xml)</visible>
			<include>FullScreen_Vignette</include>
			<width>100%</width>
			<height>100%</height>
			<control type="group">
				<include>VisibleFadeAnimation</include>
				<top>100</top>
				<left>100</left>

             <!--Panel Background Left-->
				<control type="group">
					<top>-100</top>
					<left>-100</left>
					<control type="image">
						<height>100%</height>
						<aspectratio>keep</aspectratio>
						<fadetime>IconCrossfadeTime</fadetime>
						<texture>$INFO[ListItem.Art(fanart)]</texture>
						<visible>!String.IsEmpty(ListItem.Art(fanart)) + !Skin.HasSetting(Disable.Fanart)</visible>
					</control>
					<control type="image" id="7103">
						<width>1170</width>
						<height>100%</height>
						<texture>lists/listpanel_back_gradient_2.png</texture>
						<visible>Window.IsActive(MyVideoNav.xml) + !String.IsEmpty(ListItem.Art(fanart)) + !Skin.HasSetting(Disable.Fanart)</visible>
					</control>
					<control type="image" id="7104">
						<width>1170</width>
						<height>100%</height>
						<texture>lists/listpanel_back_diffuse.png</texture>
						<visible>!Window.IsActive(MyVideoNav.xml) + !String.IsEmpty(ListItem.Art(fanart)) + !Skin.HasSetting(Disable.Fanart)</visible>
					</control>
					<control type="image">
						<width>1170</width>
						<height>100%</height>
						<texture>lists/listpanel_back_left.png</texture>
						<visible>![Control.IsVisible(7103) | Control.IsVisible(7104)]</visible>
					</control>
				</control>

			<!--Panel Background Right-->
				<control type="image">
					<top>-100</top>
					<bottom>0</bottom>
					<left>1070</left>
					<width>750</width>
					<texture>lists/listpanel_back_right.png</texture>
				</control>

			<!--Panel Left-->
				<control type="panel" id="50">
					<top>-30</top>
					<left>-80</left>
					<width>1200</width>
					<height>930</height>
					<onleft>SetProperty(MediaMenu,True,Home)</onleft>
					<onleft>SetFocus(9050)</onleft>
					<onright condition="Control.IsVisible(95060)">95060</onright>
					<onright condition="!Control.IsVisible(95060) + Control.IsVisible(95063)">95063</onright>
					<onright condition="!Control.IsVisible(95060)">4400</onright>
					<onup>50</onup>
					<ondown>50</ondown>
					<viewtype label="535">list</viewtype>
					<pagecontrol>95060</pagecontrol>
					<scrolltime tween="quadratic" easing="out">200</scrolltime>
					<itemlayout height="77" width="1200" condition="Container.Content(studios) | Container.Content(movies) | Container.Content(sets) | Container.Content(tvshows) | Container.Content(seasons) | Container.Content(episodes) | Container.Content(videos) | Container.Content(musicvideos) | Container.Content(files) | Container.Content(addons)">
						<control type="image">
							<left>15</left>
							<top>7.5</top>
							<width>64</width>
							<height>64</height>
							<aspectratio>keep</aspectratio>
							<texture background="true" fallback="homewidgets/DefaultImage_logo.png">$VAR[FocusedPosterThumbVar]</texture>
							<visible>true</visible>
						</control>
						<control type="label">
							<top>10</top>
							<left>100</left>
							<width>950</width>
							<height>64</height>
							<font>font29</font>
							<textcolor>white</textcolor>
							<label>$INFO[ListItem.Label]</label>
						</control>
						<control type="image">
							<left>935</left>
							<top>46</top>
							<width>42</width>
							<height>30</height>
							<aspectratio>keep</aspectratio>
							<texture>$VAR[VideoResolutionFlagVar]</texture>
							<colordiffuse>grey2</colordiffuse>
							<visible>String.IsEqual(ListItem.Label2,ListItem.Rating) | String.IsEqual(ListItem.Label2,ListItem.Year)</visible>
							<visible>Skin.HasSetting(noindicatorlist)</visible>
						</control>
						<control type="image">
							<left>1076</left>
							<top>10</top>
							<width>64</width>
							<height>64</height>
							<aspectratio>keep</aspectratio>
							<texture colordiffuse="$VAR[ThemeLabelColor]">$VAR[ListItemOverlay]</texture>
						</control>
					</itemlayout>
					<focusedlayout height="88" width="1140" condition="Container.Content(studios) | Container.Content(movies) | Container.Content(sets) | Container.Content(tvshows) | Container.Content(seasons) | Container.Content(episodes) | Container.Content(videos) | Container.Content(musicvideos) | Container.Content(files) | Container.Content(addons)">
						<control type="image">
							<width>1150</width>
							<height>88</height>
							<texture>lists/listselect.png</texture>
						</control>
						<control type="image">
							<left>15</left>
							<top>7.5</top>
							<width>64</width>
							<height>64</height>
							<aspectratio>keep</aspectratio>
							<texture background="true" fallback="homewidgets/DefaultImage_logo.png">$VAR[FocusedPosterThumbVar]</texture>
							<visible>true</visible>
						</control>
						<control type="fadelabel">
							<top>40</top>
							<left>100</left>
							<width>950</width>
							<height>64</height>
							<scrollout>false</scrollout>
							<scrollspeed>50</scrollspeed>
							<pauseatend>2000</pauseatend>
							<font>font13</font>
							<textcolor>grey2</textcolor>
							<label>$INFO[ListItem.Tagline,,]</label>
							<colordiffuse>grey2</colordiffuse>
							<visible>!String.IsEmpty(ListItem.Tagline)</visible>
						</control>
						<control type="label">
							<top>10</top>
							<left>100</left>
							<width>950</width>
							<height>64</height>
							<font>font29</font>
							<label>$INFO[ListItem.Label]</label>
							<scrollspeed>120</scrollspeed>
							<animation effect="slide" end="0,-20" time="0" condition="!String.IsEmpty(ListItem.Tagline)">Conditional</animation>
						</control>
						<control type="image">
							<left>935</left>
							<top>46</top>
							<width>42</width>
							<height>28</height>
							<aspectratio>keep</aspectratio>
							<texture>$VAR[VideoResolutionFlagVar]</texture>
							<visible>String.IsEqual(ListItem.Label2,ListItem.Rating) | String.IsEqual(ListItem.Label2,ListItem.Year)</visible>
							<visible>Skin.HasSetting(noindicatorlist)</visible>
						</control>
						<control type="image">
							<top>10</top>
							<left>1076</left>
							<width>64</width>
							<height>64</height>
							<aspectratio>keep</aspectratio>
							<texture colordiffuse="$VAR[ThemeLabelColor]">$VAR[ListItemOverlay]</texture>
						</control>
					</focusedlayout>
				</control>
			</control>

		<!-- Scrollbars -->
			<control type="scrollbar" id="95060">
				<left>1170</left>
				<top>40</top>
				<bottom>0</bottom>
				<width>15</width>
				<onup>95060</onup>
				<ondown>95060</ondown>
				<onleft>50</onleft>
				<onright condition="!Control.IsVisible(615)">4400</onright>
				<onright condition="Control.IsVisible(615)">615</onright>
				<texturesliderbackground colordiffuse="grey4">colors/white50.png</texturesliderbackground>
				<texturesliderbar colordiffuse="grey3">colors/white50.png</texturesliderbar>
				<texturesliderbarfocus colordiffuse="$VAR[ThemeLabelColor]">colors/white70.png</texturesliderbarfocus>
				<showonepage>true</showonepage>
			</control>

		<!-- Flags	-->
			<control type="group">
				<top>990</top>
				<left>160</left>
				<include>Flags_Colored</include>
			</control>

		<!--Panel Right-->
			<control type="group">
				<left>1200</left>
				<top>40</top>
				<visible>true</visible>
				<control type="image">
					<bottom>500</bottom>
					<height>440</height>
					<aspectratio>keep</aspectratio>
					<align>center</align>
					<fadetime>IconCrossfadeTime</fadetime>
					<texture>$VAR[PosterThumbVar]</texture>
					<visible>!String.IsEmpty(ListItem.Icon)</visible>
				</control>
				<control type="image">
					<top>620</top>
					<height>440</height>
					<aspectratio>keep</aspectratio>
					<align>center</align>
					<fadetime>IconCrossfadeTime</fadetime>
					<texture diffuse="thumbs/thumb_reflect2.png" flipy="true">$VAR[PosterThumb]</texture>
					<visible>!String.IsEmpty(ListItem.Icon)</visible>
				</control>
				<control type="image">
					<bottom>420</bottom>
					<height>620</height>
					<aspectratio>keep</aspectratio>
					<align>center</align>
					<fadetime>IconCrossfadeTime</fadetime>
					<texture>$VAR[PosterThumbVar]</texture>
					<visible>!String.IsEmpty(ListItem.Art(poster)) + [Container.Content(movies) | Container.Content(sets) | Container.Content(tvshows) | Container.Content(seasons)]</visible>
				</control>
				<control type="image">
					<top>620</top>
					<height>620</height>
					<aspectratio>keep</aspectratio>
					<align>center</align>
					<fadetime>IconCrossfadeTime</fadetime>
					<texture diffuse="thumbs/thumb_reflect2.png" flipy="true">$VAR[PosterThumb]</texture>
					<visible>!String.IsEmpty(ListItem.Art(poster)) + [Container.Content(movies) | Container.Content(sets) | Container.Content(tvshows) | Container.Content(seasons)]</visible>
				</control>
			</control>

		<!--Full Screen Fanart-->
			<control type="button">
				<top>90</top>
				<right>10</right>
				<width>36</width>
				<height>36</height>
				<aligny>top</aligny>
				<texturefocus colordiffuse="$VAR[ThemeLabelColor]">DefaultTVShows.png</texturefocus>
				<texturenofocus colordiffuse="grey">DefaultTVShows.png</texturenofocus>
				<onclick>Control.SetFocus(4400)</onclick>
				<visible>!String.IsEmpty(ListItem.Art(fanart))</visible>
			</control>

		<!--Separator-->
			<control type="image">
				<top>660</top>
				<left>1185</left>
				<width>750</width>
				<height>1</height>
				<texture colordiffuse="$VAR[MediumColorVar]">lists/separator_horizontal.png</texture>
				<visible>Control.IsVisible(7105) | Control.IsVisible(7106)</visible>
			</control>

		<!--Title-->
			<control type="button" id="7105">
				<top>595</top>
				<left>1200</left>
				<width>700</width>
				<height>200</height>
				<align>center</align>
				<font>font16_title</font>
				<textcolor>azure</textcolor>
				<label>$INFO[ListItem.Title]</label>
				<scrollspeed>100</scrollspeed>
				<texturefocus />
				<visible>!String.IsEmpty(ListItem.Title)</visible>
			</control>
			<control type="button" id="7106">
				<top>595</top>
				<left>1200</left>
				<width>700</width>
				<height>200</height>
				<align>center</align>
				<font>font16</font>
				<textcolor>azure</textcolor>
				<label>$INFO[ListItem.Label]</label>
				<scrollspeed>100</scrollspeed>
				<texturefocus />
				<visible>String.IsEmpty(ListItem.Title)</visible>
			</control>

		<!--Separator-->
			<control type="image">
				<top>725</top>
				<left>1185</left>
				<width>750</width>
				<height>1</height>
				<texture colordiffuse="$VAR[MediumColorVar]">lists/separator_horizontal.png</texture>
				<visible>Control.IsVisible(7105) | Control.IsVisible(7106)</visible>
			</control>

		<!--Info-->
			<control type="grouplist">
				<top>740</top>
				<left>1200</left>
				<width>700</width>
				<height>320</height>
				<itemgap>15</itemgap>

			<!-- Row 2 -->
				<control type="grouplist">
					<orientation>horizontal</orientation>
					<width>700</width>
					<height>32</height>
					<itemgap>10</itemgap>
					<visible>!String.IsEmpty(ListItem.Rating) + [Control.IsVisible(7107) | Control.IsVisible(7108) | Control.IsVisible(7109) | Control.IsVisible(7110)]</visible>
					<control type="label" id="7107">
						<width>110</width>
						<height>32</height>
						<font>font14</font>
						<align>left</align>
						<label>$INFO[ListItem.Year,(,)]</label>
						<visible>!String.IsEmpty(ListItem.Year) + Integer.IsGreater(ListItem.Year,0) + !ListItem.IsCollection</visible>
					</control>
					<control type="label" id="7108">
						<width>430</width>
						<height>32</height>
						<font>font14</font>
						<align>left</align>
						<label>($INFO[Container(4500).ListItem(0).Year]$INFO[Container(4500).ListItem(-1).Year, - ])$INFO[Container(4500).NumItems, • , $LOCALIZE[342]] $INFO[Window(Home).Property(SkinInfo.Set.Movies.Runtime), • , $LOCALIZE[12391]]</label>
						<visible>ListItem.IsCollection</visible>
					</control>
<!--					<control type="label" id="7109">-->
<!--						<width>200</width>-->
<!--						<height>32</height>-->
<!--						<font>font14</font>-->
<!--						<label>($INFO[ListItem.Premiered])</label>-->
<!--						<visible>!String.IsEmpty(ListItem.Premiered) + !String.IsEqual(ListItem.Status,Released) + !String.IsEqual(ListItem.Overlay,OverlayWatched.png) + !Integer.IsGreater(ListItem.PlayCount,0) + !Container.Content(tvshows) + !String.IsEqual(ListItem.DBTYPE,tvshow)</visible>-->
<!--					</control>-->
					<control type="label" id="7110">
						<width min="86" max="130">auto</width>
						<height>32</height>
						<font>font13</font>
						<align>left</align>
						<textcolor>grey2</textcolor>
						<label>$VAR[ItemDurationVar]</label>
						<visible>!Container.Content(tvshows) + [!Skin.HasSetting(Enable.HourMinuteDuration) + Integer.IsGreater(ListItem.Duration(mins),,m,0)] | [Skin.HasSetting(Enable.HourMinuteDuration) + Integer.IsGreater(ListItem.Duration(h),,h,0)]</visible>
					</control>
					<control type="image">
						<width>40</width>
						<height>32</height>
						<align>right</align>
						<aspectratio>keep</aspectratio>
						<texture>flags/colored/ratings/tmdb.png</texture>
						<visible>!String.IsEmpty(ListItem.Rating)</visible>
					</control>
					<control type="label">
						<width>48</width>
						<height>32</height>
						<font>font13</font>
						<textcolor>grey2</textcolor>
						<label>$INFO[ListItem.Rating]</label>
						<visible>!String.IsEmpty(ListItem.Rating)</visible>
					</control>
					<control type="image">
						<width>140</width>
						<height>32</height>
						<aspectratio>keep</aspectratio>
						<texture>$INFO[ListItem.Rating,flags/rating/,.png]</texture>
						<visible>!String.IsEmpty(ListItem.Rating)</visible>
					</control>
				</control>

			<!-- Row 3 -->
				<control type="label">
					<top>675</top>
					<left>1200</left>
					<width>700</width>
					<height>28</height>
					<font>font13</font>
					<textcolor>grey2</textcolor>
					<label>$INFO[ListItem.Genre]</label>
					<scroll>true</scroll>
					<pauseatend>4000</pauseatend>
					<visible>!String.IsEmpty(ListItem.Genre) + !String.Contains(ListItem.Plot,Género) + !String.Contains(ListItem.Plot,Idiomas)</visible>
				</control>

			<!-- Row 4 -->
				<control type="textbox" id="7100">
					<top>805</top>
					<left>1200</left>
					<width>690</width>
					<height>280</height>
					<font>font13_textbox</font>
					<align>justify</align>
					<label>$VAR[VideoPlotVar]</label>
					<autoscroll time="3000" delay="8000" repeat="8000">!Skin.HasSetting(Disable.AutoScroll)</autoscroll>
				</control>
			</control>

		</control>
	</include>

<!--Addon List	-->
	<include name="Addon_List">
		<include>CommonBackground</include>
		<visible>[!Skin.HasSetting(Disable.ListView) + Control.IsVisible(50) + !Window.IsVisible(addoninformation)] + [Window.IsVisible(AddonBrowser.xml) | Window.IsVisible(MyPrograms.xml)]</visible>
		<control type="image">
			<top>0</top>
			<left>0</left>
			<width>1920</width>
			<height>1080</height>
			<texture>overlays/vignette2.png</texture>
		</control>
		<control type="group">
			<include>FadeAnimation</include>
			<left>70</left>
			<top>-110</top>
			<control type="image">
				<top>195</top>
				<left>-30</left>
				<width>1850</width>
				<height>955</height>
				<texture border="40">lists/listpanel_back_diffuse.png</texture>
			</control>
			<control type="image">
				<top>150</top>
				<left>-30</left>
				<width>1850</width>
				<height>70</height>
				<align>center</align>
				<texture>dialogs/dialog_window_banner.png</texture>
			</control>
			<control type="radiobutton">
				<top>160</top>
				<width>48</width>
				<height>48</height>
				<radiowidth>48</radiowidth>
				<radioheight>48</radioheight>
				<texturefocus />
				<texturenofocus />
				<label/>
				<textureradioofffocus>icons/scroll-left.png</textureradioofffocus>
				<textureradiooffnofocus colordiffuse="EEFFFFFF">icons/kodi_logo.png</textureradiooffnofocus>
				<textureradioonfocus>icons/scroll-left.png</textureradioonfocus>
				<textureradioonnofocus colordiffuse="EEFFFFFF">icons/kodi_logo.png</textureradioonnofocus>
				<onclick>Action(close)</onclick>
			</control>

		<!-- Scrollbars -->
			<control type="scrollbar" id="95061">
				<top>222</top>
				<left>1150</left>
				<width>15</width>
				<height>925</height>
				<onup>95061</onup>
				<ondown>95061</ondown>
				<onleft>50</onleft>
				<texturesliderbackground colordiffuse="grey4">colors/white50.png</texturesliderbackground>
				<texturesliderbar colordiffuse="grey3">colors/white50.png</texturesliderbar>
				<texturesliderbarfocus colordiffuse="$VAR[ThemeLabelColor]">colors/white70.png</texturesliderbarfocus>
				<showonepage>true</showonepage>
			</control>
		</control>

	<!--Panel Left-->
		<control type="panel" id="50">
			<top>115</top>
			<left>50</left>
			<width>1155</width>
			<height>920</height>
			<include>VisibleFadeAnimation</include>
			<onleft>SetProperty(MediaMenu,True,Home)</onleft>
			<onleft>SetFocus(9050)</onleft>
			<onright>95061</onright>
			<onup>50</onup>
			<ondown>50</ondown>
			<viewtype label="535">list</viewtype>
			<pagecontrol>95061</pagecontrol>
			<scrolltime tween="quadratic" easing="out">200</scrolltime>
			<itemlayout height="90" width="1155">
				<control type="image">
					<left>15</left>
					<top>8</top>
					<width>80</width>
					<height>80</height>
					<aspectratio>keep</aspectratio>
					<texture background="true" fallback="homewidgets/DefaultImage_logo.png">$INFO[ListItem.Icon,]</texture>
					<colordiffuse>grey2</colordiffuse>
					<visible>String.StartsWith(ListItem.Icon,default)</visible>
				</control>
				<control type="image">
					<left>15</left>
					<top>8</top>
					<width>80</width>
					<height>80</height>
					<aspectratio>keep</aspectratio>
					<texture background="true" fallback="homewidgets/DefaultImage_logo.png">$INFO[ListItem.Icon]</texture>
					<visible>!String.StartsWith(ListItem.Icon,default)</visible>
				</control>
				<control type="label">
					<left>135</left>
					<width>985</width>
					<height>70</height>
					<font>font28</font>
					<textcolor>grey</textcolor>
					<label>$INFO[ListItem.Label]</label>
					<animation effect="slide" start="0,0" end="0,25" time="0" condition="String.IsEmpty(ListItem.AddonSummary)">Conditional</animation>
				</control>
				<control type="label">
					<left>135</left>
					<top>50</top>
					<width>985</width>
					<height>60</height>
					<font>font14</font>
					<textcolor>grey3</textcolor>
					<label>$INFO[ListItem.AddonSummary]</label>
				</control>
				<control type="label">
					<top>25</top>
					<left>85</left>
					<width>1060</width>
					<height>70</height>
					<font>font14</font>
					<align>right</align>
					<textcolor>grey2</textcolor>
					<label>$INFO[ListItem.Label2]</label>
				</control>
			</itemlayout>
			<focusedlayout height="90" width="1155">
				<control type="image">
					<top>12</top>
					<width>1155</width>
					<height>95</height>
					<texture border="4">lists/listselect.png</texture>
					<visible>Control.HasFocus(50)</visible>
				</control>
				<control type="image">
					<left>15</left>
					<top>8</top>
					<width>80</width>
					<height>80</height>
					<aspectratio>keep</aspectratio>
					<texture background="true" fallback="homewidgets/DefaultImage_logo.png">$INFO[ListItem.Icon,]</texture>
					<visible>String.StartsWith(ListItem.Icon,default)</visible>
				</control>
				<control type="image">
					<left>15</left>
					<top>8</top>
					<width>80</width>
					<height>80</height>
					<aspectratio>keep</aspectratio>
					<texture background="true" fallback="homewidgets/DefaultImage_logo.png">$INFO[ListItem.Icon]</texture>
					<visible>!String.StartsWith(ListItem.Icon,default)</visible>
				</control>
				<control type="label">
					<left>135</left>
					<width>985</width>
					<height>70</height>
					<font>font28</font>
					<label>$INFO[ListItem.Label]</label>
					<animation effect="slide" start="0,0" end="0,25" time="0" condition="String.IsEmpty(ListItem.AddonSummary)">Conditional</animation>
				</control>
				<control type="label">
					<left>135</left>
					<top>50</top>
					<width>985</width>
					<height>60</height>
					<font>font14</font>
					<label>$INFO[ListItem.AddonSummary]</label>
				</control>
				<control type="label">
					<top>25</top>
					<left>85</left>
					<width>1060</width>
					<height>70</height>
					<font>font14</font>
					<align>right</align>
					<label>$INFO[ListItem.Label2]</label>
				</control>
			</focusedlayout>
		</control>

	<!--Panel Right-->
		<control type="group">
			<left>1200</left>
			<top>40</top>
			<visible>true</visible>
			<include>VisibleFadeAnimation</include>
			<control type="image">
				<bottom>560</bottom>
				<height>380</height>
				<aspectratio>keep</aspectratio>
				<align>center</align>
				<fadetime>IconCrossfadeTime</fadetime>
				<texture>$VAR[PosterThumbVar]</texture>
				<visible>!String.IsEmpty(ListItem.Icon)</visible>
			</control>
			<control type="image">
				<top>575</top>
				<height>380</height>
				<aspectratio>keep</aspectratio>
				<align>center</align>
				<fadetime>IconCrossfadeTime</fadetime>
				<texture diffuse="thumbs/thumb_reflect2.png" flipy="true">$VAR[PosterThumbVar]</texture>
				<visible>!String.IsEmpty(ListItem.Icon)</visible>
			</control>
		</control>

	<!--Title-->
		<control type="image">
			<top>555</top>
			<left>1240</left>
			<width>650</width>
			<height>1</height>
			<texture colordiffuse="$VAR[MediumColorVar]">lists/separator_horizontal.png</texture>
			<visible>!String.IsEmpty(ListItem.Label) + Container.content(addons)</visible>
		</control>
		<control type="label">
			<top>560</top>
			<left>1250</left>
			<align>center</align>
			<width>600</width>
			<height>50</height>
			<font>font14</font>
			<scroll>true</scroll>
			<label>$INFO[ListItem.Label]</label>
			<visible>Container.content(addons)</visible>
		</control>
		<control type="image">
			<top>610</top>
			<left>1240</left>
			<width>650</width>
			<height>1</height>
			<texture colordiffuse="$VAR[MediumColorVar]">lists/separator_horizontal.png</texture>
			<visible>!String.IsEmpty(ListItem.Label) + Container.content(addons)</visible>
		</control>

	<!--Addon Description-->
		<control type="textbox">
			<top>630</top>
			<right>45</right>
			<width>620</width>
			<height>240</height>
			<align>justify</align>
			<aligny>top</aligny>
			<wrapmultiline>true</wrapmultiline>
			<autoscroll time="2500" delay="3000" repeat="3000">true</autoscroll>
			<font>font13_textbox</font>
			<textcolor>grey</textcolor>
			<label>$INFO[ListItem.AddonDescription]</label>
		</control>

	<!--Addon Info-->
		<control type="image">
			<top>880</top>
			<left>1240</left>
			<width>650</width>
			<height>1</height>
			<texture colordiffuse="$VAR[MediumColorVar]">lists/separator_horizontal.png</texture>
			<visible>!String.IsEmpty(ListItem.AddonVersion)</visible>
		</control>
		<control type="grouplist">
			<visible>Window.IsVisible(AddonBrowser)</visible>
			<top>900</top>
			<left>1270</left>
			<width>600</width>
			<height>120</height>
			<orientation>vertical</orientation>
			<align>center</align>
			<itemgap>4</itemgap>
			<control type="label">
				<width>600</width>
				<height>40</height>
				<font>font13</font>
				<label>$LOCALIZE[19114]: $INFO[ListItem.AddonVersion]</label>
				<visible>!String.IsEmpty(ListItem.AddonVersion)</visible>
			</control>
			<control type="label">
				<width>600</width>
				<height>40</height>
				<font>font13</font>
				<label>$LOCALIZE[31331]: $INFO[ListItem.AddonInstallDate]</label>
				<visible>ListItem.Property(Addon.IsInstalled) + !String.IsEqual(ListItem.AddonInstallDate,01/01/1601 0:00:00)</visible>
			</control>
			<control type="label">
				<width>600</width>
				<height>40</height>
				<font>font13</font>
				<label>$LOCALIZE[12014]: $INFO[ListItem.AddonLastUpdated]</label>
				<visible>!String.IsEmpty(ListItem.AddonLastUpdated)</visible>
			</control>
		</control>
	</include>

<!-- Music List -->
	<include name="MusicList">
		<control type="group">
			<visible>!Skin.HasSetting(Disable.ListView) + Control.IsVisible(50) + !Window.IsActive(addoninformation) + Window.IsActive(MyMusicNav.xml)</visible>
			<include>FadeAnimation</include>
			<control type="group">
				<left>100</left>
				<top>-95</top>
				<control type="image">
					<top>-100</top>
					<left>-100</left>
					<width>1250</width>
					<height>1300</height>
					<texture colordiffuse="E6FFFFFF" border="40">lists/listpanel_back.png</texture>
					<visible>String.IsEmpty(ListItem.Art(fanart))</visible>
				</control>
				<control type="image">
					<top>-100</top>
					<left>-100</left>
					<width>1250</width>
					<height>1300</height>
					<texture colordiffuse="E6FFFFFF" border="40">lists/listpanel_back_diffuse.png</texture>
					<visible>!String.IsEmpty(ListItem.Art(fanart))</visible>
				</control>
				<control type="image">
					<top>-100</top>
					<bottom>0</bottom>
					<left>1150</left>
					<width>750</width>
					<texture>lists/listpanel_back_right.png</texture>
				</control>
				<control type="panel" id="50">
					<top>160</top>
					<left>-40</left>
					<width>1180</width>
					<height>970</height>
					<onleft>SetProperty(MediaMenu,True,Home)</onleft>
					<onleft>SetFocus(9050)</onleft>
					<onright condition="Control.IsVisible(95062)">95062</onright>
					<onright condition="!Control.IsVisible(95063)">95063</onright>
					<onright condition="!Control.IsVisible(95062)">4400</onright>
					<onup>50</onup>
					<ondown>50</ondown>
					<viewtype label="535">list</viewtype>
					<pagecontrol>95062</pagecontrol>
					<scrolltime tween="quadratic" easing="out">200</scrolltime>
					<itemlayout height="88" width="1140" condition="Container.Content(albums) | Container.Content(songs)">
						<control type="image">
							<left>15</left>
							<top>8</top>
							<width>80</width>
							<height>80</height>
							<aspectratio>keep</aspectratio>
							<texture background="true" fallback="homewidgets/DefaultImage_logo.png">$INFO[ListItem.Icon,]</texture>
							<colordiffuse>grey2</colordiffuse>
							<visible>!Container.Content(songs) + String.StartsWith(ListItem.Icon,default)</visible>
						</control>
						<control type="image">
							<left>15</left>
							<top>8</top>
							<width>80</width>
							<height>80</height>
							<aspectratio>keep</aspectratio>
							<texture background="true" fallback="homewidgets/DefaultImage_logo.png">$INFO[ListItem.Icon]</texture>
							<visible>!Container.Content(songs) + !String.StartsWith(ListItem.Icon,default)</visible>
						</control>
						<control type="label">
							<left>5</left>
							<top>8</top>
							<width>115</width>
							<height>80</height>
							<font>font45caps_title</font>
							<textcolor>grey2</textcolor>
							<align>center</align>
							<label>[B]$INFO[ListItem.Tracknumber][/B]</label>
							<visible>Container.Content(songs)</visible>
						</control>
						<control type="label">
							<left>135</left>
							<width>985</width>
							<height>70</height>
							<font>font28</font>
							<textcolor>grey2</textcolor>
							<label>$VAR[MusicListLabel3Var]</label>
							<animation effect="slide" start="0,0" end="0,25" time="0" condition="String.IsEmpty(ListItem.Artist)">Conditional</animation>
						</control>
						<control type="label">
							<left>135</left>
							<top>50</top>
							<width>810</width>
							<height>60</height>
							<font>font14</font>
							<textcolor>grey3</textcolor>
							<label>$INFO[ListItem.Artist]</label>
						</control>
						<control type="label">
							<left>60</left>
							<width>1060</width>
							<height>70</height>
							<font>font28</font>
							<align>right</align>
							<textcolor>grey2</textcolor>
							<label fallback="• • • •">$VAR[MusicListLabel4Var]</label>
							<visible>!ListItem.IsParentFolder</visible>
						</control>
						<control type="image">
							<left>950</left>
							<top>50</top>
							<width>180</width>
							<height>70</height>
							<aspectratio>keep</aspectratio>
							<colordiffuse>grey3</colordiffuse>
							<texture>flags/rating/0.png</texture>
							<visible>!ListItem.IsParentFolder + ![ListItem.IsPlaying | ListItem.IsSelected] + String.IsEmpty(ListItem.UserRating)</visible>
						</control>
						<control type="image">
							<left>950</left>
							<top>50</top>
							<width>180</width>
							<height>70</height>
							<aspectratio>keep</aspectratio>
							<colordiffuse>$VAR[ThemeLabelColor]</colordiffuse>
							<texture fallback="flags/rating/0.png">$INFO[ListItem.UserRating,flags/rating/,.png]</texture>
							<visible>!ListItem.IsParentFolder + ![ListItem.IsPlaying | ListItem.IsSelected] + !String.IsEmpty(ListItem.UserRating)</visible>
						</control>
						<control type="image">
							<left>950</left>
							<top>50</top>
							<width>180</width>
							<height>70</height>
							<aspectratio>keep</aspectratio>
							<colordiffuse>$VAR[ThemeLabelColor]</colordiffuse>
							<texture fallback="flags/rating/0.png">$INFO[ListItem.UserRating,flags/rating/,.png]</texture>
							<visible>!ListItem.IsParentFolder + [ListItem.IsPlaying | ListItem.IsSelected]</visible>
						</control>
					</itemlayout>
					<focusedlayout height="88" width="1180" condition="Container.Content(albums) | Container.Content(songs)">
						<control type="image">
							<width>1180</width>
							<height>100</height>
							<texture border="4">lists/listselect.png</texture>
							<visible>Control.HasFocus(50)</visible>
						</control>
						<control type="image">
							<left>15</left>
							<top>8</top>
							<width>80</width>
							<height>80</height>
							<aspectratio>keep</aspectratio>
							<texture background="true" fallback="homewidgets/DefaultImage_logo.png">$INFO[ListItem.Icon,]</texture>
							<visible>!Container.Content(songs) + String.StartsWith(ListItem.Icon,default)</visible>
						</control>
						<control type="image">
							<left>15</left>
							<top>8</top>
							<width>80</width>
							<height>80</height>
							<aspectratio>keep</aspectratio>
							<texture background="true" fallback="homewidgets/DefaultImage_logo.png">$INFO[ListItem.Icon]</texture>
							<visible>!Container.Content(songs) + !String.StartsWith(ListItem.Icon,default)</visible>
						</control>
						<control type="label">
							<left>5</left>
							<top>8</top>
							<width>115</width>
							<height>80</height>
							<font>font45caps_title</font>
							<align>center</align>
							<label>[B]$INFO[ListItem.Tracknumber][/B]</label>
							<visible>Container.Content(songs)</visible>
						</control>
						<control type="label">
							<left>135</left>
							<width>985</width>
							<height>70</height>
							<font>font28</font>
							<label>$VAR[MusicListLabel3Var]</label>
							<animation effect="slide" start="0,0" end="0,25" time="0" condition="String.IsEmpty(ListItem.Artist)">Conditional</animation>
						</control>
						<control type="label">
							<left>135</left>
							<top>50</top>
							<width>810</width>
							<height>60</height>
							<font>font14</font>
							<label>$INFO[ListItem.Artist]</label>
						</control>
						<control type="label">
							<left>60</left>
							<width>1060</width>
							<height>70</height>
							<font>font28</font>
							<align>right</align>
							<label fallback="• • • •">$VAR[MusicListLabel4Var]</label>
							<visible>!ListItem.IsParentFolder</visible>
						</control>
						<control type="image">
							<left>950</left>
							<top>50</top>
							<width>180</width>
							<height>70</height>
							<aspectratio>keep</aspectratio>
							<colordiffuse>$VAR[StarRatingDiffuseVar]</colordiffuse>
							<texture fallback="flags/rating/empty.png">$INFO[ListItem.UserRating,flags/rating/,.png]</texture>
							<visible>!ListItem.IsParentFolder</visible>
						</control>
					</focusedlayout>
					<itemlayout height="88" width="1140" condition="![Container.Content(albums) | Container.Content(songs) | Container.Content(addons)]">
						<control type="image">
							<left>15</left>
							<top>8</top>
							<width>80</width>
							<height>80</height>
							<aspectratio>keep</aspectratio>
							<texture background="true" fallback="homewidgets/DefaultImage_logo.png">$INFO[ListItem.Icon,]</texture>
							<colordiffuse>grey2</colordiffuse>
							<visible>String.StartsWith(ListItem.Icon,default)</visible>
						</control>
						<control type="image">
							<left>15</left>
							<top>8</top>
							<width>80</width>
							<height>80</height>
							<aspectratio>keep</aspectratio>
							<texture background="true" fallback="homewidgets/DefaultImage_logo.png">$INFO[ListItem.Icon]</texture>
							<visible>!String.StartsWith(ListItem.Icon,default)</visible>
						</control>
						<control type="label">
							<left>135</left>
							<width>1005</width>
							<height>80</height>
							<font>font28</font>
							<textcolor>grey2</textcolor>
							<label>$INFO[ListItem.Label]</label>
						</control>
						<control type="label">
							<left>60</left>
							<width>1005</width>
							<height>80</height>
							<font>font14</font>
							<align>right</align>
							<textcolor>grey2</textcolor>
							<label>$INFO[ListItem.Label2]</label>
						</control>
					</itemlayout>
					<focusedlayout height="88" width="1180" condition="![Container.Content(albums) | Container.Content(songs) | Container.Content(addons)]">
						<control type="image">
							<width>1180</width>
							<height>80</height>
							<texture border="4">lists/listselect.png</texture>
							<visible>Control.HasFocus(50)</visible>
						</control>
						<control type="image">
							<left>15</left>
							<top>8</top>
							<width>80</width>
							<height>80</height>
							<aspectratio>keep</aspectratio>
							<texture background="true" fallback="homewidgets/DefaultImage_logo.png">$INFO[ListItem.Icon,]</texture>
							<visible>String.StartsWith(ListItem.Icon,default)</visible>
						</control>
						<control type="image">
							<left>15</left>
							<top>8</top>
							<width>80</width>
							<height>80</height>
							<aspectratio>keep</aspectratio>
							<texture background="true" fallback="homewidgets/DefaultImage_logo.png">$INFO[ListItem.Icon]</texture>
							<visible>!String.StartsWith(ListItem.Icon,default)</visible>
						</control>
						<control type="label">
							<left>135</left>
							<width>1005</width>
							<height>80</height>
							<font>font28</font>
							<label>$INFO[ListItem.Label]</label>
						</control>
						<control type="label">
							<left>60</left>
							<width>1005</width>
							<height>80</height>
							<font>font14</font>
							<align>right</align>
							<label>$INFO[ListItem.Label2]</label>
						</control>
					</focusedlayout>
				</control>

			<!-- Scrollbars -->
				<control type="scrollbar" id="95062">
					<top>140</top>
					<left>1140</left>
					<width>15</width>
					<height>1030</height>
					<onup>95062</onup>
					<ondown>95062</ondown>
					<onleft>50</onleft>
					<texturesliderbackground colordiffuse="grey4">colors/white50.png</texturesliderbackground>
					<texturesliderbar colordiffuse="grey3">colors/white50.png</texturesliderbar>
					<texturesliderbarfocus colordiffuse="$VAR[ThemeLabelColor]">colors/white70.png</texturesliderbarfocus>
					<showonepage>true</showonepage>
				</control>
			</control>
			<control type="group">
				<left>1296</left>
				<top>155</top>
				<visible>Container.Content(artists) | Container.Content(albums) | Container.Content(songs) | Container.Content() | Container.Content(files) | Container.Content(addons)</visible>
				<control type="image">
					<width>570</width>
					<height>700</height>
					<aspectratio>keep</aspectratio>
					<texture background="true">$INFO[ListItem.Icon]</texture>
					<fadetime>IconCrossfadeTime</fadetime>
					<bordertexture border="20">thumbs/thumb_shadow.png</bordertexture>
					<bordersize>20</bordersize>
				</control>
				<control type="image">
					<top>795</top>
					<width>570</width>
					<height>700</height>
					<aspectratio>keep</aspectratio>
					<fadetime>IconCrossfadeTime</fadetime>
					<texture diffuse="thumbs/thumb_reflect.png" flipy="true" background="true">$INFO[ListItem.Icon]</texture>
				</control>
			</control>
			<control type="group">
				<left>1296</left>
				<top>155</top>
				<visible>Container.Content(genres)</visible>
				<control type="image">
					<width>570</width>
					<height>700</height>
					<aspectratio>keep</aspectratio>
					<texture background="true" fallback="special://skin/extras/musicgenres/default.jpg">$VAR[MusicGenreIconsPathVar]$INFO[ListItem.Label,,.jpg]</texture>
					<fadetime>IconCrossfadeTime</fadetime>
					<bordertexture border="20">thumbs/thumb_shadow.png</bordertexture>
					<bordersize>20</bordersize>
				</control>
				<control type="image">
					<top>795</top>
					<width>570</width>
					<height>700</height>
					<aspectratio>keep</aspectratio>
					<fadetime>IconCrossfadeTime</fadetime>
					<texture diffuse="thumbs/thumb_reflect.png" flipy="true" background="true" fallback="special://skin/extras/musicgenres/default.jpg">$INFO[ListItem.Label,special://skin/extras/musicgenres/,.jpg]</texture>
				</control>
			</control>
			<control type="group" id="8001">
				<left>1280</left>
				<top>-95</top>
				<visible>Container.Content(playlists)</visible>
				<animation effect="fade" time="250">Visible</animation>
				<control type="image">
					<top>180</top>
					<width>570</width>
					<height>955</height>
					<texture colordiffuse="E6FFFFFF" border="40">lists/listpanel_back.png</texture>
				</control>
				<control type="scrollbar" id="95063">
					<left>540</left>
					<top>200</top>
					<width>15</width>
					<height>900</height>
					<onleft>8000</onleft>
					<onright>4400</onright>
					<texturesliderbackground colordiffuse="grey4">colors/white50.png</texturesliderbackground>
					<texturesliderbar colordiffuse="grey3">colors/white50.png</texturesliderbar>
					<texturesliderbarfocus colordiffuse="$VAR[ThemeLabelColor]">colors/white70.png</texturesliderbarfocus>
					<showonepage>false</showonepage>
				</control>
				<control type="panel" id="8000">
					<left>26</left>
					<top>180</top>
					<width>516</width>
					<height>840</height>
					<onleft>50</onleft>
					<onright condition="Control.IsVisible(95063)">95063</onright>
					<onright condition="!Control.IsVisible(95063)">4400</onright>
					<viewtype label="535">list</viewtype>
					<pagecontrol>95063</pagecontrol>
					<scrolltime tween="quadratic" easing="out">200</scrolltime>
					<animation effect="fade" start="100" end="0" time="150" condition="Container(8000).IsUpdating">Conditional</animation>
					<itemlayout height="60" width="516">
						<control type="label">
							<width>516</width>
							<height>60</height>
							<font>font14</font>
							<textcolor>grey2</textcolor>
							<textoffsetx>15</textoffsetx>
							<label>$INFO[ListItem.Label]</label>
						</control>
						<control type="label">
							<width>516</width>
							<height>60</height>
							<font>font14</font>
							<align>right</align>
							<textcolor>grey2</textcolor>
							<textoffsetx>15</textoffsetx>
							<label>$INFO[ListItem.Artist]</label>
						</control>
					</itemlayout>
					<focusedlayout height="60" width="516">
						<control type="image">
							<left>5</left>
							<width>506</width>
							<height>60</height>
							<texture border="5">lists/listselect.png</texture>
						</control>
						<control type="label">
							<width>516</width>
							<height>60</height>
							<font>font14</font>
							<textoffsetx>15</textoffsetx>
							<label>$INFO[ListItem.Label]</label>
						</control>
						<control type="label">
							<width>516</width>
							<height>60</height>
							<font>font14</font>
							<align>right</align>
							<textoffsetx>15</textoffsetx>
							<label>$INFO[ListItem.Artist]</label>
						</control>
					</focusedlayout>
					<content target="music" sortby="$VAR[ListSortByVar]" sortorder="ascending">$VAR[ListContentVar]</content>
				</control>
<!--				<control type="group">-->
<!--					<description>Busy animation</description>-->
<!--					<visible>Container(8000).IsUpdating</visible>-->
<!--					<left>236</left>-->
<!--					<top>552</top>-->
<!--					<control type="image">-->
<!--						<width>96</width>-->
<!--						<height>96</height>-->
<!--						<texture colordiffuse="$VAR[ThemeLabelColor]">android/spinner_48_inner_holo.png</texture>-->
<!--						<aspectratio>keep</aspectratio>-->
<!--						<animation effect="rotate" start="0" end="360" center="auto" time="2000" loop="true" condition="true">Conditional</animation>-->
<!--					</control>-->
<!--					<control type="image">-->
<!--						<width>96</width>-->
<!--						<height>96</height>-->
<!--						<texture colordiffuse="$VAR[ThemeLabelColor]">android/spinner_48_outer_holo.png</texture>-->
<!--						<aspectratio>keep</aspectratio>-->
<!--						<animation effect="rotate" start="360" end="0" center="auto" time="2000" loop="true" condition="true">Conditional</animation>-->
<!--					</control>-->
<!--				</control>-->
			</control>
		</control>
	</include>

</includes>
