<?xml version="1.0" encoding="UTF-8"?>
<includes>
	<!-- Video LowList -->
	<include name="VideoLowList">
		<control type="group">
			<visible>Control.IsVisible(501) + !Window.IsActive(addoninformation)</visible>
			<include>FadeAnimation</include>
			<control type="group">
				<animation effect="slide" end="0,-203.375" condition="!Skin.HasSetting(nohighlist)">Conditional</animation>
				<control type="image">
					<top>526</top>
					<width>100%</width>
					<height>200</height>
					<texture>gradient_floor.png</texture>
					<visible>Skin.HasSetting(lowlistlogo)</visible>
				</control>
				<control type="group">
					<include>SlidingMovieSetDiscart</include>
					<visible>Skin.HasSetting(Enable.LowList.SlidingMovieSetDiscart)</visible>
				</control>
				<!-- IMDb Logo -->
				<control type="grouplist">
					<left>440</left>
					<top>655</top>
					<width>400</width>
					<orientation>horizontal</orientation>
					<usecontrolcoords>true</usecontrolcoords>
					<visible>Skin.HasSetting(lowlistimdblogo)</visible>
					<control type="image">
						<width>80</width>
						<height>80</height>
						<aspectratio>keep</aspectratio>
						<texture>logos/imdb.png</texture>
						<visible>!String.IsEmpty(ListItem.Top250)</visible>
					</control>
					<control type="Label">
						<top>14</top>
						<width>200</width>
						<height>80</height>
						<label>$INFO[ListItem.Top250, #]</label>
						<font>font16_title_bold</font>
						<shadowcolor>shadow</shadowcolor>
						<textcolor>FFFFC900</textcolor>
						<visible>!String.IsEmpty(ListItem.Top250)</visible>
					</control>
				</control>
				<control type="image">
					<left>1500</left>
					<top>545</top>
					<width>390</width>
					<height>164</height>
					<aspectratio aligny="bottom">keep</aspectratio>
					<texture background="true">$VAR[ArtworkLogoVar]</texture>
					<visible>Skin.HasSetting(lowlistlogo)</visible>
				</control>
				<control type="image">
					<top>710</top>
					<width>100%</width>
					<height>651</height>
					<texture colordiffuse="E6FFFFFF" border="1,32,1,1">overlays/bottom_bar.png</texture>
				</control>
			</control>
			<control type="group">
				<left>5</left>
				<top>442</top>
				<control type="image">
					<top>-195</top>
					<left>28</left>
					<width>380</width>
					<height>380</height>
					<aspectratio align="right">keep</aspectratio>
					<texture background="true">$INFO[ListItem.Art(discart)]</texture>
					<fadetime>IconCrossfadeTime</fadetime>
					<visible>Container.Content(movies)</visible>
					<animation effect="slide" end="0,30" time="0" tween="cubic" easing="inout" condition="!Skin.HasSetting(togglelowlistcovers) + Skin.HasSetting(disclowlist)">Conditional</animation>
					<include>SlideLeftSpinningDiscAnimation</include>
					<visible>Skin.HasSetting(disclowlist)</visible>
				</control>
				<control type="multiimage">
					<left>20</left>
					<top>20</top>
					<width>400</width>
					<height>600</height>
					<aspectratio aligny="bottom">stretch</aspectratio>
					<imagepath background="true">$VAR[FocusedPosterThumbVar]</imagepath>
					<fadetime>IconCrossfadeTime</fadetime>
				</control>
				<control type="image">
					<width>440</width>
					<height>640</height>
					<aspectratio aligny="bottom">stretch</aspectratio>
					<texture colordiffuse="00FFFFFF">colors/black.png</texture>
					<bordertexture border="20">thumbs/thumb_shadow.png</bordertexture>
					<bordersize>20</bordersize>
				</control>
				<control type="image">
					<left>-55</left>
					<top>-37</top>
					<width>502</width>
					<height>694</height>
					<fadetime>IconCrossfadeTime</fadetime>
					<texture background="true">$VAR[CaseTypePathVar]$VAR[GlobalCaseVar]</texture>
					<aspectratio scalediffuse="false">stretch</aspectratio>
					<visible>[Container.Content(movies) | Container.Content(tvshows) | Container.Content(seasons)] + Skin.HasSetting(togglelowlistcovers)</visible>
				</control>
			</control>
			<control type="group">
				<left>1270</left>
				<top>733</top>
				<width>650</width>
				<height>285</height>
				<animation effect="slide" end="0,-203.375" time="120" condition="!Skin.HasSetting(nohighlist)">Conditional</animation>
				<control type="grouplist">
					<visible>Container.Content(episodes)</visible>
					<include>VisibleFadeAnimation</include>
					<control type="button">
						<label>[COLOR $VAR[ThemeLabelColor]]$LOCALIZE[31324]:[/COLOR][CR]($INFO[ListItem.Premiered])</label>
						<width>650</width>
						<height>95</height>
						<include>DefaultButtonsValues</include>
						<visible>!String.IsEmpty(ListItem.Premiered)</visible>
					</control>
					<control type="button">
						<label>[COLOR $VAR[ThemeLabelColor]]$LOCALIZE[2050]:[/COLOR][CR]$INFO[ListItem.Duration(mins),, $LOCALIZE[12391]]</label>
						<width>650</width>
						<height>95</height>
						<include>DefaultButtonsValues</include>
						<visible>!String.IsEmpty(ListItem.Duration) + !Skin.HasSetting(Enable.HourMinuteDuration)</visible>
					</control>
					<control type="button">
						<label>[COLOR $VAR[ThemeLabelColor]]$LOCALIZE[2050]:[/COLOR][CR]$VAR[ItemDurationVar]</label>
						<width>650</width>
						<height>95</height>
						<include>DefaultButtonsValues</include>
						<visible>!String.IsEmpty(ListItem.Duration) + Skin.HasSetting(Enable.HourMinuteDuration)</visible>
					</control>
					<control type="button">
						<label>[COLOR $VAR[ThemeLabelColor]]$LOCALIZE[31019]:[/COLOR][CR]$INFO[ListItem.Studio]</label>
						<width>650</width>
						<height>95</height>
						<include>DefaultButtonsValues</include>
						<visible>!String.IsEmpty(ListItem.Studio) + Container.Content(episodes)</visible>
					</control>
					<control type="button">
						<label>[COLOR $VAR[ThemeLabelColor]]$LOCALIZE[515]:[/COLOR][CR]$INFO[ListItem.Genre]</label>
						<width>650</width>
						<height>95</height>
						<include>DefaultButtonsValues</include>
						<visible>!String.IsEmpty(ListItem.Genre)</visible>
					</control>
				</control>
				<control type="grouplist">
					<visible>Container.Content(tvshows) | Container.Content(seasons)</visible>
					<include>VisibleFadeAnimation</include>
					<control type="button">
						<label>[COLOR $VAR[ThemeLabelColor]]$LOCALIZE[31010]:[/COLOR][CR]$INFO[Window(Home).Property(NextAired.NextDate),,: ] $INFO[Window(Home).Property(NextAired.NextNumber),, - ]$INFO[Window(Home).Property(NextAired.NextTitle)]</label>
						<width>650</width>
						<include>DefaultButtonsValues</include>
						<visible>!String.IsEmpty(Window(Home).Property(NextAired.NextDate)) + !Skin.HasSetting(Disable.NextAired)</visible>
					</control>
					<control type="button">
						<label>[COLOR $VAR[ThemeLabelColor]]$LOCALIZE[126]:[/COLOR][CR]$INFO[Window(Home).Property(NextAired.Status)]</label>
						<width>650</width>
						<include>DefaultButtonsValues</include>
						<visible>[Container.Content(tvshows) | Container.Content(seasons)] + [!String.IsEmpty(Window(Home).Property(NextAired.Status)) + String.IsEmpty(Window(Home).Property(NextAired.NextDate)) + !Skin.HasSetting(Disable.NextAired)] + [Skin.HasSetting(nohighlist) | !Skin.HasSetting(nohighlist)]</visible>
					</control>
					<control type="button">
						<label>[COLOR $VAR[ThemeLabelColor]]$LOCALIZE[515]:[/COLOR][CR]$INFO[ListItem.Genre]</label>
						<width>650</width>
						<include>DefaultButtonsValues</include>
						<visible>!Skin.HasSetting(nohighlist) | [System.HasAddon(script.tv.show.next.aired) + Skin.HasSetting(Disable.NextAired) + Skin.HasSetting(nohighlist)] | [!System.HasAddon(script.tv.show.next.aired) + Skin.HasSetting(nohighlist)]</visible>
					</control>
					<control type="button">
						<label>[COLOR $VAR[ThemeLabelColor]]$LOCALIZE[31324]:[/COLOR][CR]($INFO[ListItem.Premiered])</label>
						<width>650</width>
						<include>DefaultButtonsValues</include>
						<visible>!String.IsEmpty(ListItem.Premiered) + !Skin.HasSetting(nohighlist) + [System.HasAddon(script.tv.show.next.aired) + Skin.HasSetting(Disable.NextAired) + !Skin.HasSetting(nohighlist)] | [!System.HasAddon(script.tv.show.next.aired) + !Skin.HasSetting(nohighlist)]</visible>
					</control>
				</control>
				<control type="grouplist">
					<visible>Container.Content(movies) + !ListItem.IsCollection + ![Skin.HasSetting(nohighlist) + Skin.HasSetting(Enable.LowListMoviePlot)]</visible>
					<include>VisibleFadeAnimation</include>
					<control type="button">
						<label>[COLOR $VAR[ThemeLabelColor]]$LOCALIZE[20339]:[/COLOR][CR]$INFO[ListItem.Director]</label>
						<width>650</width>
						<include>DefaultButtonsValues</include>
						<visible>!String.IsEmpty(ListItem.Director)</visible>
					</control>
					<control type="button">
						<label>[COLOR $VAR[ThemeLabelColor]]$LOCALIZE[2050]:[/COLOR][CR]$INFO[ListItem.Duration(mins),, $LOCALIZE[12391]]</label>
						<width>650</width>
						<include>DefaultButtonsValues</include>
						<visible>!String.IsEmpty(ListItem.Duration) + !Skin.HasSetting(Enable.HourMinuteDuration)</visible>
					</control>
					<control type="button">
						<label>[COLOR $VAR[ThemeLabelColor]]$LOCALIZE[2050]:[/COLOR][CR]$VAR[ItemDurationVar]</label>
						<width>650</width>
						<include>DefaultButtonsValues</include>
						<visible>!String.IsEmpty(ListItem.Duration) + Skin.HasSetting(Enable.HourMinuteDuration)</visible>
					</control>
					<control type="button">
						<label>[COLOR $VAR[ThemeLabelColor]]$LOCALIZE[515]:[/COLOR][CR]$INFO[ListItem.Genre]</label>
						<width>650</width>
						<include>DefaultButtonsValues</include>
						<visible>!String.IsEmpty(ListItem.Genre)</visible>
					</control>
				</control>
			</control>
			<control type="grouplist">
				<left>1270</left>
				<top>733</top>
				<width>650</width>
				<height>360</height>
				<visible>ListItem.IsCollection + Skin.HasSetting(nohighlist) + !Skin.HasSetting(Enable.LowListMoviePlot)</visible>
				<include>VisibleFadeAnimation</include>
				<control type="button">
					<label>[COLOR $VAR[ThemeLabelColor]]$LOCALIZE[20342]:[/COLOR][CR]$INFO[Container(4500).NumItems]</label>
					<width>650</width>
					<include>DefaultButtonsValues</include>
				</control>
				<control type="button">
					<label>[COLOR $VAR[ThemeLabelColor]]$LOCALIZE[20339]:[/COLOR][CR]$INFO[Window(Home).Property(SkinInfo.Set.Movies.Director)]</label>
					<width>650</width>
					<include>DefaultButtonsValues</include>
					<visible>!String.IsEmpty(Window(Home).Property(SkinInfo.Set.Movies.Director))</visible>
				</control>
				<control type="button">
					<label>[COLOR $VAR[ThemeLabelColor]]$LOCALIZE[515]:[/COLOR][CR]$VAR[MovieSetGenreVar]</label>
					<width>650</width>
					<include>DefaultButtonsValues</include>
					<visible>!String.IsEmpty(Window(Home).Property(SkinInfo.Set.Movies.Genre)) | !String.IsEmpty(Container(4500).ListItem(0).Genre)</visible>
				</control>
				<control type="button">
					<label>[COLOR $VAR[ThemeLabelColor]]$LOCALIZE[2050]:[/COLOR][CR]$INFO[Window(Home).Property(SkinInfo.Set.Movies.Runtime),, $LOCALIZE[12391]]</label>
					<width>650</width>
					<include>DefaultButtonsValues</include>
					<visible>!String.IsEmpty(Window(Home).Property(SkinInfo.Set.Movies.Runtime))</visible>
				</control>
				<control type="button">
					<label>[COLOR $VAR[ThemeLabelColor]]$LOCALIZE[652]:[/COLOR][CR]$INFO[Container(4500).ListItem(0).Year]$INFO[Container(4500).ListItem(-1).Year, - ]</label>
					<width>650</width>
					<include>DefaultButtonsValues</include>
				</control>
			</control>
			<control type="grouplist">
				<left>1270</left>
				<top>529.625</top>
				<width>650</width>
				<height>270</height>
				<visible>ListItem.IsCollection + !Skin.HasSetting(nohighlist)</visible>
				<include>VisibleFadeAnimation</include>
				<control type="button">
					<label>[COLOR $VAR[ThemeLabelColor]]$LOCALIZE[20342]:[/COLOR][CR]$INFO[Container(4500).NumItems]</label>
					<width>650</width>
					<include>DefaultButtonsValues</include>
				</control>
				<control type="button">
					<label>[COLOR $VAR[ThemeLabelColor]]$LOCALIZE[31000]:[/COLOR][CR]$INFO[Window(Home).Property(SkinInfo.Set.Movies.Director)]</label>
					<width>650</width>
					<include>DefaultButtonsValues</include>
					<visible>!String.IsEmpty(Window(Home).Property(SkinInfo.Set.Movies.Director)) + [Container.Content(movies) | Container.Content(sets)]</visible>
				</control>
				<control type="button">
					<label>[COLOR $VAR[ThemeLabelColor]]$LOCALIZE[2050]:[/COLOR][CR]$INFO[Window(Home).Property(SkinInfo.Set.Movies.Runtime),, $LOCALIZE[12391]]</label>
					<width>650</width>
					<include>DefaultButtonsValues</include>
					<visible>!String.IsEmpty(Window(Home).Property(SkinInfo.Set.Movies.Runtime)) + [Container.Content(movies) | Container.Content(sets)]</visible>
				</control>
				<control type="button">
					<label>[COLOR $VAR[ThemeLabelColor]]$LOCALIZE[515]:[/COLOR][CR]$VAR[MovieSetGenreVar]</label>
					<width>650</width>
					<include>DefaultButtonsValues</include>
					<visible>!String.IsEmpty(Window(Home).Property(SkinInfo.Set.Movies.Genre)) | !String.IsEmpty(Container(4500).ListItem(0).Genre)</visible>
				</control>
			</control>
			<control type="grouplist">
				<left>1270</left>
				<top>563</top>
				<width>650</width>
				<height>270</height>
				<visible>Window.IsActive(programs) + !Skin.HasSetting(nohighlist)</visible>
				<include>VisibleFadeAnimation</include>
				<control type="button">
					<label>[COLOR $VAR[ThemeLabelColor]]$LOCALIZE[31043]:[/COLOR][CR]$INFO[ListItem.Writer]</label>
					<width>650</width>
					<include>DefaultButtonsValues</include>
					<visible>!String.IsEmpty(ListItem.Writer)</visible>
				</control>
				<control type="button">
					<label>[COLOR $VAR[ThemeLabelColor]]$LOCALIZE[515]:[/COLOR][CR]$INFO[ListItem.Genre]</label>
					<width>650</width>
					<include>DefaultButtonsValues</include>
					<visible>!String.IsEmpty(ListItem.Genre)</visible>
				</control>
				<control type="button">
					<label>[COLOR $VAR[ThemeLabelColor]]$LOCALIZE[572]:[/COLOR][CR]$INFO[ListItem.Studio]</label>
					<width>650</width>
					<include>DefaultButtonsValues</include>
					<visible>!String.IsEmpty(ListItem.Studio)</visible>
				</control>
			</control>
			<control type="grouplist">
				<left>1270</left>
				<top>733</top>
				<width>650</width>
				<height>270</height>
				<visible>Window.IsActive(programs) + Skin.HasSetting(nohighlist)</visible>
				<include>VisibleFadeAnimation</include>
				<control type="button">
					<label>[COLOR $VAR[ThemeLabelColor]]$LOCALIZE[31043]:[/COLOR][CR]$INFO[ListItem.Writer]</label>
					<width>650</width>
					<include>DefaultButtonsValues</include>
					<visible>!String.IsEmpty(ListItem.Writer)</visible>
				</control>
				<control type="button">
					<label>[COLOR $VAR[ThemeLabelColor]]$LOCALIZE[515]:[/COLOR][CR]$INFO[ListItem.Genre]</label>
					<width>650</width>
					<include>DefaultButtonsValues</include>
					<visible>!String.IsEmpty(ListItem.Genre)</visible>
				</control>
				<control type="button">
					<label>[COLOR $VAR[ThemeLabelColor]]$LOCALIZE[572]:[/COLOR][CR]$INFO[ListItem.Studio]</label>
					<width>650</width>
					<include>DefaultButtonsValues</include>
					<visible>!String.IsEmpty(ListItem.Studio)</visible>
				</control>
			</control>
			<control type="image">
				<left>1504</left>
				<top>733</top>
				<width>416</width>
				<height>234</height>
				<aspectratio align="right">keep</aspectratio>
				<align>right</align>
				<texture background="true">$VAR[NoSpoilerIconVar]</texture>
				<bordertexture border="2">thumbs/panel_border3.png</bordertexture>
				<bordersize>1</bordersize>
				<fadetime>IconCrossfadeTime</fadetime>
				<visible>Container.Content(episodes)</visible>
				<animation effect="slide" end="0,-203.375" time="120" condition="!Skin.HasSetting(nohighlist)">Conditional</animation>
			</control>
			<control type="group" id="501101">
				<left>1270</left>
				<top>733</top>
				<visible>![Container.Content(tvshows) | Container.Content(seasons) | ListItem.IsCollection] + !Skin.HasSetting(nohighlist)</visible>
				<include>VisibleFadeAnimation</include>
				<control type="textbox" id="70">
					<label>$VAR[VideoPlotVar]</label>
					<left>15</left>
					<top>100</top>
					<width>615</width>
					<height>155</height>
					<font>font14_textbox</font>
					<pagecontrol>50161</pagecontrol>
					<include>DefaultButtonsValues</include>
					<autoscroll time="3000" delay="4000" repeat="5000">!Skin.HasSetting(Disable.AutoScroll) + !Control.HasFocus(50161)</autoscroll>
				</control>
				<control type="scrollbar" id="50161">
					<left>636</left>
					<top>99</top>
					<width>14</width>
					<height>167</height>
					<onup>PageUp(70)</onup>
					<ondown>PageUp(70)</ondown>
					<onleft>50</onleft>
					<onright condition="!Control.IsVisible(615)">4400</onright>
					<onright condition="Control.IsVisible(615)">615</onright>
					<texturesliderbackground colordiffuse="1AFFFFFF">colors/white50.png</texturesliderbackground>
					<texturesliderbar colordiffuse="1AFFFFFF">colors/white.png</texturesliderbar>
					<texturesliderbarfocus colordiffuse="$VAR[ThemeLabelColor]">colors/white.png</texturesliderbarfocus>
					<showonepage>false</showonepage>
				</control>
			</control>
			<control type="group" id="501102">
				<left>1270</left>
				<top>733</top>
				<visible>ListItem.IsCollection + !Skin.HasSetting(nohighlist)</visible>
				<include>VisibleFadeAnimation</include>
				<control type="textbox" id="70">
					<label>$VAR[VideoPlotVar]</label>
					<left>15</left>
					<top>103</top>
					<width>615</width>
					<height>248</height>
					<font>font14_textbox</font>
					<pagecontrol>50162</pagecontrol>
					<include>DefaultButtonsValues</include>
					<autoscroll time="3000" delay="4000" repeat="5000">!Skin.HasSetting(Disable.AutoScroll) + !Control.HasFocus(50161)</autoscroll>
				</control>
				<control type="scrollbar" id="50162">
					<left>636</left>
					<top>99</top>
					<width>14</width>
					<height>250</height>
					<onup>PageUp(70)</onup>
					<ondown>PageUp(70)</ondown>
					<onleft>50</onleft>
					<onright condition="!Control.IsVisible(615)">4400</onright>
					<onright condition="Control.IsVisible(615)">615</onright>
					<texturesliderbackground colordiffuse="1AFFFFFF">colors/white50.png</texturesliderbackground>
					<texturesliderbar colordiffuse="1AFFFFFF">colors/white.png</texturesliderbar>
					<texturesliderbarfocus colordiffuse="$VAR[ThemeLabelColor]">colors/white.png</texturesliderbarfocus>
					<showonepage>false</showonepage>
				</control>
			</control>
			<control type="group" id="501103">
				<left>1270</left>
				<top>713</top>
				<visible>ListItem.IsCollection + !Skin.HasSetting(nohighlist)</visible>
				<include>VisibleFadeAnimation</include>
				<control type="textbox" id="70">
					<label>$VAR[VideoPlotVar]</label>
					<left>15</left>
					<width>615</width>
					<height>350</height>
					<font>font14_textbox</font>
					<pagecontrol>50163</pagecontrol>
					<include>DefaultButtonsValues</include>
					<autoscroll time="3000" delay="4000" repeat="5000">!Skin.HasSetting(Disable.AutoScroll) + !Control.HasFocus(50161)</autoscroll>
				</control>
				<control type="scrollbar" id="50163">
					<left>636</left>
					<top>99</top>
					<width>14</width>
					<height>250</height>
					<onup>PageUp(70)</onup>
					<ondown>PageUp(70)</ondown>
					<onleft>50</onleft>
					<onright condition="!Control.IsVisible(615)">4400</onright>
					<onright condition="Control.IsVisible(615)">615</onright>
					<texturesliderbackground colordiffuse="1AFFFFFF">colors/white50.png</texturesliderbackground>
					<texturesliderbar colordiffuse="1AFFFFFF">colors/white.png</texturesliderbar>
					<texturesliderbarfocus colordiffuse="$VAR[ThemeLabelColor]">colors/white.png</texturesliderbarfocus>
					<showonepage>false</showonepage>
				</control>
			</control>
			<control type="group" id="501104">
				<left>1270</left>
				<top>738</top>
				<visible>[Container.Content(tvshows) | Container.Content(seasons)] + !Skin.HasSetting(nohighlist)</visible>
				<include>VisibleFadeAnimation</include>
				<control type="textbox" id="70">
					<label>$VAR[VideoPlotVar]</label>
					<left>15</left>
					<top>8</top>
					<width>615</width>
					<height>250</height>
					<font>font14_textbox</font>
					<pagecontrol>50164</pagecontrol>
					<include>DefaultButtonsValues</include>
					<autoscroll time="3000" delay="4000" repeat="5000">!Skin.HasSetting(Disable.AutoScroll) + !Control.HasFocus(50161)</autoscroll>
				</control>
				<control type="scrollbar" id="50164">
					<left>636</left>
					<top>4</top>
					<width>14</width>
					<height>257</height>
					<onup>PageUp(70)</onup>
					<ondown>PageUp(70)</ondown>
					<onleft>50</onleft>
					<onright condition="!Control.IsVisible(615)">4400</onright>
					<onright condition="Control.IsVisible(615)">615</onright>
					<texturesliderbackground colordiffuse="1AFFFFFF">colors/white50.png</texturesliderbackground>
					<texturesliderbar colordiffuse="1AFFFFFF">colors/white.png</texturesliderbar>
					<texturesliderbarfocus colordiffuse="$VAR[ThemeLabelColor]">colors/white.png</texturesliderbarfocus>
					<showonepage>false</showonepage>
				</control>
			</control>
			<control type="group" id="501105">
				<left>1270</left>
				<top>822</top>
				<visible>Skin.HasSetting(nohighlist) + [Container.Content(tvshows) | Container.Content(seasons)]</visible>
				<include>VisibleFadeAnimation</include>
				<control type="textbox" id="70">
					<label>$VAR[VideoPlotVar]</label>
					<left>15</left>
					<top>8</top>
					<width>615</width>
					<height>160</height>
					<font>font14_textbox</font>
					<pagecontrol>50165</pagecontrol>
					<include>DefaultButtonsValues</include>
					<autoscroll time="3000" delay="4000" repeat="5000">!Skin.HasSetting(Disable.AutoScroll) + !Control.HasFocus(50161)</autoscroll>
				</control>
				<control type="scrollbar" id="50165">
					<left>636</left>
					<width>14</width>
					<height>177</height>
					<onup>PageUp(70)</onup>
					<ondown>PageUp(70)</ondown>
					<onleft>50</onleft>
					<onright condition="!Control.IsVisible(615)">4400</onright>
					<onright condition="Control.IsVisible(615)">615</onright>
					<texturesliderbackground colordiffuse="1AFFFFFF">colors/white50.png</texturesliderbackground>
					<texturesliderbar colordiffuse="1AFFFFFF">colors/white.png</texturesliderbar>
					<texturesliderbarfocus colordiffuse="$VAR[ThemeLabelColor]">colors/white.png</texturesliderbarfocus>
					<showonepage>false</showonepage>
				</control>
			</control>
			<control type="group" id="501106">
				<left>1270</left>
				<top>733</top>
				<visible>Container.Content(movies) + !ListItem.IsCollection + Skin.HasSetting(nohighlist) + Skin.HasSetting(Enable.LowListMoviePlot)</visible>
				<include>VisibleFadeAnimation</include>
				<control type="textbox" id="70">
					<label>$VAR[VideoPlotVar]</label>
					<left>15</left>
					<top>8</top>
					<width>615</width>
					<height>255</height>
					<font>font14_textbox</font>
					<pagecontrol>50166</pagecontrol>
					<include>DefaultButtonsValues</include>
					<autoscroll time="3000" delay="4000" repeat="5000">!Skin.HasSetting(Disable.AutoScroll) + !Control.HasFocus(50161)</autoscroll>
				</control>
				<control type="scrollbar" id="50166">
					<left>636</left>
					<width>14</width>
					<height>245</height>
					<onup>PageUp(70)</onup>
					<ondown>PageUp(70)</ondown>
					<onleft>50</onleft>
					<onright condition="!Control.IsVisible(615)">4400</onright>
					<onright condition="Control.IsVisible(615)">615</onright>
					<texturesliderbackground colordiffuse="1AFFFFFF">colors/white50.png</texturesliderbackground>
					<texturesliderbar colordiffuse="1AFFFFFF">colors/white.png</texturesliderbar>
					<texturesliderbarfocus colordiffuse="$VAR[ThemeLabelColor]">colors/white.png</texturesliderbarfocus>
					<showonepage>false</showonepage>
				</control>
			</control>
			<control type="group" id="501107">
				<left>1270</left>
				<top>733</top>
				<visible>[ListItem.IsCollection + Skin.HasSetting(nohighlist) + Skin.HasSetting(Enable.LowListMoviePlot)]</visible>
				<include>VisibleFadeAnimation</include>
				<control type="textbox" id="70">
					<label>$VAR[VideoPlotVar]</label>
					<left>15</left>
					<top>8</top>
					<width>615</width>
					<height>350</height>
					<font>font14_textbox</font>
					<pagecontrol>50167</pagecontrol>
					<include>DefaultButtonsValues</include>
					<autoscroll time="3000" delay="4000" repeat="5000">!Skin.HasSetting(Disable.AutoScroll) + !Control.HasFocus(50161)</autoscroll>
				</control>
				<control type="scrollbar" id="50167">
					<left>636</left>
					<width>14</width>
					<height>348</height>
					<onup>PageUp(70)</onup>
					<ondown>PageUp(70)</ondown>
					<onleft>50</onleft>
					<onright condition="!Control.IsVisible(615)">4400</onright>
					<onright condition="Control.IsVisible(615)">615</onright>
					<texturesliderbackground colordiffuse="1AFFFFFF">colors/white50.png</texturesliderbackground>
					<texturesliderbar colordiffuse="1AFFFFFF">colors/white.png</texturesliderbar>
					<texturesliderbarfocus colordiffuse="$VAR[ThemeLabelColor]">colors/white.png</texturesliderbarfocus>
					<showonepage>false</showonepage>
				</control>
			</control>
			<control type="group">
				<left>1270</left>
				<top>1000</top>
				<width>1840</width>
				<control type="group">
					<visible>!ListItem.IsCollection</visible>
					<include>VisibleFadeAnimation</include>
					<control type="image">
						<left>13.5</left>
						<colordiffuse>grey2</colordiffuse>
						<include>MediaFlagValues</include>
						<texture>$VAR[MediaFlagsPathVar]/resolution/$INFO[ListItem.VideoResolution,,.png]</texture>
						<visible>!String.IsEmpty(ListItem.VideoResolution)</visible>
					</control>
					<control type="image">
						<left>176.5</left>
						<colordiffuse>grey2</colordiffuse>
						<include>MediaFlagValues</include>
						<texture>$VAR[MediaFlagsPathVar]/videocodec/$VAR[SourceFlagVar]</texture>
						<visible>!String.IsEmpty(ListItem.VideoCodec)</visible>
					</control>
					<control type="image">
						<left>339</left>
						<colordiffuse>grey2</colordiffuse>
						<include>MediaFlagValues</include>
						<texture>$VAR[MediaFlagsPathVar]/audiocodec/$VAR[AudioCodecFlagVar]</texture>
						<visible>!String.IsEmpty(ListItem.AudioCodec)</visible>
					</control>
					<control type="image">
						<left>506</left>
						<colordiffuse>grey2</colordiffuse>
						<include>MediaFlagValues</include>
						<texture>$VAR[MediaFlagsPathVar]/audiochannels/$INFO[ListItem.AudioChannels,,.png]</texture>
						<visible>!String.IsEmpty(ListItem.AudioChannels) + !Container.Content(seasons)</visible>
					</control>
				</control>
				<control type="group">
					<control type="group">
						<top>-6</top>
						<width>162.5</width>
						<visible>!String.IsEmpty(ListItem.Property(TotalSeasons)) + Container.Content(tvshows)</visible>
						<include>VisibleFadeAnimation</include>
						<control type="label">
							<top>2</top>
							<width>162.5</width>
							<height>60</height>
							<align>center</align>
							<label>$INFO[ListItem.Property(TotalSeasons)]</label>
							<font>font48_bold</font>
							<wrapmultiline>true</wrapmultiline>
							<textcolor>grey</textcolor>
						</control>
						<control type="label">
							<top>52</top>
							<width>162.5</width>
							<height>30</height>
							<align>center</align>
							<label>[LOWERCASE]$VAR[OneOrMoreSeasonsVar][/LOWERCASE]</label>
							<font>font12</font>
							<textcolor>grey</textcolor>
						</control>
					</control>
					<control type="group">
						<top>-6</top>
						<left>162.5</left>
						<width>162.5</width>
						<visible>[Container.Content(tvshows) | Container.Content(seasons)] + !String.IsEmpty(ListItem.Property(TotalEpisodes))</visible>
						<include>VisibleFadeAnimation</include>
						<animation effect="slide" end="-162.5" condition="Container.Content(seasons)">Conditional</animation>
						<control type="label">
							<top>2</top>
							<width>162.5</width>
							<height>60</height>
							<align>center</align>
							<label>$INFO[ListItem.Property(TotalEpisodes)]</label>
							<font>font48_bold</font>
							<wrapmultiline>true</wrapmultiline>
							<textcolor>grey</textcolor>
						</control>
						<control type="label">
							<top>52</top>
							<width>162.5</width>
							<height>30</height>
							<align>center</align>
							<label>[LOWERCASE]$VAR[OneOrMoreEpisodesVar][/LOWERCASE]</label>
							<font>font12</font>
							<textcolor>grey</textcolor>
						</control>
					</control>
					<control type="group">
						<top>-6</top>
						<left>162.5</left>
						<width>162.5</width>
						<visible>Container.Content(seasons)</visible>
						<include>VisibleFadeAnimation</include>
						<control type="label">
							<width>165</width>
							<top>2</top>
							<height>60</height>
							<align>center</align>
							<label>[B]$INFO[ListItem.Property(UnWatchedEpisodes)][/B]</label>
							<font>font48_bold</font>
							<wrapmultiline>true</wrapmultiline>
							<textcolor>$VAR[UnWatchedEpColor]</textcolor>
						</control>
						<control type="label">
							<top>52</top>
							<width>165</width>
							<height>30</height>
							<align>center</align>
							<label>[LOWERCASE]$LOCALIZE[16101][/LOWERCASE]</label>
							<font>font12</font>
							<textcolor>$VAR[UnWatchedEpColor]</textcolor>
						</control>
					</control>
					<control type="image">
						<left>339</left>
						<colordiffuse>grey2</colordiffuse>
						<include>MediaFlagValues</include>
						<texture>$VAR[PathFlagsStudios]$INFO[ListItem.Studio,,.png]</texture>
						<visible>[!Container.Content(episodes) + !Container.Content(movies)]</visible>
					</control>
					<control type="image">
						<left>506</left>
						<colordiffuse>grey2</colordiffuse>
						<include>MediaFlagValues</include>
						<texture fallback="flags/default/mpaa/NR.png">$VAR[MediaFlagsPathVar]/mpaa/$VAR[RatingFlagVar]</texture>
						<visible>!ListItem.IsParentFolder + [!Container.Content(episodes) + !Container.Content(movies)] + !ListItem.IsCollection</visible>
					</control>
				</control>
			</control>
			<control type="list" id="501">
				<left>450</left>
				<top>734</top>
				<width>976</width>
				<include condition="!Skin.HasSetting(nohighlist)">LowListHeightHigh</include>
				<include condition="Skin.HasSetting(nohighlist)">LowListHeightLow</include>
				<onleft>SetProperty(MediaMenu,True,Home)</onleft>
				<onleft>SetFocus(9050)</onleft>
				<onright condition="Control.IsVisible(50160)">50160</onright>
				<onright condition="!Control.IsVisible(50160) + Control.IsVisible(50161)">50161</onright>
				<onright condition="!Control.IsVisible(50160) + !Control.IsVisible(50161)">4400</onright>
				<onup>501</onup>
				<ondown>501</ondown>
				<pagecontrol>50160</pagecontrol>
				<viewtype label="$LOCALIZE[31241]">list</viewtype>
				<visible>Container.Content(movies) | Container.Content(sets) | Container.Content(tvshows) | Container.Content(seasons) | Container.Content(episodes) | String.Contains(Container.FolderPath,plugin.program.advanced.launcher)</visible>
				<scrolltime tween="quadratic" easing="out">200</scrolltime>
				<animation effect="slide" end="0,-203.375" time="120" condition="!Skin.HasSetting(nohighlist)">Conditional</animation>
				<itemlayout height="68" width="806" condition="Container.Content(movies)">
					<control type="label">
						<left>15</left>
						<width>90</width>
						<height>68</height>
						<font>font15</font>
						<textcolor>$VAR[ThemeLabelColor]</textcolor>
						<label fallback="• • • •">$INFO[ListItem.Year]</label>
						<visible>!ListItem.IsParentFolder</visible>
						<visible>!ListItem.IsCollection</visible>
					</control>
					<control type="image">
						<top>-18</top>
						<width>105</width>
						<height>105</height>
						<aspectratio>keep</aspectratio>
						<texture>overlays/showcase/set.png</texture>
						<colordiffuse>grey</colordiffuse>
						<visible>ListItem.IsCollection + !Container.Content(sets)</visible>
					</control>
					<control type="label">
						<left>110</left>
						<width>620</width>
						<height>68</height>
						<font>font15</font>
						<textcolor>grey2</textcolor>
						<label>$INFO[ListItem.Label]</label>
						<visible>!Container.Content(sets)</visible>
					</control>
					<control type="label">
						<left>15</left>
						<width>710</width>
						<height>68</height>
						<font>font15</font>
						<textcolor>grey2</textcolor>
						<label>$INFO[ListItem.Label]</label>
						<visible>Container.Content(sets)</visible>
					</control>
					<control type="label">
						<left>110</left>
						<width>620</width>
						<height>68</height>
						<font>font15</font>
						<align>right</align>
						<textcolor>grey2</textcolor>
						<label>$INFO[ListItem.Rating]</label>
						<visible>[!ListItem.IsCollection] + [!Skin.HasSetting(Enable.HideRatings) | String.IsEqual(Container.SortMethod,$LOCALIZE[563])]</visible>
					</control>
					<control type="image">
						<left>742</left>
						<top>2</top>
						<width>64</width>
						<height>64</height>
						<aspectratio>keep</aspectratio>
						<texture colordiffuse="$VAR[ThemeLabelColor]">$VAR[ListItemOverlay]</texture>
					</control>
				</itemlayout>
				<focusedlayout height="68" width="806" condition="Container.Content(movies)">
					<control type="image">
						<width>806</width>
						<height>68</height>
						<texture border="4">lists/listselect_fo.png</texture>
						<visible>Control.HasFocus(501)</visible>
						<include>VisibleFadeAnimation</include>
					</control>
					<control type="label">
						<left>15</left>
						<width>90</width>
						<height>68</height>
						<font>font15</font>
						<label fallback="• • • •">$INFO[ListItem.Year]</label>
						<animation effect="fade" start="100" end="70" time="300" tween="sine" easing="inout" condition="!Control.HasFocus(501)">Conditional</animation>
						<visible>!ListItem.IsParentFolder</visible>
						<visible>!ListItem.IsCollection</visible>
					</control>
					<control type="image">
						<top>-18</top>
						<width>105</width>
						<height>105</height>
						<aspectratio>keep</aspectratio>
						<texture>overlays/showcase/set.png</texture>
						<visible>ListItem.IsCollection + !Container.Content(sets)</visible>
					</control>
					<control type="label">
						<left>110</left>
						<width>620</width>
						<height>68</height>
						<font>font15</font>
						<label>$INFO[ListItem.Label]</label>
						<animation effect="fade" start="100" end="70" time="300" tween="sine" easing="inout" condition="!Control.HasFocus(501)">Conditional</animation>
						<visible>!Container.Content(sets)</visible>
					</control>
					<control type="label">
						<left>15</left>
						<width>710</width>
						<height>68</height>
						<font>font15</font>
						<label>$INFO[ListItem.Label]</label>
						<animation effect="fade" start="100" end="70" time="300" tween="sine" easing="inout" condition="!Control.HasFocus(501)">Conditional</animation>
						<visible>Container.Content(sets)</visible>
					</control>
					<control type="label">
						<left>110</left>
						<width>620</width>
						<height>68</height>
						<font>font15</font>
						<align>right</align>
						<label>$INFO[ListItem.Rating]</label>
						<visible>[!ListItem.IsCollection] + [!Skin.HasSetting(Enable.HideRatings) | String.IsEqual(Container.SortMethod,$LOCALIZE[563])]</visible>
						<animation effect="fade" start="100" end="70" time="300" tween="sine" easing="inout" condition="!Control.HasFocus(501)">Conditional</animation>
					</control>
					<control type="image">
						<left>742</left>
						<top>2</top>
						<width>64</width>
						<height>64</height>
						<aspectratio>keep</aspectratio>
						<texture colordiffuse="$VAR[ThemeLabelColor]">$VAR[ListItemOverlay]</texture>
					</control>
				</focusedlayout>
				<itemlayout height="68" width="806" condition="Container.Content(tvshows)">
					<control type="label">
						<left>15</left>
						<width>90</width>
						<height>68</height>
						<font>font15</font>
						<textcolor>$VAR[ThemeLabelColor]</textcolor>
						<label fallback="• • • •">$INFO[ListItem.Year]</label>
						<visible>!ListItem.IsParentFolder</visible>
					</control>
					<control type="label">
						<left>110</left>
						<width>565</width>
						<height>68</height>
						<font>font15</font>
						<textcolor>grey2</textcolor>
						<label>$INFO[ListItem.Label]</label>
					</control>
					<control type="label">
						<left>110</left>
						<width>620</width>
						<height>68</height>
						<font>font15</font>
						<align>right</align>
						<textcolor>grey2</textcolor>
						<label>$INFO[ListItem.Rating]</label>
						<visible>!Skin.HasSetting(Enable.HideRatings) | String.IsEqual(Container.SortMethod,$LOCALIZE[563])</visible>
					</control>
					<control type="image">
						<left>742</left>
						<top>2</top>
						<width>64</width>
						<height>64</height>
						<aspectratio>keep</aspectratio>
						<texture colordiffuse="$VAR[ThemeLabelColor]">$VAR[ListItemOverlay]</texture>
					</control>
					<control type="group">
						<left>742</left>
						<top>-1</top>
						<control type="image">
							<top>3</top>
							<width>64</width>
							<height>64</height>
							<texture>overlays/list/OverlayUnWatched.png</texture>
							<visible>Integer.IsGreater(ListItem.Property(UnWatchedEpisodes),0) + String.IsEmpty(ListItem.Overlay)</visible>
						</control>
						<control type="label">
							<left>-18</left>
							<width>100</width>
							<height>68</height>
							<font>font12_title</font>
							<align>center</align>
							<label>$VAR[ListOverlayEpisodesVar]</label>
							<textcolor>grey3</textcolor>
							<textoffsetx>18</textoffsetx>
							<visible>Integer.IsGreater(ListItem.Property(UnWatchedEpisodes),0)</visible>
						</control>
					</control>
				</itemlayout>
				<focusedlayout height="68" width="806" condition="Container.Content(tvshows)">
					<control type="image">
						<width>806</width>
						<height>68</height>
						<texture border="4">lists/listselect_fo.png</texture>
						<visible>Control.HasFocus(501)</visible>
						<include>VisibleFadeAnimation</include>
					</control>
					<control type="label">
						<left>15</left>
						<width>90</width>
						<height>68</height>
						<font>font15</font>
						<label fallback="• • • •">$INFO[ListItem.Year]</label>
						<animation effect="fade" start="100" end="70" time="300" tween="sine" easing="inout" condition="!Control.HasFocus(501)">Conditional</animation>
						<visible>!ListItem.IsParentFolder</visible>
					</control>
					<control type="label">
						<left>110</left>
						<width>565</width>
						<height>68</height>
						<font>font15</font>
						<label>$INFO[ListItem.Label]</label>
						<animation effect="fade" start="100" end="70" time="300" tween="sine" easing="inout" condition="!Control.HasFocus(501)">Conditional</animation>
					</control>
					<control type="label">
						<left>110</left>
						<width>620</width>
						<height>68</height>
						<font>font15</font>
						<align>right</align>
						<label>$INFO[ListItem.Rating]</label>
						<visible>!Skin.HasSetting(Enable.HideRatings) | String.IsEqual(Container.SortMethod,$LOCALIZE[563])</visible>
						<animation effect="fade" start="100" end="70" time="300" tween="sine" easing="inout" condition="!Control.HasFocus(501)">Conditional</animation>
					</control>
					<control type="image">
						<left>742</left>
						<top>2</top>
						<width>64</width>
						<height>64</height>
						<aspectratio>keep</aspectratio>
						<texture colordiffuse="$VAR[ThemeLabelColor]">$VAR[ListItemOverlay]</texture>
					</control>
					<control type="group">
						<left>742</left>
						<top>-1</top>
						<control type="image">
							<top>3</top>
							<width>64</width>
							<height>64</height>
							<texture>overlays/list/OverlayUnWatched.png</texture>
							<visible>Integer.IsGreater(ListItem.Property(UnWatchedEpisodes),0) + String.IsEmpty(ListItem.Overlay)</visible>
						</control>
						<control type="label">
							<left>-18</left>
							<width>100</width>
							<height>68</height>
							<font>font12_title</font>
							<align>center</align>
							<label>$VAR[ListOverlayEpisodesVar]</label>
							<textoffsetx>18</textoffsetx>
							<visible>Integer.IsGreater(ListItem.Property(UnWatchedEpisodes),0)</visible>
						</control>
					</control>
				</focusedlayout>
				<itemlayout height="68" width="806" condition="Container.Content(seasons)">
					<control type="label">
						<left>15</left>
						<width>600</width>
						<height>68</height>
						<font>font15</font>
						<textcolor>grey2</textcolor>
						<label>$INFO[ListItem.Label]</label>
					</control>
					<control type="label">
						<left>110</left>
						<width>620</width>
						<height>68</height>
						<font>font15</font>
						<align>right</align>
						<textcolor>grey2</textcolor>
						<label>$INFO[ListItem.Property(TotalEpisodes),, $LOCALIZE[20453]]</label>
					</control>
					<control type="image">
						<left>742</left>
						<top>2</top>
						<width>64</width>
						<height>64</height>
						<aspectratio>keep</aspectratio>
						<texture colordiffuse="$VAR[ThemeLabelColor]">$VAR[ListItemOverlay]</texture>
					</control>
					<control type="group">
						<left>742</left>
						<top>-1</top>
						<control type="image">
							<top>3</top>
							<width>64</width>
							<height>64</height>
							<texture>overlays/list/OverlayUnWatched.png</texture>
							<visible>Integer.IsGreater(ListItem.Property(UnWatchedEpisodes),0) + String.IsEmpty(ListItem.Overlay)</visible>
						</control>
						<control type="label">
							<left>-18</left>
							<width>100</width>
							<height>68</height>
							<font>font12_title</font>
							<align>center</align>
							<label>$VAR[ListOverlayEpisodesVar]</label>
							<textcolor>grey3</textcolor>
							<textoffsetx>18</textoffsetx>
							<visible>Integer.IsGreater(ListItem.Property(UnWatchedEpisodes),0)</visible>
						</control>
					</control>
				</itemlayout>
				<focusedlayout height="68" width="806" condition="Container.Content(seasons)">
					<control type="image">
						<width>806</width>
						<height>68</height>
						<texture border="4">lists/listselect_fo.png</texture>
						<visible>Control.HasFocus(501)</visible>
						<include>VisibleFadeAnimation</include>
					</control>
					<control type="label">
						<left>15</left>
						<width>600</width>
						<height>68</height>
						<font>font15</font>
						<label>$INFO[ListItem.Label]</label>
						<animation effect="fade" start="100" end="70" time="300" tween="sine" easing="inout" condition="!Control.HasFocus(501)">Conditional</animation>
					</control>
					<control type="label">
						<left>110</left>
						<width>620</width>
						<height>68</height>
						<font>font15</font>
						<align>right</align>
						<label>$INFO[ListItem.Property(TotalEpisodes),, $LOCALIZE[20453]]</label>
						<animation effect="fade" start="100" end="70" time="300" tween="sine" easing="inout" condition="!Control.HasFocus(501)">Conditional</animation>
					</control>
					<control type="image">
						<left>742</left>
						<top>2</top>
						<width>64</width>
						<height>64</height>
						<aspectratio>keep</aspectratio>
						<texture colordiffuse="$VAR[ThemeLabelColor]">$VAR[ListItemOverlay]</texture>
					</control>
					<control type="group">
						<left>742</left>
						<top>-1</top>
						<control type="image">
							<top>3</top>
							<width>64</width>
							<height>64</height>
							<texture>overlays/list/OverlayUnWatched.png</texture>
							<visible>Integer.IsGreater(ListItem.Property(UnWatchedEpisodes),0) + String.IsEmpty(ListItem.Overlay)</visible>
						</control>
						<control type="label">
							<left>-18</left>
							<width>100</width>
							<height>68</height>
							<font>font12_title</font>
							<align>center</align>
							<label>$VAR[ListOverlayEpisodesVar]</label>
							<textoffsetx>18</textoffsetx>
							<visible>Integer.IsGreater(ListItem.Property(UnWatchedEpisodes),0)</visible>
						</control>
					</control>
				</focusedlayout>
				<itemlayout height="68" width="806" condition="Container.Content(episodes)">
					<control type="label">
						<width>730</width>
						<height>68</height>
						<font>font15</font>
						<textcolor>grey2</textcolor>
						<label>$INFO[ListItem.Label]</label>
						<textoffsetx>15</textoffsetx>
					</control>
					<control type="label">
						<left>110</left>
						<width>620</width>
						<height>68</height>
						<font>font15</font>
						<align>right</align>
						<textcolor>grey2</textcolor>
						<label>$INFO[ListItem.Rating]</label>
						<visible>!Skin.HasSetting(Enable.HideRatings) | String.IsEqual(Container.SortMethod,$LOCALIZE[563])</visible>
					</control>
					<control type="image">
						<left>742</left>
						<top>2</top>
						<width>64</width>
						<height>64</height>
						<aspectratio>keep</aspectratio>
						<texture colordiffuse="$VAR[ThemeLabelColor]">$VAR[ListItemOverlay]</texture>
					</control>
				</itemlayout>
				<focusedlayout height="68" width="806" condition="Container.Content(episodes)">
					<control type="image">
						<width>806</width>
						<height>68</height>
						<texture border="4">lists/listselect_fo.png</texture>
						<visible>Control.HasFocus(501)</visible>
						<include>VisibleFadeAnimation</include>
					</control>
					<control type="label">
						<width>730</width>
						<height>68</height>
						<font>font15</font>
						<label>$INFO[ListItem.Label]</label>
						<textoffsetx>15</textoffsetx>
						<animation effect="fade" start="100" end="70" time="300" tween="sine" easing="inout" condition="!Control.HasFocus(501)">Conditional</animation>
					</control>
					<control type="label">
						<left>110</left>
						<width>620</width>
						<height>68</height>
						<font>font15</font>
						<align>right</align>
						<label>$INFO[ListItem.Rating]</label>
						<visible>!Skin.HasSetting(Enable.HideRatings) | String.IsEqual(Container.SortMethod,$LOCALIZE[563])</visible>
						<animation effect="fade" start="100" end="70" time="300" tween="sine" easing="inout" condition="!Control.HasFocus(501)">Conditional</animation>
					</control>
					<control type="image">
						<left>742</left>
						<top>2</top>
						<width>64</width>
						<height>64</height>
						<aspectratio>keep</aspectratio>
						<texture colordiffuse="$VAR[ThemeLabelColor]">$VAR[ListItemOverlay]</texture>
					</control>
				</focusedlayout>
			</control>
			<control type="scrollbar" id="50160">
				<left>1256</left>
				<top>734</top>
				<width>14</width>
				<include condition="!Skin.HasSetting(nohighlist)">LowListHeightHigh</include>
				<include condition="Skin.HasSetting(nohighlist)">LowListHeightLow</include>
				<onup>50160</onup>
				<ondown>50160</ondown>
				<onleft>50</onleft>
				<onright condition="Control.IsVisible(501101) + Control.IsVisible(50161)">50161</onright>
				<onright condition="Control.IsVisible(501102) + Control.IsVisible(50162)">50162</onright>
				<onright condition="Control.IsVisible(501103) + Control.IsVisible(50163)">50163</onright>
				<onright condition="Control.IsVisible(501104) + Control.IsVisible(50164)">50164</onright>
				<onright condition="Control.IsVisible(501105) + Control.IsVisible(50165)">50165</onright>
				<onright condition="Control.IsVisible(501106) + Control.IsVisible(50166)">50166</onright>
				<onright condition="Control.IsVisible(501107) + Control.IsVisible(50167)">50167</onright>
				<onright condition="!Control.IsVisible(615) + ![Control.IsVisible(501101) + Control.IsVisible(50161)] + ![Control.IsVisible(501102) + Control.IsVisible(50162)] + ![Control.IsVisible(501103) + Control.IsVisible(50163)] + ![Control.IsVisible(501104) + Control.IsVisible(50164)] + ![Control.IsVisible(501105) + Control.IsVisible(50165)] + ![Control.IsVisible(501106) + Control.IsVisible(50166)] + ![Control.IsVisible(501107) + Control.IsVisible(50167)]">4400</onright>
				<onright condition="Control.IsVisible(615) + ![Control.IsVisible(501101) + Control.IsVisible(50161)] + ![Control.IsVisible(501102) + Control.IsVisible(50162)] + ![Control.IsVisible(501103) + Control.IsVisible(50163)] + ![Control.IsVisible(501104) + Control.IsVisible(50164)] + ![Control.IsVisible(501105) + Control.IsVisible(50165)] + ![Control.IsVisible(501106) + Control.IsVisible(50166)] + ![Control.IsVisible(501107) + Control.IsVisible(50167)]">615</onright>
				<texturesliderbackground colordiffuse="1AFFFFFF">colors/white50.png</texturesliderbackground>
				<texturesliderbar colordiffuse="1AFFFFFF">colors/white.png</texturesliderbar>
				<texturesliderbarfocus colordiffuse="$VAR[ThemeLabelColor]">colors/white.png</texturesliderbarfocus>
				<showonepage>false</showonepage>
				<animation effect="slide" end="0,-203.375" time="120" condition="!Skin.HasSetting(nohighlist)">Conditional</animation>
			</control>
		</control>
	</include>
	<!-- Music LowList -->
	<include name="MusicLowList">
		<control type="group">
			<visible>Control.IsVisible(501) + !Window.IsActive(addoninformation)</visible>
			<include>FadeAnimation</include>
			<control type="image">
				<top>446</top>
				<width>100%</width>
				<height>200</height>
				<texture>gradient_floor.png</texture>
				<visible>Skin.HasSetting(Enable.LowListArtistLogo)</visible>
			</control>
			<control type="image">
				<left>1500</left>
				<top>460</top>
				<width>390</width>
				<height>164</height>
				<aspectratio aligny="bottom">keep</aspectratio>
				<texture background="true">$VAR[ArtworkLogoVar]</texture>
				<visible>Skin.HasSetting(Enable.LowListArtistLogo)</visible>
			</control>
			<control type="image">
				<top>630</top>
				<width>100%</width>
				<height>450</height>
				<texture colordiffuse="E6FFFFFF" border="1,32,1,1">overlays/bottom_bar.png</texture>
			</control>
			<control type="group">
				<left>5</left>
				<top>442</top>
				<control type="image">
					<left>25</left>
					<top>20</top>
					<width>390</width>
					<height>390</height>
					<aspectratio>keep</aspectratio>
					<texture background="true">$VAR[ArtworkDiscVar]</texture>
					<visible>!String.IsEmpty(ListItem.Art(discart))</visible>
				</control>
				<control type="image">
					<width>440</width>
					<height>640</height>
					<aspectratio aligny="bottom">keep</aspectratio>
					<texture background="true">$INFO[ListItem.Icon]</texture>
					<fadetime>IconCrossfadeTime</fadetime>
					<bordertexture border="20">thumbs/thumb_shadow.png</bordertexture>
					<bordersize>20</bordersize>
				</control>
			</control>
			<control type="grouplist">
				<left>1270</left>
				<top>652</top>
				<width>650</width>
				<height>360</height>
				<usecontrolcoords>true</usecontrolcoords>
				<control type="button">
					<label>[COLOR $VAR[ThemeLabelColor]]$LOCALIZE[557]:[/COLOR][CR]$INFO[ListItem.Artist]</label>
					<width>650</width>
					<include>DefaultButtonsValues</include>
					<visible>!String.IsEmpty(ListItem.Artist)</visible>
				</control>
				<control type="button">
					<label>[COLOR $VAR[ThemeLabelColor]]$LOCALIZE[515]:[/COLOR][CR]$INFO[ListItem.Genre]</label>
					<width>650</width>
					<include>DefaultButtonsValues</include>
					<visible>!String.IsEmpty(ListItem.Genre) + !Container.Content(artists)</visible>
				</control>
				<control type="button">
					<label>[COLOR $VAR[ThemeLabelColor]]$LOCALIZE[180]:[/COLOR][CR]$INFO[ListItem.Duration]</label>
					<width>650</width>
					<include>DefaultButtonsValues</include>
					<visible>!String.IsEmpty(ListItem.Duration)</visible>
				</control>
				<control type="button">
					<label>[COLOR $VAR[ThemeLabelColor]]$LOCALIZE[21894]:[/COLOR][CR]$INFO[ListItem.Property(Artist_Formed)]</label>
					<width>650</width>
					<include>DefaultButtonsValues</include>
					<visible>!String.IsEmpty(ListItem.Property(Artist_Formed)) + String.IsEmpty(ListItem.Property(Artist_Genre)) + String.IsEmpty(ListItem.Property(Artist_Born))</visible>
				</control>
				<control type="button">
					<label>[COLOR $VAR[ThemeLabelColor]]$LOCALIZE[21893]:[/COLOR][CR]$INFO[ListItem.Property(Artist_Born)]</label>
					<width>650</width>
					<include>DefaultButtonsValues</include>
					<visible>!String.IsEmpty(ListItem.Property(Artist_Born)) + String.IsEmpty(ListItem.Property(Artist_Genre))</visible>
				</control>
				<control type="button">
					<label>[COLOR $VAR[ThemeLabelColor]]$LOCALIZE[515]:[/COLOR][CR]$INFO[ListItem.Property(Artist_Genre)]</label>
					<width>650</width>
					<include>DefaultButtonsValues</include>
					<visible>!String.IsEmpty(ListItem.Property(Artist_Genre))</visible>
				</control>
				<control type="textbox">
					<label>[COLOR $VAR[ThemeLabelColor]]$LOCALIZE[569]:[/COLOR][CR]$INFO[ListItem.Comment]</label>
					<left>15</left>
					<width>615</width>
					<height>180</height>
					<font>font14_textbox</font>
					<pagecontrol>50162</pagecontrol>
					<include>DefaultButtonsValues</include>
					<autoscroll time="3000" delay="4000" repeat="5000">!Skin.HasSetting(Disable.AutoScroll) + !Control.HasFocus(501062)</autoscroll>
					<visible>!String.IsEmpty(ListItem.Comment)</visible>
				</control>
			</control>
			<control type="group">
				<left>1270</left>
				<top>834</top>
				<control type="textbox" id="70">
					<label>$VAR[OtherPlotVar]</label>
					<left>15</left>
					<width>615</width>
					<height>245</height>
					<font>font14_textbox</font>
					<pagecontrol>50162</pagecontrol>
					<include>DefaultButtonsValues</include>
					<autoscroll time="3000" delay="4000" repeat="5000">!Skin.HasSetting(Disable.AutoScroll) + !Control.HasFocus(50162)</autoscroll>
				</control>
				<control type="scrollbar" id="50162">
					<left>636</left>
					<width>14</width>
					<height>245</height>
					<onup>PageUp(70)</onup>
					<ondown>PageUp(70)</ondown>
					<onleft>50</onleft>
					<onright condition="!Control.IsVisible(615)">4400</onright>
					<onright condition="Control.IsVisible(615)">615</onright>
					<texturesliderbackground colordiffuse="1AFFFFFF">colors/white50.png</texturesliderbackground>
					<texturesliderbar colordiffuse="1AFFFFFF">colors/white.png</texturesliderbar>
					<texturesliderbarfocus colordiffuse="$VAR[ThemeLabelColor]">colors/white.png</texturesliderbarfocus>
					<showonepage>false</showonepage>
				</control>
				<control type="image">
					<top>206</top>
					<width>636</width>
					<height>40</height>
					<texture flipy="true" border="1">overlays/bottom_shadow.png</texture>
				</control>
			</control>
			<control type="list" id="501">
				<left>450</left>
				<top>652</top>
				<width>976</width>
				<height>427</height>
				<onleft>SetProperty(MediaMenu,True,Home)</onleft>
				<onleft>SetFocus(9050)</onleft>
				<onright>50160</onright>
				<onup>501</onup>
				<ondown>501</ondown>
				<pagecontrol>50160</pagecontrol>
				<onright condition="Control.IsVisible(50160)">50160</onright>
				<onright condition="!Control.IsVisible(50160) + Control.IsVisible(50162)">50162</onright>
				<onright condition="!Control.IsVisible(50160) + !Control.IsVisible(50162)">4400</onright>
				<viewtype label="$LOCALIZE[31241]">list</viewtype>
				<visible>Container.Content(albums) | Container.Content(artists) | Container.Content(songs) | [Window.IsActive(music) + Container.Content(files)]</visible>
				<scrolltime tween="quadratic" easing="out">200</scrolltime>
				<itemlayout height="68" width="806" condition="Container.Content(albums)">
					<control type="label">
						<left>15</left>
						<width>90</width>
						<height>68</height>
						<font>font15</font>
						<textcolor>$VAR[ThemeLabelColor]</textcolor>
						<label fallback="• • • •">$INFO[ListItem.Year]</label>
						<visible>!String.IsEmpty(ListItem.Album)</visible>
					</control>
					<control type="label">
						<left>110</left>
						<width>510</width>
						<height>68</height>
						<font>font15</font>
						<textcolor>grey2</textcolor>
						<label>$INFO[ListItem.Label]</label>
					</control>
					<control type="label">
						<left>110</left>
						<width>680</width>
						<height>68</height>
						<font>font15</font>
						<align>right</align>
						<textcolor>grey2</textcolor>
						<label>$INFO[ListItem.Label2]</label>
						<visible>String.IsEqual(Container.SortMethod,$LOCALIZE[557])</visible>
					</control>
					<control type="image">
						<left>610</left>
						<top>17</top>
						<width>180</width>
						<height>34</height>
						<aspectratio>keep</aspectratio>
						<texture colordiffuse="$VAR[ThemeLabelColor]" fallback="rating0.png">$INFO[ListItem.UserRating,flags/rating/,.png]</texture>
						<colordiffuse>grey2</colordiffuse>
						<visible>!ListItem.IsParentFolder + !String.IsEqual(Container.SortMethod,$LOCALIZE[557])</visible>
					</control>
				</itemlayout>
				<focusedlayout height="68" width="806" condition="Container.Content(albums)">
					<control type="image">
						<width>806</width>
						<height>68</height>
						<texture border="4">lists/listselect_fo.png</texture>
						<visible>Control.HasFocus(501)</visible>
						<include>VisibleFadeAnimation</include>
					</control>
					<control type="label">
						<left>15</left>
						<width>90</width>
						<height>68</height>
						<font>font15</font>
						<label fallback="• • • •">$INFO[ListItem.Year]</label>
						<animation effect="fade" start="100" end="70" time="300" tween="sine" easing="inout" condition="!Control.HasFocus(501)">Conditional</animation>
						<visible>!String.IsEmpty(ListItem.Album)</visible>
					</control>
					<control type="label">
						<left>110</left>
						<width>510</width>
						<height>68</height>
						<font>font15</font>
						<label>$INFO[ListItem.Label]</label>
						<animation effect="fade" start="100" end="70" time="300" tween="sine" easing="inout" condition="!Control.HasFocus(501)">Conditional</animation>
					</control>
					<control type="label">
						<left>110</left>
						<width>680</width>
						<height>68</height>
						<font>font15</font>
						<align>right</align>
						<label>$INFO[ListItem.label2]</label>
						<animation effect="fade" start="100" end="70" time="300" tween="sine" easing="inout" condition="!Control.HasFocus(501)">Conditional</animation>
						<visible>String.IsEqual(Container.SortMethod,$LOCALIZE[557])</visible>
					</control>
					<control type="image">
						<left>610</left>
						<top>17</top>
						<width>180</width>
						<height>34</height>
						<aspectratio>keep</aspectratio>
						<texture fallback="rating0.png">$INFO[ListItem.UserRating,flags/rating/,.png]</texture>
						<visible>!ListItem.IsParentFolder + !String.IsEqual(Container.SortMethod,$LOCALIZE[557])</visible>
						<animation effect="fade" start="100" end="70" time="300" tween="sine" easing="inout" condition="!Control.HasFocus(501)">Conditional</animation>
					</control>
				</focusedlayout>
				<itemlayout height="68" width="806" condition="Container.Content(songs)">
					<control type="label">
						<left>15</left>
						<width>60</width>
						<height>68</height>
						<font>font15</font>
						<textcolor>$VAR[ThemeLabelColor]</textcolor>
						<label fallback="• •">$INFO[ListItem.TrackNumber]</label>
						<visible>!ListItem.IsParentFolder</visible>
					</control>
					<control type="label">
						<left>75</left>
						<width>545</width>
						<height>68</height>
						<font>font15</font>
						<textcolor>grey2</textcolor>
						<label>$INFO[ListItem.Title]</label>
						<visible>!ListItem.IsParentFolder</visible>
					</control>
					<control type="label">
						<left>65</left>
						<width>545</width>
						<height>68</height>
						<font>font15</font>
						<textcolor>grey2</textcolor>
						<label>$INFO[ListItem.Label]</label>
						<visible>String.IsEmpty(ListItem.Title)</visible>
					</control>
					<control type="image">
						<left>615</left>
						<top>17</top>
						<width>180</width>
						<height>34</height>
						<aspectratio>keep</aspectratio>
						<texture fallback="rating0.png">$INFO[ListItem.UserRating,flags/rating/,.png]</texture>
						<colordiffuse>$VAR[ThemeLabelColor]</colordiffuse>
						<visible>!ListItem.IsParentFolder</visible>
					</control>
				</itemlayout>
				<focusedlayout height="68" width="806" condition="Container.Content(songs)">
					<control type="image">
						<width>806</width>
						<height>68</height>
						<texture border="4">lists/listselect_fo.png</texture>
						<visible>Control.HasFocus(501)</visible>
						<include>VisibleFadeAnimation</include>
					</control>
					<control type="label">
						<left>15</left>
						<width>60</width>
						<height>68</height>
						<font>font15</font>
						<label fallback="• •">$INFO[ListItem.TrackNumber]</label>
						<visible>!ListItem.IsParentFolder</visible>
						<animation effect="fade" start="100" end="70" time="300" tween="sine" easing="inout" condition="!Control.HasFocus(501)">Conditional</animation>
					</control>
					<control type="label">
						<left>75</left>
						<width>545</width>
						<height>68</height>
						<font>font15</font>
						<label>$INFO[ListItem.Title]</label>
						<animation effect="fade" start="100" end="70" time="300" tween="sine" easing="inout" condition="!Control.HasFocus(501)">Conditional</animation>
						<visible>!ListItem.IsParentFolder</visible>
					</control>
					<control type="label">
						<left>65</left>
						<width>545</width>
						<height>68</height>
						<font>font15</font>
						<label>$INFO[ListItem.Label]</label>
						<animation effect="fade" start="100" end="70" time="300" tween="sine" easing="inout" condition="!Control.HasFocus(501)">Conditional</animation>
						<visible>String.IsEmpty(ListItem.Title)</visible>
					</control>
					<control type="image">
						<left>615</left>
						<top>17</top>
						<width>180</width>
						<height>34</height>
						<aspectratio>keep</aspectratio>
						<colordiffuse>$VAR[ThemeLabelColor]</colordiffuse>
						<texture fallback="rating0.png">$INFO[ListItem.UserRating,flags/rating/,.png]</texture>
						<visible>!ListItem.IsParentFolder</visible>
						<animation effect="fade" start="100" end="70" time="300" tween="sine" easing="inout" condition="!Control.HasFocus(501)">Conditional</animation>
					</control>
				</focusedlayout>
				<itemlayout height="68" width="806" condition="![Container.Content(albums) | Container.Content(songs)]">
					<control type="label">
						<left>15</left>
						<width>775</width>
						<height>68</height>
						<font>font15</font>
						<textcolor>grey2</textcolor>
						<label>$INFO[ListItem.Label]</label>
					</control>
					<control type="label">
						<left>110</left>
						<width>680</width>
						<height>68</height>
						<font>font15</font>
						<align>right</align>
						<textcolor>grey2</textcolor>
						<label>$INFO[ListItem.Label2]</label>
					</control>
				</itemlayout>
				<focusedlayout height="68" width="806" condition="![Container.Content(albums) | Container.Content(songs)]">
					<control type="image">
						<width>806</width>
						<height>68</height>
						<texture border="4">lists/listselect_fo.png</texture>
						<visible>Control.HasFocus(501)</visible>
						<include>VisibleFadeAnimation</include>
					</control>
					<control type="label">
						<left>15</left>
						<width>775</width>
						<height>68</height>
						<font>font15</font>
						<label>$INFO[ListItem.Label]</label>
						<animation effect="fade" start="100" end="70" time="300" tween="sine" easing="inout" condition="!Control.HasFocus(501)">Conditional</animation>
					</control>
					<control type="label">
						<left>110</left>
						<width>680</width>
						<height>68</height>
						<font>font15</font>
						<align>right</align>
						<label>$INFO[ListItem.label2]</label>
						<animation effect="fade" start="100" end="70" time="300" tween="sine" easing="inout" condition="!Control.HasFocus(501)">Conditional</animation>
					</control>
				</focusedlayout>
			</control>
			<control type="scrollbar" id="50160">
				<left>1256</left>
				<top>652</top>
				<width>14</width>
				<height>427</height>
				<onup>50160</onup>
				<ondown>50160</ondown>
				<onleft>50</onleft>
				<onright condition="Control.IsVisible(50162)">50162</onright>
				<onright condition="!Control.IsVisible(615) + !Control.IsVisible(50162)">4400</onright>
				<onright condition="Control.IsVisible(615) + !Control.IsVisible(50162)">615</onright>
				<onright>50162</onright>
				<texturesliderbackground colordiffuse="1AFFFFFF">colors/white50.png</texturesliderbackground>
				<texturesliderbar colordiffuse="1AFFFFFF">colors/white.png</texturesliderbar>
				<texturesliderbarfocus colordiffuse="$VAR[ThemeLabelColor]">colors/white.png</texturesliderbarfocus>
				<showonepage>false</showonepage>
			</control>
		</control>
	</include>
	<include name="GamesLowList">
		<control type="group">
			<visible>Control.IsVisible(501) + Window.IsActive(programs)</visible>
			<include>FadeAnimation</include>
			<control type="image">
				<top>710</top>
				<width>100%</width>
				<height>651</height>
				<texture border="1,32,1,1">overlays/bottom_bar.png</texture>
				<animation effect="slide" end="0,-203.375" time="120" condition="!Skin.HasSetting(nohighlistgame)">Conditional</animation>
			</control>
			<control type="group">
				<left>5</left>
				<top>442</top>
				<control type="image">
					<width>440</width>
					<height>640</height>
					<aspectratio aligny="bottom">stretch</aspectratio>
					<texture background="true">$VAR[PosterVar]</texture>
					<fadetime>IconCrossfadeTime</fadetime>
					<bordertexture border="20">thumbs/thumb_shadow.png</bordertexture>
					<bordersize>20</bordersize>
				</control>
			</control>
			<control type="grouplist">
				<left>1270</left>
				<top>563</top>
				<width>650</width>
				<height>270</height>
				<visible>!Skin.HasSetting(nohighlistgame)</visible>
				<control type="button">
					<label>[COLOR $VAR[ThemeLabelColor]]$LOCALIZE[31043]:[/COLOR][CR]$INFO[ListItem.Writer]</label>
					<width>650</width>
					<include>DefaultButtonsValues</include>
					<visible>!String.IsEmpty(ListItem.Writer)</visible>
				</control>
				<control type="button">
					<label>[COLOR $VAR[ThemeLabelColor]]$LOCALIZE[515]:[/COLOR][CR]$INFO[ListItem.Genre]</label>
					<width>650</width>
					<include>DefaultButtonsValues</include>
					<visible>!String.IsEmpty(ListItem.Genre)</visible>
				</control>
				<control type="button">
					<label>[COLOR $VAR[ThemeLabelColor]]$LOCALIZE[572]:[/COLOR][CR]$INFO[ListItem.Studio]</label>
					<width>650</width>
					<include>DefaultButtonsValues</include>
					<visible>!String.IsEmpty(ListItem.Studio)</visible>
				</control>
			</control>
			<control type="grouplist">
				<left>1270</left>
				<top>733</top>
				<width>650</width>
				<height>270</height>
				<visible>Skin.HasSetting(nohighlistgame)</visible>
				<control type="button">
					<label>[COLOR $VAR[ThemeLabelColor]]$LOCALIZE[31043]:[/COLOR][CR]$INFO[ListItem.Writer]</label>
					<width>650</width>
					<include>DefaultButtonsValues</include>
					<visible>!String.IsEmpty(ListItem.Writer)</visible>
				</control>
				<control type="button">
					<label>[COLOR $VAR[ThemeLabelColor]]$LOCALIZE[515]:[/COLOR][CR]$INFO[ListItem.Genre]</label>
					<width>650</width>
					<include>DefaultButtonsValues</include>
					<visible>!String.IsEmpty(ListItem.Genre)</visible>
				</control>
				<control type="button">
					<label>[COLOR $VAR[ThemeLabelColor]]$LOCALIZE[572]:[/COLOR][CR]$INFO[ListItem.Studio]</label>
					<width>650</width>
					<include>DefaultButtonsValues</include>
					<visible>!String.IsEmpty(ListItem.Studio)</visible>
				</control>
			</control>
			<control type="group">
				<left>1270</left>
				<top>733</top>
				<visible>!Skin.HasSetting(nohighlistgame)</visible>
				<include>VisibleFadeAnimation</include>
				<control type="textbox" id="70">
					<label>$VAR[VideoPlotVar]</label>
					<left>15</left>
					<top>105</top>
					<width>615</width>
					<height>250</height>
					<font>font14_textbox</font>
					<pagecontrol>50162</pagecontrol>
					<include>DefaultButtonsValues</include>
					<autoscroll time="3000" delay="4000" repeat="5000">!Skin.HasSetting(Disable.AutoScroll) + !Control.HasFocus(50162)</autoscroll>
				</control>
				<control type="scrollbar" id="50162">
					<left>636</left>
					<top>105</top>
					<width>14</width>
					<height>235</height>
					<onup>PageUp(70)</onup>
					<ondown>PageUp(70)</ondown>
					<onleft>50</onleft>
					<onright>SetProperty(MediaMenu,True,Home)</onright>
					<onright>SetFocus(9050)</onright>
					<texturesliderbackground colordiffuse="1AFFFFFF">colors/white50.png</texturesliderbackground>
					<texturesliderbar colordiffuse="1AFFFFFF">colors/white.png</texturesliderbar>
					<texturesliderbarfocus colordiffuse="$VAR[ThemeLabelColor]">colors/white.png</texturesliderbarfocus>
					<showonepage>false</showonepage>
				</control>
			</control>
			<control type="list" id="501">
				<left>450</left>
				<top>733</top>
				<width>976</width>
				<include condition="!Skin.HasSetting(nohighlistgame)">LowListHeightHigh</include>
				<include condition="Skin.HasSetting(nohighlistgame)">LowListHeightLow</include>
				<onleft>SetProperty(MediaMenu,True,Home)</onleft>
				<onleft>SetFocus(9050)</onleft>
				<onright condition="Control.IsVisible(50160)">50160</onright>
				<onright condition="!Control.IsVisible(50160)">50162</onright>
				<onup>501</onup>
				<ondown>501</ondown>
				<pagecontrol>50160</pagecontrol>
				<viewtype label="$LOCALIZE[31241]">list</viewtype>
				<visible>String.Contains(Container.FolderPath,plugin.program.advanced.launcher)</visible>
				<scrolltime tween="quadratic" easing="out">200</scrolltime>
				<animation effect="slide" end="0,-203.375" time="120" condition="!Skin.HasSetting(nohighlistgame)">Conditional</animation>
				<itemlayout height="68" width="806">
					<control type="label">
						<left>15</left>
						<width>90</width>
						<height>68</height>
						<font>font15</font>
						<textcolor>$VAR[ThemeLabelColor]</textcolor>
						<label fallback="• • • •">$INFO[ListItem.Year]</label>
						<visible>!ListItem.IsParentFolder</visible>
					</control>
					<control type="label">
						<left>110</left>
						<width>620</width>
						<height>68</height>
						<font>font15</font>
						<textcolor>grey2</textcolor>
						<label>$INFO[ListItem.Label]</label>
					</control>
				</itemlayout>
				<focusedlayout height="68" width="806">
					<control type="image">
						<width>806</width>
						<height>68</height>
						<texture border="4">lists/listselect_fo.png</texture>
						<visible>Control.HasFocus(501)</visible>
						<include>VisibleFadeAnimation</include>
					</control>
					<control type="label">
						<left>15</left>
						<width>90</width>
						<height>68</height>
						<font>font15</font>
						<label fallback="• • • •">$INFO[ListItem.Year]</label>
						<animation effect="fade" start="100" end="70" time="300" tween="sine" easing="inout" condition="!Control.HasFocus(501)">Conditional</animation>
					</control>
					<control type="label">
						<left>110</left>
						<width>620</width>
						<height>68</height>
						<font>font15</font>
						<label>$INFO[ListItem.Label]</label>
						<animation effect="fade" start="100" end="70" time="300" tween="sine" easing="inout" condition="!Control.HasFocus(501)">Conditional</animation>
					</control>
				</focusedlayout>
			</control>
			<control type="scrollbar" id="50160">
				<left>1256</left>
				<top>734</top>
				<width>14</width>
				<include condition="!Skin.HasSetting(nohighlistgame)">LowListHeightHigh</include>
				<include condition="Skin.HasSetting(nohighlistgame)">LowListHeightLow</include>
				<onup>50160</onup>
				<ondown>50160</ondown>
				<onleft>50</onleft>
				<onright>50162</onright>
				<texturesliderbackground colordiffuse="1AFFFFFF">colors/white50.png</texturesliderbackground>
				<texturesliderbar colordiffuse="1AFFFFFF">colors/white.png</texturesliderbar>
				<texturesliderbarfocus colordiffuse="$VAR[ThemeLabelColor]">colors/white.png</texturesliderbarfocus>
				<showonepage>false</showonepage>
				<animation effect="slide" end="0,-203.375" time="120" condition="!Skin.HasSetting(nohighlistgame)">Conditional</animation>
			</control>
		</control>
	</include>
	<include name="LowListHeightHigh">
		<height>544</height>
	</include>
	<include name="LowListHeightLow">
		<height>340</height>
	</include>
	<include name="SlidingMovieSetDiscart">
		<control type="group">
			<visible>ListItem.IsCollection</visible>
			<control type="image">
				<left>475</left>
				<top>428</top>
				<width>300</width>
				<height>300</height>
				<texture background="true">$INFO[Container(4500).ListItemAbsolute(6).Art(discart)]</texture>
				<visible>!String.IsEmpty(Container(4500).ListItemAbsolute(6).Art(discart))</visible>
				<animation effect="slide" start="-850,0" end="0,0" delay="2000" time="1300" tween="cubic" easing="inout" condition="!Container.OnNext + !Container.OnPrevious">Conditional</animation>
			</control>
			<control type="image">
				<left>625</left>
				<top>428</top>
				<width>300</width>
				<height>300</height>
				<texture background="true">$INFO[Container(4500).ListItemAbsolute(7).Art(discart)]</texture>
				<visible>!String.IsEmpty(Container(4500).ListItemAbsolute(7).Art(discart))</visible>
				<animation effect="slide" start="-1050,0" end="0,0" delay="2100" time="1300" tween="cubic" easing="inout" condition="!Container.OnNext + !Container.OnPrevious">Conditional</animation>
			</control>
			<control type="image">
				<left>775</left>
				<top>428</top>
				<width>300</width>
				<height>300</height>
				<texture background="true">$INFO[Container(4500).ListItemAbsolute(8).Art(discart)]</texture>
				<visible>!String.IsEmpty(Container(4500).ListItemAbsolute(8).Art(discart))</visible>
				<animation effect="slide" start="-1250,0" end="0,0" delay="2200" time="1300" tween="cubic" easing="inout" condition="!Container.OnNext + !Container.OnPrevious">Conditional</animation>
			</control>
			<control type="image">
				<left>925</left>
				<top>428</top>
				<width>300</width>
				<height>300</height>
				<texture background="true">$INFO[Container(4500).ListItemAbsolute(9).Art(discart)]</texture>
				<visible>!String.IsEmpty(Container(4500).ListItemAbsolute(9).Art(discart))</visible>
				<animation effect="slide" start="-1350,0" end="0,0" delay="2300" time="1300" tween="cubic" easing="inout" condition="!Container.OnNext + !Container.OnPrevious">Conditional</animation>
			</control>
			<control type="image">
				<left>1075</left>
				<top>428</top>
				<width>300</width>
				<height>300</height>
				<texture background="true">$INFO[Container(4500).ListItemAbsolute(10).Art(discart)]</texture>
				<visible>!String.IsEmpty(Container(4500).ListItemAbsolute(10).Art(discart))</visible>
				<animation effect="slide" start="-1450,0" end="0,0" delay="2400" time="1300" tween="cubic" easing="inout" condition="!Container.OnNext + !Container.OnPrevious">Conditional</animation>
			</control>
			<control type="image">
				<left>400</left>
				<top>575</top>
				<width>300</width>
				<height>300</height>
				<texture background="true">$INFO[Container(4500).ListItemAbsolute(0).Art(discart)]</texture>
				<visible>!String.IsEmpty(Container(4500).ListItemAbsolute(0).Art(discart))</visible>
				<animation effect="slide" start="-800,0" end="0,0" delay="1400" time="1300" tween="cubic" easing="inout" condition="!Container.OnNext + !Container.OnPrevious">Conditional</animation>
			</control>
			<control type="image">
				<left>550</left>
				<top>575</top>
				<width>300</width>
				<height>300</height>
				<texture background="true">$INFO[Container(4500).ListItemAbsolute(1).Art(discart)]</texture>
				<visible>!String.IsEmpty(Container(4500).ListItemAbsolute(1).Art(discart))</visible>
				<animation effect="slide" start="-950,0" end="0,0" delay="1500" time="1200" tween="cubic" easing="inout" condition="!Container.OnNext + !Container.OnPrevious">Conditional</animation>
			</control>
			<control type="image">
				<left>700</left>
				<top>575</top>
				<width>300</width>
				<height>300</height>
				<texture background="true">$INFO[Container(4500).ListItemAbsolute(2).Art(discart)]</texture>
				<visible>!String.IsEmpty(Container(4500).ListItemAbsolute(2).Art(discart))</visible>
				<animation effect="slide" start="-1100,0" end="0,0" delay="1600" time="1300" tween="cubic" easing="inout" condition="!Container.OnNext + !Container.OnPrevious">Conditional</animation>
			</control>
			<control type="image">
				<left>850</left>
				<top>575</top>
				<width>300</width>
				<height>300</height>
				<texture background="true">$INFO[Container(4500).ListItemAbsolute(3).Art(discart)]</texture>
				<visible>!String.IsEmpty(Container(4500).ListItemAbsolute(3).Art(discart))</visible>
				<animation effect="slide" start="-1250,0" end="0,0" delay="1700" time="1200" tween="cubic" easing="inout" condition="!Container.OnNext + !Container.OnPrevious">Conditional</animation>
			</control>
			<control type="image">
				<left>1000</left>
				<top>575</top>
				<width>300</width>
				<height>300</height>
				<texture background="true">$INFO[Container(4500).ListItemAbsolute(4).Art(discart)]</texture>
				<visible>!String.IsEmpty(Container(4500).ListItemAbsolute(4).Art(discart))</visible>
				<animation effect="slide" start="-1370,0" end="0,0" delay="1800" time="1200" tween="cubic" easing="inout" condition="!Container.OnNext + !Container.OnPrevious">Conditional</animation>
			</control>
			<control type="image">
				<left>1150</left>
				<top>575</top>
				<width>300</width>
				<height>300</height>
				<texture background="true">$INFO[Container(4500).ListItemAbsolute(5).Art(discart)]</texture>
				<visible>!String.IsEmpty(Container(4500).ListItemAbsolute(5).Art(discart))</visible>
				<animation effect="slide" start="-1520,0" end="0,0" delay="1900" time="1200" tween="cubic" easing="inout" condition="!Container.OnNext + !Container.OnPrevious">Conditional</animation>
			</control>
		</control>
	</include>
</includes>