<?xml version="1.0" encoding="UTF-8"?>
<includes>
	<include name="View_505_Panel">
		<control type="group">
			<include>FadeAnimation</include>
			<visible>Control.IsVisible(505)</visible>
			<control type="list" id="505">
				<viewtype label="$LOCALIZE[31314]">wrap</viewtype>
				<left>72.5</left>
				<top>335</top>
				<width>1830</width>
				<height>840</height>
				<onup>SetProperty(MediaMenu,True,Home)</onup>
				<onup>SetFocus(9050)</onup>
				<ondown condition="Control.IsVisible(50560)">50560</ondown>
				<ondown condition="!Control.IsVisible(50560)">4400</ondown>
				<onleft>505</onleft>
				<onright>505</onright>
				<preloaditems>2</preloaditems>
				<pagecontrol>50560</pagecontrol>
				<orientation>horizontal</orientation>
				<visible>[Container.Content(movies) | Container.Content(tvshows) | Container.Content(episodes)]</visible>
				<itemlayout width="610" height="843">
					<control type="label">
						<top>327</top>
						<left>15</left>
						<width>465</width>
						<height>30</height>
						<label>[B]$INFO[ListItem.Label][/B]</label>
						<font>font16_title</font>
						<textcolor>grey</textcolor>
						<shadowcolor>shadow</shadowcolor>
					</control>
					<control type="image">
						<left>495</left>
						<top>328</top>
						<width>42</width>
						<height>28</height>
						<aspectratio>keep</aspectratio>
						<texture colordiffuse="grey">$VAR[UnFocusHDIndicator]</texture>
					</control>
					<control type="textbox">
						<top>370</top>
						<left>15</left>
						<width>525</width>
						<align>justify</align>
						<height>350</height>
						<label>$INFO[ListItem.Tagline,, - ][COLOR grey]$VAR[VideoPlotVar][/COLOR]</label>
						<font>font14_textbox</font>
						<textcolor>$VAR[ThemeLabelColor]</textcolor>
						<shadowcolor>shadow</shadowcolor>
					</control>
					<include>viewPanelTextbox-ContainerCommons</include>
				</itemlayout>
				<focusedlayout width="610" height="843">
					<control type="image">
						<width>555</width>
						<height>730</height>
						<texture>lists/listselect.png</texture>
					</control>
					<control type="label">
						<top>327</top>
						<left>15</left>
						<width>465</width>
						<height>30</height>
						<label>[B]$INFO[ListItem.Label][/B]</label>
						<font>font16_title</font>
						<textcolor>white</textcolor>
						<shadowcolor>shadow</shadowcolor>
					</control>
					<control type="image">
						<left>495</left>
						<top>328</top>
						<width>42</width>
						<height>28</height>
						<aspectratio>keep</aspectratio>
						<texture colordiffuse="white">$VAR[UnFocusHDIndicator]</texture>
					</control>
					<control type="textbox">
						<top>370</top>
						<left>15</left>
						<width>525</width>
						<align>justify</align>
						<height>350</height>
						<label>$INFO[ListItem.Tagline,, - ][COLOR white]$VAR[VideoPlotVar][/COLOR]</label>
						<font>font14_textbox</font>
						<textcolor>$VAR[ThemeLabelColor]</textcolor>
						<shadowcolor>shadow</shadowcolor>
						<autoscroll time="3000" delay="4000" repeat="5000">!Skin.HasSetting(Disable.AutoScroll) + !Control.HasFocus(61)</autoscroll>
					</control>
					<include>viewPanelTextbox-ContainerCommons</include>
				</focusedlayout>
			</control>
			<control type="scrollbar" id="50560">
				<left>72</left>
				<top>1066</top>
				<width>1776</width>
				<height>14</height>
				<onup>505</onup>
				<ondown condition="Control.IsVisible(614) + Integer.IsGreaterOrEqual(Container(505).NumPages,5)">614</ondown>
				<ondown condition="Control.IsVisible(615) + Integer.IsGreaterOrEqual(Container(505).NumPages,5)">616</ondown>
				<ondown condition="!Integer.IsGreaterOrEqual(Container(505).NumPages,5) | Integer.IsGreaterOrEqual(Container(505).NumPages,5) + !Control.IsVisible(614) + !Control.IsVisible(615)">4400</ondown>
				<texturesliderbackground colordiffuse="1AFFFFFF">colors/white50.png</texturesliderbackground>
				<texturesliderbar colordiffuse="1AFFFFFF">colors/white.png</texturesliderbar>
				<texturesliderbarfocus colordiffuse="$VAR[ThemeLabelColor]">colors/white.png</texturesliderbarfocus>
				<showonepage>false</showonepage>
				<orientation>horizontal</orientation>
				<animation effect="fade" start="100" end="0" time="500" delay="500" condition="!Control.HasFocus(50560) + !Container.Scrolling">Conditional</animation>
			</control>
		</control>
	</include>
	<include name="viewPanelTextbox-ContainerCommons">
		<control type="group">
			<left>15</left>
			<top>15</top>
			<control type="image">
				<visible>Container.Content(movies) | Container.Content(tvshows)</visible>
				<width>525</width>
				<height>296</height>
				<texture fallback="special://skin/backgrounds/fallback_movies.jpg" background="true">$INFO[ListItem.Art(fanart)]</texture>
				<aspectratio align="center" aligny="center">scale</aspectratio>
			</control>
			<control type="image">
				<visible>Container.Content(movies) | Container.Content(tvshows)</visible>
				<left>75</left>
				<width>375</width>
				<height>278</height>
				<texture background="true">$INFO[ListItem.Art(clearlogo)]</texture>
				<aspectratio align="center" aligny="bottom">keep</aspectratio>
			</control>
			<control type="image">
				<visible>Container.Content(episodes)</visible>
				<width>525</width>
				<height>296</height>
				<texture fallback="special://skin/backgrounds/fallback_movies.jpg" background="true">$VAR[NoSpoilerIconVar]</texture>
				<aspectratio align="center" aligny="center">scale</aspectratio>
			</control>
			<control type="image">
				<left>456</left>
				<width>80</width>
				<height>80</height>
				<texture>$VAR[OverlayVar]</texture>
				<aspectratio align="center" aligny="top">keep</aspectratio>
			</control>
		</control>
	</include>
</includes>