<?xml version="1.0" encoding="UTF-8"?>
<includes>
	<include name="View_509_MyFlix">
		<include condition="Skin.HasSetting(Disable.ScrollLabel)">ScrollOffsetLabel</include>
		<control type="group">
			<visible>!Skin.HasSetting(Disable.MyFlixView) + Control.IsVisible(509) + Window.IsActive(MyVideoNav.xml) + !Container.Content(addons)</visible>
			<include>OpenClose_Zoom</include>
			<control type="label" id="4447">
				<description>MyFlix Open Case Movies</description>
				<label>$LOCALIZE[31966]</label>
				<include>HiddenObject</include>
				<include condition="!String.IsEmpty(Skin.String(MyFlix.Delay))">MyFlixDelayAnimation</include>
				<animation effect="fade" end="100" time="120" delay="1600">WindowOpen</animation>
				<animation effect="fade" end="100" time="120" delay="1600">Visible</animation>
				<visible>Skin.HasSetting(Enable.MyFlix.OpenCase) + !ListItem.IsCollection + Container.Content(movies)</visible>
			</control>
			<control type="label" id="4448">
				<description>MyFlix Open Case Sets</description>
				<label>$LOCALIZE[31966]</label>
				<include>HiddenObject</include>
				<include condition="!String.IsEmpty(Skin.String(MyFlix.Delay))">MyFlixDelayAnimation</include>
				<animation effect="fade" end="100" time="120" delay="1600">WindowOpen</animation>
				<animation effect="fade" end="100" time="120" delay="1600">Visible</animation>
				<visible>Skin.HasSetting(Enable.MyFlix.OpenCase) + ListItem.IsCollection</visible>
			</control>

		<!-- Fanart-->
			<control type="group">
				<top>-5.5</top>
				<left>-5</left>
				<width>1945</width>
				<height>1092</height>
				<include>OpenClose_Fade</include>
				<include>Extra_Fanart_Flix</include>
			</control>

		<!-- Studio logo -->
			<control type="image">
				<top>450</top>
				<right>10</right>
				<width>200</width>
				<height>150</height>
				<aspectratio>keep</aspectratio>
				<texture align="right" aligny="center">$VAR[PathFlagsStudios]$INFO[ListItem.Studio,,.png]</texture>
				<include>OpenClose_Slide_Down</include>
				<visible>!String.IsEmpty(ListItem.Studio,,.png)</visible>
			</control>

			<control type="grouplist">
				<top>50</top>
				<left>30</left>
				<width>1100</width>
				<height>540</height>
				<align>left</align>
				<aligny>top</aligny>
				<itemgap>10</itemgap>
				<include>OpenClose_Slide_Up</include>

			<!-- Row 1 -->
				<control type="image" id="4449">
					<width>700</width>
					<height>200</height>
					<align>left</align>
					<aspectratio>keep</aspectratio>
					<bordersize>10</bordersize>
					<texture>$INFO[ListItem.Art(clearlogo)]</texture>
					<visible>!Skin.HasSetting(Disable.MyFlix.MovieLogo) + !String.IsEmpty(ListItem.Art(clearlogo))</visible>
				</control>
				<control type="image">
					<height>20</height>
					<texture>colors/transparent.png</texture>
					<visible>!Skin.HasSetting(Disable.MyFlix.MovieLogo) + !String.IsEmpty(ListItem.Art(clearlogo))</visible>
				</control>
				<control type="button" id="4450">
					<width>1100</width>
					<height>84</height>
					<align>left</align>
					<font>font50_title</font>
					<textcolor>white</textcolor>
					<textoffsetx>-0</textoffsetx>
					<label>$INFO[ListItem.Title]</label>
					<scrollspeed>120</scrollspeed>
					<texturefocus>lists/listselect.png</texturefocus>
					<texturenofocus />
					<onleft>509</onleft>
					<onright>509</onright>
					<ondown condition="Control.IsVisible(5090)">5090</ondown>
					<ondown condition="Control.IsVisible(5091)">5091</ondown>
					<ondown condition="Control.IsVisible(5092)">5092</ondown>
					<ondown condition="Control.IsVisible(5093)">5093</ondown>
					<visible>!String.IsEmpty(ListItem.Title) + !Control.IsVisible(4449)</visible>
				</control>
				<control type="button" id="4451">
					<width>1100</width>
					<height>84</height>
					<font>font50_title</font>
					<textcolor>white</textcolor>
					<textoffsetx>-0</textoffsetx>
					<label>$INFO[ListItem.TvShowTitle]</label>
					<scrollspeed>120</scrollspeed>
					<texturefocus>lists/listselect.png</texturefocus>
					<texturenofocus />
					<onleft>509</onleft>
					<onright>509</onright>
					<ondown condition="Control.IsVisible(5090)">5090</ondown>
					<ondown condition="Control.IsVisible(5091)">5091</ondown>
					<ondown condition="Control.IsVisible(5092)">5092</ondown>
					<ondown condition="Control.IsVisible(5093)">5093</ondown>
					<visible>!String.IsEmpty(ListItem.TvShowTitle) + !Control.IsVisible(4449) + !Control.IsVisible(4450)</visible>
				</control>

			<!-- Row 2 -->
				<control type="grouplist">
					<orientation>horizontal</orientation>
					<width min="400" max="1200">auto</width>
					<height>42</height>
					<visible>!String.IsEmpty(ListItem.Rating,,)</visible>
					<control type="grouplist">
						<width min="200" max="1000">auto</width>
						<height>42</height>
						<orientation>horizontal</orientation>
						<align>left</align>
						<itemgap>15</itemgap>
						<visible>!String.IsEmpty(ListItem.Rating,,)</visible>
						<include>Rating_Votes</include>
					</control>
					<control type="label">
						<width min="86" max="150">auto</width>
						<height>40</height>
						<font>font14</font>
						<textcolor>grey</textcolor>
						<align>left</align>
						<label>· $VAR[ItemDurationVar] </label>
						<visible>[!Skin.HasSetting(Enable.HourMinuteDuration) + Integer.IsGreater(ListItem.Duration(mins),,m,0)] | [Skin.HasSetting(Enable.HourMinuteDuration) + Integer.IsGreater(ListItem.Duration(h),,h,0)]</visible>
						 <visible>String.Contains(ListItem.Plot,Género) | String.Contains(ListItem.Plot,Idiomas)</visible>
					</control>
				</control>

			<!-- Row 3 -->
				<control type="grouplist">
					<orientation>horizontal</orientation>
					<width>1200</width>
					<height>48</height>
					<align>left</align>
					<aligny>center</aligny>
					<visible>!String.Contains(ListItem.Plot,Género) + !String.Contains(ListItem.Plot,Idiomas)</visible>
					<control type="label" id="4452">
						<width>125</width>
						<height>48</height>
						<font>font16</font>
						<textcolor>grey</textcolor>
						<label>$INFO[ListItem.Year,(,)]</label>
						<visible>!ListItem.IsCollection + Integer.IsGreater(ListItem.Year,0)</visible>
					</control>
					<control type="label" id="4453">
						<width min="480" max="500">auto</width>
						<height>48</height>
						<font>font16</font>
						<textcolor>grey</textcolor>
						<label>($INFO[Container(4500).ListItem(0).Year]$INFO[Container(4500).ListItem(-1).Year, - ])$INFO[Container(4500).NumItems, • , $LOCALIZE[342]]</label>
						<visible>ListItem.IsCollection + ![Container.OnNext | Container.OnPrevious]</visible>
					</control>
					<control type="label">
						<width min="86" max="150">auto</width>
						<height>50</height>
						<font>font14</font>
						<textcolor>grey</textcolor>
						<align>left</align>
						<label>· $VAR[ItemDurationVar] </label>
						<visible>[Control.IsVisible(4452) | Control.IsVisible(4453)] + !Container.Content(tvshows) + [!Skin.HasSetting(Enable.HourMinuteDuration) + Integer.IsGreater(ListItem.Duration(mins),,m,0)] | [Skin.HasSetting(Enable.HourMinuteDuration) + Integer.IsGreater(ListItem.Duration(h),,h,0)]</visible>
					</control>
					<control type="label">
						<width>800</width>
						<height>50</height>
						<scroll>true</scroll>
						<scrollspeed>50</scrollspeed>
						<font>font14</font>
						<align>left</align>
						<textcolor>grey</textcolor>
						<label>· $INFO[ListItem.Genre]</label>
						<visible>!String.IsEmpty(ListItem.Genre)</visible>
					</control>
				</control>

			<!-- Row 4 -->
				<control type="grouplist">
					<width>1150</width>
					<height>385</height>
					<itemgap>10</itemgap>
					<visible>Control.IsVisible(4449) | Control.IsVisible(4450) | Control.IsVisible(4451)</visible>

				<!-- Tagline -->
					<control type="textbox">
						<width>1100</width>
						<height>40</height>
						<aligny>top</aligny>
						<align>justify</align>
						<font>font15</font>
						<textcolor>$VAR[ThemeLabelColor]</textcolor>
						<label>[B]·[/B] $INFO[ListItem.Tagline]</label>
						<scroll>true</scroll>
						<autoscroll delay="2000" time="3000" repeat="2000">true</autoscroll>
						<visible>!String.IsEmpty(ListItem.Tagline) + !String.Contains(ListItem.Plot,Género) + !String.Contains(ListItem.Plot,Idiomas)</visible>
					</control>

				<!-- Plot -->
					<control type="textbox">
						<width>1100</width>
						<height>160</height>
						<align>justify</align>
						<aligny>top</aligny>
						<font>font15</font>
						<label>[B]·[/B] $VAR[VideoPlotVar]</label>
						<pagecontrol>5090</pagecontrol>
						<scrolltime tween="linear" easing="out">300</scrolltime>
						<autoscroll delay="7000" time="3000" repeat="4000">!Control.HasFocus(5090) + !Skin.HasSetting(Disable.AutoScroll)</autoscroll>
						<visible>!String.IsEmpty(ListItem.Tagline) + !String.IsEmpty(ListItem.Art(clearlogo)) + !String.IsEmpty(ListItem.Plot) + !String.Contains(ListItem.Plot,Género) + !String.Contains(ListItem.Plot,Idioma)</visible>
					</control>
					<control type="textbox">
						<width>1100</width>
						<height>195</height>
						<align>justify</align>
						<aligny>top</aligny>
						<font>font15</font>
						<label>[B]·[/B] $VAR[VideoPlotVar]</label>
						<pagecontrol>5091</pagecontrol>
						<scrolltime tween="linear" easing="out">300</scrolltime>
						<autoscroll delay="7000" time="3000" repeat="4000">!Control.HasFocus(5091) + !Skin.HasSetting(Disable.AutoScroll)</autoscroll>
						<visible>String.IsEmpty(ListItem.Tagline) + !String.IsEmpty(ListItem.Art(clearlogo)) + !String.IsEmpty(ListItem.Plot) + !String.Contains(ListItem.Plot,Género) + !String.Contains(ListItem.Plot,Idioma)</visible>
					</control>
					<control type="textbox">
						<width>1100</width>
						<height>305</height>
						<align>justify</align>
						<font>font15</font>
						<label>[B]·[/B] $VAR[VideoPlotVar]</label>
						<scrolltime tween="linear" easing="out">300</scrolltime>
						<autoscroll delay="7000" time="3000" repeat="4000">!Control.HasFocus(5092) + !Skin.HasSetting(Disable.AutoScroll)</autoscroll>
						<pagecontrol>5092</pagecontrol>
						<visible>String.IsEmpty(ListItem.Art(clearlogo)) + !String.IsEmpty(ListItem.Plot) + !String.Contains(ListItem.Plot,Género) + !String.Contains(ListItem.Plot,Idioma)</visible>
					</control>
					<control type="textbox">
						<width>1100</width>
						<height>345</height>
						<align>justify</align>
						<font>font15</font>
						<label>$VAR[VideoPlotVar]</label>
						<scrolltime tween="linear" easing="out">300</scrolltime>
						<autoscroll delay="7000" time="3000" repeat="4000">!Control.HasFocus(5093) + !Skin.HasSetting(Disable.AutoScroll)</autoscroll>
						<pagecontrol>5093</pagecontrol>
						<animation effect="slide" end="0,20" condition="String.Contains(ListItem.Plot,Género) | String.Contains(ListItem.Plot,Idiomas)">Conditional</animation>
						<visible>String.IsEmpty(ListItem.Art(clearlogo)) + !String.IsEmpty(ListItem.Plot) + [String.Contains(ListItem.Plot,Género) | String.Contains(ListItem.Plot,Idioma)]</visible>
					</control>
				</control>

			</control>

		<!--Scrollbars-->
			<control type="group">
				<include>OpenClose_Slide_Up</include>
				<control type="scrollbar" id="5090">
					<top>440</top>
					<left>0</left>
					<width>1150</width>
					<height>160</height>
					<showonepage>false</showonepage>
					<onleft>509</onleft>
					<onright>509</onright>
					<ondown>509</ondown>
					<texturesliderbackground colordiffuse="grey2">scrollbar/texturesliderbar_wide.png</texturesliderbackground>
					<texturesliderbar>scrollbar/texturesliderbar_wide.png</texturesliderbar>
					<texturesliderbarfocus colordiffuse="$VAR[ThemeLabelColor]">scrollbar/texturesliderbar_wide.png</texturesliderbarfocus>
					<visible>!String.IsEmpty(ListItem.Tagline) + !String.IsEmpty(ListItem.Art(clearlogo)) + !String.IsEmpty(ListItem.Plot) + !String.Contains(ListItem.Plot,Género) + !String.Contains(ListItem.Plot,Idioma)</visible>
				</control>
				<control type="scrollbar" id="5091">
					<top>390</top>
					<left>0</left>
					<width>1150</width>
					<height>200</height>
					<showonepage>false</showonepage>
					<onleft>509</onleft>
					<onright>509</onright>
					<ondown>509</ondown>
					<texturesliderbackground colordiffuse="grey2">scrollbar/texturesliderbar_wide.png</texturesliderbackground>
					<texturesliderbar>scrollbar/texturesliderbar_wide.png</texturesliderbar>
					<texturesliderbarfocus colordiffuse="$VAR[ThemeLabelColor]">scrollbar/texturesliderbar_wide.png</texturesliderbarfocus>
					<visible>String.IsEmpty(ListItem.Tagline) + !String.IsEmpty(ListItem.Art(clearlogo)) + !String.IsEmpty(ListItem.Plot) + !String.Contains(ListItem.Plot,Género) + !String.Contains(ListItem.Plot,Idioma)</visible>
				</control>
				<control type="scrollbar" id="5092">
					<top>260</top>
					<left>0</left>
					<width>1150</width>
					<height>305</height>
					<showonepage>false</showonepage>
					<onleft>509</onleft>
					<onright>509</onright>
					<ondown>509</ondown>
					<texturesliderbackground colordiffuse="grey2">scrollbar/texturesliderbar_wide.png</texturesliderbackground>
					<texturesliderbar>scrollbar/texturesliderbar_wide.png</texturesliderbar>
					<texturesliderbarfocus colordiffuse="$VAR[ThemeLabelColor]">scrollbar/texturesliderbar_wide.png</texturesliderbarfocus>
					<visible>String.IsEmpty(ListItem.Art(clearlogo)) + !String.IsEmpty(ListItem.Plot) + !String.Contains(ListItem.Plot,Género) + !String.Contains(ListItem.Plot,Idioma)</visible>
				</control>
				<control type="scrollbar" id="5093">
					<top>300</top>
					<left>0</left>
					<width>1150</width>
					<height>265</height>
					<showonepage>false</showonepage>
					<onleft>509</onleft>
					<onright>509</onright>
					<ondown>509</ondown>
					<texturesliderbackground colordiffuse="grey2">scrollbar/texturesliderbar_wide.png</texturesliderbackground>
					<texturesliderbar>scrollbar/texturesliderbar_wide.png</texturesliderbar>
					<texturesliderbarfocus colordiffuse="$VAR[ThemeLabelColor]">scrollbar/texturesliderbar_wide.png</texturesliderbarfocus>
					<animation effect="slide" end="0,40" time="0" condition="String.Contains(ListItem.Plot,Género) + String.Contains(ListItem.Plot,Idioma)">Conditional</animation>
					<visible>String.IsEmpty(ListItem.Art(clearlogo)) + !String.IsEmpty(ListItem.Plot) + [String.Contains(ListItem.Plot,Género) | String.Contains(ListItem.Plot,Idioma)]</visible>
				</control>
			</control>

		<!-- List 509-->
			<control type="list" id="509">
				<top>518</top>
				<width>1920</width>
				<height>600</height>
				<onleft>509</onleft>
				<onright>509</onright>
				<onup condition="Control.IsVisible(5090)">5090</onup>
				<onup condition="Control.IsVisible(5091)">5091</onup>
				<onup condition="Control.IsVisible(5092)">5092</onup>
				<onup condition="!Control.IsVisible(5090) + !Control.IsVisible(5091) + !Control.IsVisible(5092) + Control.IsVisible(4449)">SetProperty(MediaMenu,True,Home)</onup>
				<onup condition="!Control.IsVisible(5090) + !Control.IsVisible(5091) + !Control.IsVisible(5092) + Control.IsVisible(4449)">SetFocus(9050)</onup>
				<onup condition="Control.IsVisible(4450)">Control.SetFocus(4450)</onup>
				<onup condition="Control.IsVisible(4451)">Control.SetFocus(4451)</onup>
				<onup condition="!Control.IsVisible(5090) + !Control.IsVisible(5091) + !Control.IsVisible(5092) + !Control.IsVisible(4450) + !Control.IsVisible(4451)">SetProperty(MediaMenu,True,Home)</onup>
				<onup condition="!Control.IsVisible(5090) + !Control.IsVisible(5091) + !Control.IsVisible(5092) + !Control.IsVisible(4450) + !Control.IsVisible(4451)">SetFocus(9050)</onup>
				<ondown condition="Control.IsVisible(90022)">90022</ondown>
				<ondown condition="Control.IsVisible(50960)">50960</ondown>
				<ondown condition="!Control.IsVisible(50960)">4400</ondown>
				<viewtype label="$LOCALIZE[31244]">bigwrap</viewtype>
				<pagecontrol>50960</pagecontrol>
				<orientation>horizontal</orientation>
				<include>OpenClose_Slide_Down</include>
				<preloaditems>2</preloaditems>
				<visible>Container.Content(movies) | Container.Content(sets) | Container.Content(tvshows) | Container.Content(episodes) | Container.Content(files)</visible>
				<itemlayout height="525" width="260" condition="!Skin.HasSetting(Enable.MyFlix.MovieLandscape) + !Skin.HasSetting(Enable.MyFlix.TVLandscape) + [Container.Content(movies) | Container.Content(sets) | Container.Content(tvshows)]">
					<control type="image">
						<include>FlixNoCaseVars</include>
						<texture background="true">$VAR[CaseBackPathVar]$VAR[GlobalCaseVar]</texture>
					</control>
					<control type="image">
						<include>FlixNoClearCaseVars</include>
						<texture background="true">$VAR[CaseBackPathVar]$VAR[GlobalCaseVar]</texture>
					</control>
					<include>FlixPoster</include>
					<include>FlixPosterOverlay</include>
					<control type="image">
						<left>10</left>
						<top>75</top>
						<width>268</width>
						<height>390</height>
						<texture>colors/black.png</texture>
						<colordiffuse>$VAR[MyFlixDimmerVar]</colordiffuse>
						<bordersize>20</bordersize>
					</control>
					<control type="image">
						<include>FlixCaseVars</include>
						<texture background="true">$VAR[CaseTypePathVar]$VAR[GlobalCaseVar]</texture>
					</control>
					<include>FlixPosterReflection</include>
					<include>FlixPosterCaseReflection</include>
				</itemlayout>
				<focusedlayout height="525" width="260" condition="!Skin.HasSetting(Enable.MyFlix.MovieLandscape) + !Skin.HasSetting(Enable.MyFlix.TVLandscape) + [Container.Content(movies) | Container.Content(sets) | Container.Content(tvshows)]">
					<control type="image">
						<top>90</top>
						<left>23</left>
						<width>240</width>
						<height>360</height>
						<texture colordiffuse="$VAR[WidgetHighlightBarColor]" border="5">overlays/border_focused.png</texture>
						<visible>!String.IsEmpty(ListItem.Art(poster))</visible>
					</control>
					<control type="image">
						<include>FlixNoCaseVars</include>
						<texture background="true">$VAR[CaseBackPathVar]$VAR[GlobalCaseVar]</texture>
					</control>
					<control type="image">
						<include>FlixNoClearCaseVars</include>
						<texture background="true">$VAR[CaseBackPathVar]$VAR[GlobalCaseVar]</texture>
					</control>
					<include>FlixPoster</include>
					<control type="image">
						<include>FlixCaseVars</include>
						<texture background="true">$VAR[CaseTypePathVar]$VAR[GlobalCaseVar]</texture>
					</control>
					<include>FlixPosterOverlay</include>
					<include>FlixPosterReflection</include>
					<include>FlixPosterCaseReflection</include>
				</focusedlayout>
				<itemlayout height="270" width="480" condition="[Container.Content(movies) + Skin.HasSetting(Enable.MyFlix.MovieLandscape)] | [Container.Content(tvshows) + Skin.HasSetting(Enable.MyFlix.TVLandscape)]">
					<include>FlixLandscape</include>
					<control type="image">
						<left>398</left>
						<top>217</top>
						<width>60</width>
						<height>60</height>
						<texture>$VAR[OverlayVar]</texture>
						<aspectratio align="center" aligny="top">keep</aspectratio>
					</control>
					<control type="image">
						<left>-10</left>
						<top>197</top>
						<width>480</width>
						<height>270</height>
						<texture border="1">colors/black.png</texture>
						<colordiffuse>$VAR[MyFlixDimmerVar]</colordiffuse>
						<bordersize>20</bordersize>
					</control>
					<include>FlixLandscapeReflection</include>
				</itemlayout>
				<focusedlayout height="270" width="480" condition="[Container.Content(movies) + Skin.HasSetting(Enable.MyFlix.MovieLandscape)] | [Container.Content(tvshows) + Skin.HasSetting(Enable.MyFlix.TVLandscape)]">
					<include>FlixLandscape</include>
					<control type="image">
						<left>398</left>
						<top>217</top>
						<width>60</width>
						<height>60</height>
						<texture>$VAR[OverlayVar]</texture>
						<aspectratio align="center" aligny="top">keep</aspectratio>
					</control>
					<include>FlixLandscapeReflection</include>
				</focusedlayout>
				<itemlayout height="270" width="480" condition="Container.Content(episodes)">
					<include>FlixEpisodeThumb</include>
					<control type="image">
						<left>398</left>
						<top>217</top>
						<width>60</width>
						<height>60</height>
						<texture>$VAR[OverlayVar]</texture>
						<aspectratio align="center" aligny="top">keep</aspectratio>
						<visible>!String.IsEmpty(Skin.String(509.Episodes.DisableOverlay)) + Container.Content(episodes)</visible>
					</control>
					<control type="image">
						<top>197</top>
						<width>480</width>
						<height>270</height>
						<texture border="1">colors/black.png</texture>
						<colordiffuse>$VAR[MyFlixDimmerVar]</colordiffuse>
						<bordersize>20</bordersize>
					</control>
				</itemlayout>
				<focusedlayout height="270" width="480" condition="Container.Content(episodes)">
					<include>FlixEpisodeThumb</include>
					<control type="image">
						<left>398</left>
						<top>217</top>
						<width>60</width>
						<height>60</height>
						<texture>$VAR[OverlayVar]</texture>
						<aspectratio align="center" aligny="top">keep</aspectratio>
						<visible>!String.IsEmpty(Skin.String(509.Episodes.DisableOverlay)) + Container.Content(episodes)</visible>
					</control>
				</focusedlayout>
			</control>
			<control type="group">
				<top>518</top>
				<visible>[[Container.Content(movies) + !Skin.HasSetting(Enable.MyFlix.MovieLandscape)] | Container.Content(sets)] + !Control.IsVisible(7000) + Skin.HasSetting(Enable.MyFlix.OpenCase)</visible>
				<control type="image">
					<include>FlixCaseVars</include>
					<texture background="true">$VAR[CaseBackPathVar]$VAR[GlobalCaseVar]</texture>
				</control>
				<control type="image">
					<include>FlixNoCaseVars</include>
					<texture background="true">$VAR[CaseBackPathVar]$VAR[GlobalCaseVar]</texture>
				</control>
				<control type="image">
					<include>FlixNoClearCaseVars</include>
					<texture background="true">$VAR[CaseBackPathVar]$VAR[GlobalCaseVar]</texture>
				</control>
			</control>
			<control type="group">
				<left>34</left>
				<top>669</top>
				<width>215</width>
				<height>215</height>
				<visible>[[[Container.Content(movies) + !Skin.HasSetting(Enable.MyFlix.MovieLandscape)] | Container.Content(sets)] + !Control.IsVisible(7000) + Skin.HasSetting(Enable.MyFlix.Cases) + Skin.HasSetting(Enable.MyFlix.OpenCase)]</visible>
				<include>MyFlixRollingMovieSetDiscs</include>
			</control>
			<control type="group">
				<left>38</left>
				<top>682</top>
				<width>211</width>
				<height>211</height>
				<visible>[[[Container.Content(movies) + !Skin.HasSetting(Enable.MyFlix.MovieLandscape)] | Container.Content(sets)] + !Control.IsVisible(7000) + !Skin.HasSetting(Enable.MyFlix.Cases) + Skin.HasSetting(Enable.MyFlix.OpenCase)]</visible>
				<animation effect="slide" end="-2,-11" condition="Skin.HasSetting(useclearcases)">Conditional</animation>
				<include>MyFlixRollingMovieSetDiscs</include>
			</control>
			<control type="group" id="7000">
				<visible>[[Container.Content(movies) + !Skin.HasSetting(Enable.MyFlix.MovieLandscape)] | Container.Content(sets)] + [Container.OnNext | Container.OnPrevious] + Skin.HasSetting(Enable.MyFlix.OpenCase)</visible>
				<animation effect="fade" time="1000" end="0" reversible="false">Hidden</animation>
				<control type="label">
					<include>HiddenObject</include>
				</control>
			</control>
			<control type="group">
				<top>518</top>
				<visible>[[[Container.Content(movies) + !Skin.HasSetting(Enable.MyFlix.MovieLandscape)] | Container.Content(sets)] + !Control.IsVisible(7000) + Skin.HasSetting(Enable.MyFlix.OpenCase)]</visible>
				<include>MyFlixModAnimation</include>
				<include>FlixPoster</include>
				<control type="image">
					<include>FlixCaseVars</include>
					<texture background="true">$VAR[CaseTypePathVar]$VAR[GlobalCaseVar]</texture>
				</control>
				<include>FlixPosterOverlay</include>
				<include>FlixPosterReflection</include>
				<include>FlixPosterCaseReflection</include>
			</control>

		<!--·Flags-->
			<control type="group">
				<top>990</top>
				<left>150</left>
				<width>900</width>
				<include>Flags_Colored</include>
			</control>
		</control>

	</include>

<!--·Fanart	-->
	<include name="Extra_Fanart_Flix">
		<control type="group">
			<top>0</top>
			<left>0</left>
			<animation effect="fade" end="100" time="50">WindowOpen</animation>
			<animation effect="fade" start="100" end="0" time="50">WindowClose</animation>
			<visible>!Skin.HasSetting(Disable.Fanart_MyFlix)</visible>
			<control type="multiimage" id="7109">
				<top>0</top>
				<left>920</left>
				<width>1000</width>
				<height>600</height>
				<aspectratio>stretch</aspectratio>
				<fadetime>IconCrossfadeTime</fadetime>
				<include>MultiImageTime</include>
				<randomize>true</randomize>
				<imagepath fallback="$INFO[ListItem.Art(fanart)]">$VAR[GlobalBackgroundVar]</imagepath>
			</control>
			<control type="image" id="7110">
				<width>2160</width>
				<height>1080</height>
				<aspectratio>stretch</aspectratio>
				<texture>views/myflix/myflix_overlay.png</texture>
				<visible>Control.IsVisible(7109)</visible>
			</control>
		</control>

	<!--·Backgrounds -->
		<control type="group">
			<visible>!Control.IsVisible(4449) + !Control.IsVisible(4450) + String.IsEmpty(ListItem.Art(clearlogo))</visible>
			<control type="multiimage">
				<width>1920</width>
				<height>1080</height>
				<aspectratio>scale</aspectratio>
				<imagepath background="true">special://skin/backgrounds/movies</imagepath>
				<fadetime>IconCrossfadeTime</fadetime>
				<include>MultiImageTime</include>
				<randomize>true</randomize>
				<visible>Container.Content(movies)</visible>
			</control>
			<control type="multiimage">
				<width>1920</width>
				<height>1080</height>
				<aspectratio>scale</aspectratio>
				<imagepath background="true">special://skin/backgrounds/tvshows</imagepath>
				<fadetime>IconCrossfadeTime</fadetime>
				<include>MultiImageTime</include>
				<randomize>true</randomize>
				<visible>Container.Content(tvshows)</visible>
			</control>
			<control type="image">
				<width>100%</width>
				<height>100%</height>
				<texture>views/myflix/vignetteFlix.png</texture>
				<visible>Container.Content(movies) | Container.Content(tvshows)</visible>
			</control>
		</control>
	</include>

<!--·Poster	-->
	<include name="FlixPoster">
		<control type="image">
			<left>10</left>
			<top>75</top>
			<width>268</width>
			<height>390</height>
			<texture background="true">$VAR[PosterThumbVar]</texture>
			<bordertexture border="20">thumbs/thumb_shadow_aa.png</bordertexture>
			<bordersize>20</bordersize>
		</control>
	</include>
	<include name="FlixPosterOverlay">
		<control type="image">
			<left>206</left>
			<top>85</top>
			<width>56</width>
			<height>56</height>
			<texture>$VAR[OverlayVar]</texture>
			<aspectratio align="center" aligny="top">keep</aspectratio>
			<visible>[!String.IsEmpty(Skin.String(509.Movies.DisableOverlay)) + Container.Content(movies)] | [!String.IsEmpty(Skin.String(509.Sets.DisableOverlay)) + Container.Content(sets)] | [!String.IsEmpty(Skin.String(509.TV.DisableOverlay)) + Container.Content(tvshows)]</visible>
		</control>
	</include>

	<include name="FlixLandscape">
		<control type="image">
			<left>-10</left>
			<top>197</top>
			<width>480</width>
			<height>270</height>
			<texture background="true" diffuse="thumbs/thumb_mask.png">$VAR[LandscapeItem0Var]</texture>
			<bordertexture border="20">thumbs/thumb_shadow_aa.png</bordertexture>
			<bordersize>20</bordersize>
		</control>
	</include>
	<include name="FlixLandscapeReflection">
		<control type="image">
			<left>10</left>
			<top>465</top>
			<width>440</width>
			<height>270</height>
			<texture background="true" flipy="true" diffuse="thumbs/thumb_diffuse.png">$VAR[LandscapeItem0Var]</texture>
		</control>
	</include>
	<include name="FlixEpisodeThumb">
		<control type="image">
			<top>197</top>
			<width>480</width>
			<height>270</height>
			<texture background="true" diffuse="thumbs/thumb_mask.png">$VAR[NoSpoilerIconVar]</texture>
			<bordertexture border="20">thumbs/thumb_shadow_aa.png</bordertexture>
			<bordersize>20</bordersize>
		</control>
	</include>
	<include name="FlixCaseVars">
		<left>-16</left>
		<top>60</top>
		<width>292</width>
		<height>408</height>
		<visible>Skin.HasSetting(Enable.MyFlix.Cases) + [Container.Content(movies) | Container.Content(sets) | Container.Content(tvshows) | Container.Content(seasons)]</visible>
	</include>
	<include name="FlixNoCaseVars">
		<left>-12</left>
		<top>89</top>
		<width>288</width>
		<height>376</height>
		<visible>!Skin.HasSetting(useclearcases) + !Skin.HasSetting(Enable.MyFlix.Cases) + Skin.HasSetting(Enable.MyFlix.OpenCase) + [Container.Content(movies) | Container.Content(sets)] + !ListItem.IsParentFolder</visible>
	</include>
	<include name="FlixNoClearCaseVars">
		<left>-10</left>
		<top>66</top>
		<width>280</width>
		<height>394</height>
		<visible>Skin.HasSetting(useclearcases) + !Skin.HasSetting(Enable.MyFlix.Cases) + Skin.HasSetting(Enable.MyFlix.OpenCase) + [Container.Content(movies) | Container.Content(sets)] + !ListItem.IsParentFolder</visible>
	</include>
	<include name="FlixPosterReflection">
		<control type="image">
			<left>29</left>
			<top>458</top>
			<width>228</width>
			<height>402</height>
			<texture background="true" flipy="true" diffuse="thumbs/thumb_reflect2.png" colordiffuse="FFffffff">$VAR[PosterThumbVar]</texture>
		</control>
	</include>
	<include name="FlixPosterCaseReflection">
		<control type="image">
			<left>-18</left>
			<top>434</top>
			<width>295</width>
			<height>410</height>
			<texture background="true" flipy="true" diffuse="thumbs/thumb_diffuse.png" colordiffuse="73FFFFFF">$VAR[CaseTypePathVar]$VAR[GlobalCaseVar]</texture>
			<visible>Skin.HasSetting(Enable.MyFlix.Cases) + [Container.Content(movies) | Container.Content(sets) | Container.Content(tvshows) | Container.Content(seasons)]</visible>
		</control>
	</include>
	<include name="MyFlixRollingMovieSetDiscs">
		<control type="image">
			<texture background="true" fallback="discart/bd.png">$INFO[ListItem(0).Art(discart)]</texture>
			<animation type="Conditional" condition="[!String.IsEmpty(Control.GetLabel(4447)) + Control.IsVisible(4447)]" reversible="false">
				<effect type="slide" start="1900,0" end="0,0" delay="0" time="3000" tween="cubic" easing="inout" />
				<effect type="rotate" start="0" center="auto" end="1080" delay="0" time="3000" tween="cubic" easing="inout" />
			</animation>
			<visible>!ListItem.IsCollection</visible>
		</control>
		<control type="group">
			<visible>Skin.HasSetting(Enable.MyFlix.OpenCase) + ListItem.IsCollection</visible>
			<control type="image">
				<aspectratio>keep</aspectratio>
				<texture background="true">$INFO[Container(4500).ListItemAbsolute(0).Art(discart)]</texture>
				<animation type="Conditional" condition="[!String.IsEmpty(Control.GetLabel(4448)) + Control.IsVisible(4448)]" reversible="false">
					<effect type="slide" start="1900,0" end="0,0" delay="0" time="3000" tween="cubic" easing="inout" />
					<effect type="rotate" start="0" center="auto" end="1080" delay="0" time="3000" tween="cubic" easing="inout" />
				</animation>
				<visible>!String.IsEmpty(Container(4500).ListItemAbsolute(0).Art(discart))</visible>
			</control>
			<control type="image">
				<aspectratio>keep</aspectratio>
				<texture background="true">$INFO[Container(4500).ListItemAbsolute(1).Art(discart)]</texture>
				<animation type="Conditional" condition="[!String.IsEmpty(Control.GetLabel(4448)) + Control.IsVisible(4448)]" reversible="false">
					<effect type="slide" start="1900,0" end="0,0" delay="500" time="3000" tween="cubic" easing="inout" />
					<effect type="rotate" start="0" center="auto" end="1080" delay="500" time="3000" tween="cubic" easing="inout" />
				</animation>
				<visible>!String.IsEmpty(Container(4500).ListItemAbsolute(1).Art(discart))</visible>
			</control>
			<control type="image">
				<aspectratio>keep</aspectratio>
				<texture background="true">$INFO[Container(4500).ListItemAbsolute(2).Art(discart)]</texture>
				<animation type="Conditional" condition="[!String.IsEmpty(Control.GetLabel(4448)) + Control.IsVisible(4448)]" reversible="false">
					<effect type="slide" start="1900,0" end="0,0" delay="1000" time="3000" tween="cubic" easing="inout" />
					<effect type="rotate" start="0" center="auto" end="1080" delay="1000" time="3000" tween="cubic" easing="inout" />
				</animation>
				<visible>!String.IsEmpty(Container(4500).ListItemAbsolute(2).Art(discart))</visible>
			</control>
			<control type="image">
				<aspectratio>keep</aspectratio>
				<texture background="true">$INFO[Container(4500).ListItemAbsolute(3).Art(discart)]</texture>
				<animation type="Conditional" condition="[!String.IsEmpty(Control.GetLabel(4448)) + Control.IsVisible(4448)]" reversible="false">
					<effect type="slide" start="1900,0" end="0,0" delay="1500" time="3000" tween="cubic" easing="inout" />
					<effect type="rotate" start="0" center="auto" end="1080" delay="1500" time="3000" tween="cubic" easing="inout" />
				</animation>
				<visible>!String.IsEmpty(Container(4500).ListItemAbsolute(3).Art(discart))</visible>
			</control>
			<control type="image">
				<aspectratio>keep</aspectratio>
				<texture background="true">$INFO[Container(4500).ListItemAbsolute(4).Art(discart)]</texture>
				<animation type="Conditional" condition="[!String.IsEmpty(Control.GetLabel(4448)) + Control.IsVisible(4448)]" reversible="false">
					<effect type="slide" start="1900,0" end="0,0" delay="2000" time="3000" tween="cubic" easing="inout" />
					<effect type="rotate" start="0" center="auto" end="1080" delay="2000" time="3000" tween="cubic" easing="inout" />
				</animation>
				<visible>!String.IsEmpty(Container(4500).ListItemAbsolute(4).Art(discart))</visible>
			</control>
			<control type="image">
				<aspectratio>keep</aspectratio>
				<texture background="true">$INFO[Container(4500).ListItemAbsolute(5).Art(discart)]</texture>
				<animation type="Conditional" condition="[!String.IsEmpty(Control.GetLabel(4448)) + Control.IsVisible(4448)]" reversible="false">
					<effect type="slide" start="1900,0" end="0,0" delay="2500" time="3000" tween="cubic" easing="inout" />
					<effect type="rotate" start="0" center="auto" end="1080" delay="2500" time="3000" tween="cubic" easing="inout" />
				</animation>
				<visible>!String.IsEmpty(Container(4500).ListItemAbsolute(5).Art(discart))</visible>
			</control>
			<control type="image">
				<aspectratio>keep</aspectratio>
				<texture background="true">$INFO[Container(4500).ListItemAbsolute(6).Art(discart)]</texture>
				<animation type="Conditional" condition="[!String.IsEmpty(Control.GetLabel(4448)) + Control.IsVisible(4448)]" reversible="false">
					<effect type="slide" start="1900,0" end="0,0" delay="3000" time="3000" tween="cubic" easing="inout" />
					<effect type="rotate" start="0" center="auto" end="1080" delay="3000" time="3000" tween="cubic" easing="inout" />
				</animation>
				<visible>!String.IsEmpty(Container(4500).ListItemAbsolute(6).Art(discart))</visible>
			</control>
			<control type="image">
				<aspectratio>keep</aspectratio>
				<texture background="true">$INFO[Container(4500).ListItemAbsolute(7).Art(discart)]</texture>
				<animation type="Conditional" condition="[!String.IsEmpty(Control.GetLabel(4448)) + Control.IsVisible(4448)]" reversible="false">
					<effect type="slide" start="1900,0" end="0,0" delay="3500" time="3000" tween="cubic" easing="inout" />
					<effect type="rotate" start="0" center="auto" end="1080" delay="3500" time="3000" tween="cubic" easing="inout" />
				</animation>
				<visible>!String.IsEmpty(Container(4500).ListItemAbsolute(7).Art(discart))</visible>
			</control>
		</control>
	</include>
</includes>