<favourites>
	<favourite name="Movistar Estrenos" thumb="special://home/media/Icons/TV_Channels/Mis_Canales/Movistar Estrenos.png">PlayMedia(&quot;plugin://plugin.video.kodispaintv/?url=https%3A%24doregex%5BGetPageUrl%5D%7CUser-Agent%3DMozilla%2F5.0&amp;mode=17&amp;regexs=%7Bu%27GetPageUrl%27%3A%20%7B%27x-req%27%3A%20u%27XMLHttpRequest%27%2C%20%27cookiejar%27%3A%20%27%27%2C%20%27name%27%3A%20u%27GetPageUrl%27%2C%20%27accept%27%3A%20u%27%2A/%2A%27%2C%20%27connection%27%3A%20u%27keep-alive%27%2C%20%27expres%27%3A%20u%22%27%28//.%2Am3u8.%2A%3F%29%27%22%2C%20%27referer%27%3A%20u%27https%3A//verliga1.net/ver-movistar-estrenos-online-gratis-en-directo-por-internet/%27%2C%20%27page%27%3A%20u%27https%3A//vergol.com/canales996/live/plusestrenos.php%27%2C%20%27rawpost%27%3A%20u%27manzana66%3D12345%27%7D%7D&amp;iconimage=https%3A%2F%2Fs9.postimg.cc%2Fdcaynz51r%2Festrenos.jpg&amp;sf_options=fanart%3Dhttps%3A%2F%2Fs18.postimg.cc%2Fkvp4paatl%2Ffondocanalestv.jpg%26meta%3Dvotes%253D0%2526label%253D%25255BB%25255DM.%252BESTRENOS%25255B%25252FB%25255D%2526title%253D%25255BB%25255DM.%252BESTRENOS%25255B%25252FB%25255D%26winID%3D10025%26_options_sf&quot;)</favourite>
	<favourite name="Movistar Series" thumb="special://home/media/Icons/TV_Channels/Mis_Canales/Movistar Series.png">PlayMedia(&quot;plugin://plugin.video.kodispaintv/?url=https%3A%24doregex%5BGetPageUrl%5D%7CUser-Agent%3DMozilla%2F5.0&amp;mode=17&amp;regexs=%7Bu%27GetPageUrl%27%3A%20%7B%27x-req%27%3A%20u%27XMLHttpRequest%27%2C%20%27cookiejar%27%3A%20%27%27%2C%20%27name%27%3A%20u%27GetPageUrl%27%2C%20%27accept%27%3A%20u%27%2A/%2A%27%2C%20%27connection%27%3A%20u%27keep-alive%27%2C%20%27expres%27%3A%20u%22%27%28//.%2Am3u8.%2A%3F%29%27%22%2C%20%27referer%27%3A%20u%27https%3A//verliga1.net/ver-movistar-series-online-gratis-en-directo-por-internet/%27%2C%20%27page%27%3A%20u%27https%3A//vergol.com/canales996/live1/plusseries.php%27%2C%20%27rawpost%27%3A%20u%27manzana66%3D12345%27%7D%7D&amp;iconimage=https%3A%2F%2Fs9.postimg.cc%2Fqt7x6ya9b%2Fseries.jpg&amp;sf_options=fanart%3Dhttps%3A%2F%2Fs18.postimg.cc%2Fkvp4paatl%2Ffondocanalestv.jpg%26meta%3Dvotes%253D0%2526label%253D%25255BB%25255DM.%252BSERIES%25255B%25252FB%25255D%2526title%253D%25255BB%25255DM.%252BSERIES%25255B%25252FB%25255D%26winID%3D10025%26_options_sf&quot;)</favourite>
	<favourite name="Hollywood" thumb="special://home/media/Icons/TV_Channels/Mis_Canales/Hollywood.png">PlayMedia(&quot;plugin://plugin.video.kodispaintv/?url=plugin%3A%2F%2Fplugin.video.f4mTester%2F%3Fstreamtype%3DTSDOWNLOADER%26amp%3Bname%3D%5BCOLOR+red%5DKodi%5B%2FCOLOR%5D%5BCOLOR+yellow%5DSpain%5B%2FCOLOR%5D%3Burl%3Dhttp%3A%2F%2Fcms.accesss.me%3A25461%2FUV9uR4udMk%2F7778577577%2F28390&amp;mode=12&amp;sf_options=meta%3Dvotes%253D0%2526label%253D%25257CES%25257C%252BHollywood%2526title%253D%25257CES%25257C%252BHollywood%26winID%3D10025%26_options_sf&quot;)</favourite>
	<favourite name="[B]SYFY[/B]" thumb="special://home/media/Icons/TV_Channels/Mis_Canales/SYFY.png">PlayMedia(&quot;plugin://plugin.video.kodispaintv/?url=https%3A%24doregex%5BGetPageUrl%5D%7CUser-Agent%3DMozilla%2F5.0&amp;mode=17&amp;regexs=%7Bu%27GetPageUrl%27%3A%20%7B%27x-req%27%3A%20u%27XMLHttpRequest%27%2C%20%27cookiejar%27%3A%20%27%27%2C%20%27name%27%3A%20u%27GetPageUrl%27%2C%20%27accept%27%3A%20u%27%2A/%2A%27%2C%20%27connection%27%3A%20u%27keep-alive%27%2C%20%27expres%27%3A%20u%22%27%28//.%2Am3u8.%2A%3F%29%27%22%2C%20%27referer%27%3A%20u%27https%3A//verliga1.net/ver-syfy-online-gratis-en-directo-por-internet/%27%2C%20%27page%27%3A%20u%27https%3A//vergol.com/canales996/live/syfy.php%27%2C%20%27rawpost%27%3A%20u%27manzana66%3D12345%27%7D%7D&amp;iconimage=https%3A%2F%2Fs9.postimg.cc%2Fmj6mkrclb%2Fsyfy.png&amp;sf_options=fanart%3Dhttps%3A%2F%2Fs18.postimg.cc%2Fkvp4paatl%2Ffondocanalestv.jpg%26meta%3Dvotes%253D0%2526label%253D%25255BB%25255DSYFY%25255B%25252FB%25255D%2526title%253D%25255BB%25255DSYFY%25255B%25252FB%25255D%26winID%3D10025%26_options_sf&quot;)</favourite>
	<favourite name="Comedy Central" thumb="special://home/media/Icons/TV_Channels/Mis_Canales/Comedy Central.png">PlayMedia(&quot;plugin://plugin.video.kodispaintv/?url=plugin%3A%2F%2Fplugin.video.f4mTester%2F%3Fstreamtype%3DTSDOWNLOADER%26amp%3Bname%3D%5BCOLOR+red%5DKodi%5B%2FCOLOR%5D%5BCOLOR+yellow%5DSpain%5B%2FCOLOR%5D%3Burl%3Dhttp%3A%2F%2Fcms.accesss.me%3A25461%2FUV9uR4udMk%2F7778577577%2F28425&amp;mode=12&amp;sf_options=meta%3Dvotes%253D0%2526label%253D%25257CES%25257C%252BComedy%252BCentral%2526title%253D%25257CES%25257C%252BComedy%252BCentral%26winID%3D10025%26_options_sf&quot;)</favourite>
	<favourite name="[B]FOX[/B]" thumb="special://home/media/Icons/TV_Channels/Mis_Canales/FOX.png">PlayMedia(&quot;plugin://plugin.video.kodispaintv/?url=https%3A%24doregex%5BGetPageUrl%5D%7CUser-Agent%3DMozilla%2F5.0&amp;mode=17&amp;regexs=%7Bu%27GetPageUrl%27%3A%20%7B%27x-req%27%3A%20u%27XMLHttpRequest%27%2C%20%27cookiejar%27%3A%20%27%27%2C%20%27name%27%3A%20u%27GetPageUrl%27%2C%20%27accept%27%3A%20u%27%2A/%2A%27%2C%20%27connection%27%3A%20u%27keep-alive%27%2C%20%27expres%27%3A%20u%22%27%28//.%2Am3u8.%2A%3F%29%27%22%2C%20%27referer%27%3A%20u%27https%3A//verliga1.net/ver-fox-online-gratis-en-directo-por-internet/%27%2C%20%27page%27%3A%20u%27https%3A//vergol.com/canales996/live/fox1.php%27%2C%20%27rawpost%27%3A%20u%27manzana66%3D12345%27%7D%7D&amp;iconimage=https%3A%2F%2Fs9.postimg.cc%2Fpeob588i7%2Ffox.png&amp;sf_options=fanart%3Dhttps%3A%2F%2Fs18.postimg.cc%2Fkvp4paatl%2Ffondocanalestv.jpg%26meta%3Dvotes%253D0%2526label%253D%25255BB%25255DFOX%25255B%25252FB%25255D%2526title%253D%25255BB%25255DFOX%25255B%25252FB%25255D%26winID%3D10025%26_options_sf&quot;)</favourite>
	<favourite name="BOM Cine" thumb="special://home/media/Icons/TV_Channels/Mis_Canales/BOM Cine.png">PlayMedia(&quot;plugin://plugin.video.kodispaintv/?url=plugin%3A%2F%2Fplugin.video.f4mTester%2F%3Fstreamtype%3DTSDOWNLOADER%26amp%3Bname%3D%5BCOLOR+red%5DKodi%5B%2FCOLOR%5D%5BCOLOR+yellow%5DSpain%5B%2FCOLOR%5D%3Burl%3Dhttp%3A%2F%2Fcms.accesss.me%3A25461%2FUV9uR4udMk%2F7778577577%2F28511&amp;mode=12&amp;sf_options=meta%3Dvotes%253D0%2526label%253D%25257CES%25257C%252BBOM%2526title%253D%25257CES%25257C%252BBOM%26winID%3D10025%26_options_sf&quot;)</favourite>
	<favourite name="[B]AXN[/B]" thumb="special://home/media/Icons/TV_Channels/Mis_Canales/AXN.png">PlayMedia(&quot;plugin://plugin.video.kodispaintv/?url=https%3A%24doregex%5BGetPageUrl%5D%7CUser-Agent%3DMozilla%2F5.0&amp;mode=17&amp;regexs=%7Bu%27GetPageUrl%27%3A%20%7B%27x-req%27%3A%20u%27XMLHttpRequest%27%2C%20%27cookiejar%27%3A%20%27%27%2C%20%27name%27%3A%20u%27GetPageUrl%27%2C%20%27accept%27%3A%20u%27%2A/%2A%27%2C%20%27connection%27%3A%20u%27keep-alive%27%2C%20%27expres%27%3A%20u%22%27%28//.%2Am3u8.%2A%3F%29%27%22%2C%20%27referer%27%3A%20u%27https%3A//verliga1.net/ver-axn-online-gratis-en-directo-por-internet/%27%2C%20%27page%27%3A%20u%27https%3A//vergol.com/canales996/live/axn.php%27%2C%20%27rawpost%27%3A%20u%27manzana66%3D12345%27%7D%7D&amp;iconimage=https%3A%2F%2Fs9.postimg.cc%2F5xlmvij5b%2Faxn.png&amp;sf_options=fanart%3Dhttps%3A%2F%2Fs18.postimg.cc%2Fkvp4paatl%2Ffondocanalestv.jpg%26meta%3Dvotes%253D0%2526label%253D%25255BB%25255DAXN%25255B%25252FB%25255D%2526title%253D%25255BB%25255DAXN%25255B%25252FB%25255D%26winID%3D10025%26_options_sf&quot;)</favourite>
	<favourite name="Discovery Channel" thumb="special://home/media/Icons/TV_Channels/Mis_Canales/Discovery Channel.png">PlayMedia(&quot;plugin://plugin.video.kodispaintv/?url=https%3A%24doregex%5BGetPageUrl%5D%7CUser-Agent%3DMozilla%2F5.0&amp;mode=17&amp;regexs=%7Bu%27GetPageUrl%27%3A%20%7B%27x-req%27%3A%20u%27XMLHttpRequest%27%2C%20%27cookiejar%27%3A%20%27%27%2C%20%27name%27%3A%20u%27GetPageUrl%27%2C%20%27accept%27%3A%20u%27%2A/%2A%27%2C%20%27connection%27%3A%20u%27keep-alive%27%2C%20%27expres%27%3A%20u%22%27%28//.%2Am3u8.%2A%3F%29%27%22%2C%20%27referer%27%3A%20u%27https%3A//verliga1.net/ver-discovery-channel-online-gratis-en-directo-por-internet/%27%2C%20%27page%27%3A%20u%27https%3A//vergol.com/canales996/live/discovery-channel.php%27%2C%20%27rawpost%27%3A%20u%27manzana66%3D12345%27%7D%7D&amp;iconimage=https%3A%2F%2Fs7.postimg.cc%2F92gilx3l7%2Fdiscoverychannel.png&amp;sf_options=fanart%3Dhttps%3A%2F%2Fs18.postimg.cc%2Fkvp4paatl%2Ffondocanalestv.jpg%26meta%3Dvotes%253D0%2526label%253D%25255BB%25255DDISCOVERY%252BCHANNEL%25255B%25252FB%25255D%2526title%253D%25255BB%25255DDISCOVERY%252BCHANNEL%25255B%25252FB%25255D%26winID%3D10025%26_options_sf&quot;)</favourite>
	<favourite name="[B]NATIONAL GEOGRAPHIC[/B]" thumb="special://home/media/Icons/TV_Channels/Mis_Canales/National Geographic.png">PlayMedia(&quot;plugin://plugin.video.kodispaintv/?url=https%3A%24doregex%5BGetPageUrl%5D%7CUser-Agent%3DMozilla%2F5.0&amp;mode=17&amp;regexs=%7Bu%27GetPageUrl%27%3A%20%7B%27x-req%27%3A%20u%27XMLHttpRequest%27%2C%20%27cookiejar%27%3A%20%27%27%2C%20%27name%27%3A%20u%27GetPageUrl%27%2C%20%27accept%27%3A%20u%27%2A/%2A%27%2C%20%27connection%27%3A%20u%27keep-alive%27%2C%20%27expres%27%3A%20u%22%27%28//.%2Am3u8.%2A%3F%29%27%22%2C%20%27referer%27%3A%20u%27https%3A//verliga1.net/ver-national-geographic-online-gratis-en-directo-por-internet/%27%2C%20%27page%27%3A%20u%27https%3A//vergol.com/canales996/live/nationalgeo.php%27%2C%20%27rawpost%27%3A%20u%27manzana66%3D12345%27%7D%7D&amp;iconimage=https%3A%2F%2Fs7.postimg.cc%2Fxvq2mx24r%2Fnatgeo.png&amp;sf_options=fanart%3Dhttps%3A%2F%2Fs18.postimg.cc%2Fkvp4paatl%2Ffondocanalestv.jpg%26meta%3Dvotes%253D0%2526label%253D%25255BB%25255DNATIONAL%252BGEOGRAPHIC%25255B%25252FB%25255D%2526title%253D%25255BB%25255DNATIONAL%252BGEOGRAPHIC%25255B%25252FB%25255D%26winID%3D10025%26_options_sf&quot;)</favourite>
</favourites>