<favourites>
	<favourite name="Balandro" thumb="special://home/addons\plugin.video.balandro\icon.png">ActivateWindow(10025,&quot;plugin://plugin.video.balandro?sf_options=fanart%3Dspecial%3A%2F%2Fhome%2Fmedia%2FArtwork%2FAddons%2FBalandro.jpg%26meta%3Dlabel%253DBalandro%26desc%3DBalandro+es+un+navegador+para+webs+con+v%C3%ADdeos+de+pel%C3%ADculas+y+series%2C+derivado+de+pelisalacarta+y+alfa.%26_options_sf&quot;,return)</favourite>
	<favourite name="[COLOR gold]Palantir[/COLOR]" thumb="special://home/addons\plugin.video.palantir\icon.png">ActivateWindow(10025,&quot;plugin://plugin.video.palantir/?sf_options=fanart%3Dspecial%3A%2F%2Fhome%2Faddons%5Cplugin.video.palantir%5Cfanart.gif%26meta%3Dlabel%253D%25255BCOLOR%252Bgold%25255DPalantir%25255B%25252FCOLOR%25255D%26_options_sf&quot;,return)</favourite>
	<favourite name="[B][LOWERCASE][CAPITALIZE][COLOR white]T[COLOR aquamarine]V[COLOR yellow]C[COLOR orange]H[COLOR red]O[COLOR pink]P[COLOR fuchsia]O[/CAPITALIZE][/LOWERCASE][/B][/COLOR]" thumb="special://home/addons\plugin.video.tvchopo\icon.gif">ActivateWindow(10025,&quot;plugin://plugin.video.tvchopo?sf_options=fanart%3Dspecial%3A%2F%2Fhome%2Fmedia%2FArtwork%2FAddons%2FTV+Chopo.png%26meta%3Dlabel%253D%25255BB%25255D%25255BLOWERCASE%25255D%25255BCAPITALIZE%25255D%25255BCOLOR%252Bwhite%25255DT%25255BCOLOR%252Baquamarine%25255DV%25255BCOLOR%252Byellow%25255DC%25255BCOLOR%252Borange%25255DH%25255BCOLOR%252Bred%25255DO%25255BCOLOR%252Bpink%25255DP%25255BCOLOR%252Bfuchsia%25255DO%25255B%25252FCAPITALIZE%25255D%25255B%25252FLOWERCASE%25255D%25255B%25252FB%25255D%25255B%25252FCOLOR%25255D%26desc%3Daddon+tvchopo+no+contiene+ningun+material+propio..%0A%09%09todo+el+contenido+es+enlazado+a+las+webs+mas+conocidas%0A%09%09de+internet.....%0A%09%09%0A%09tvchopo+ni+se+vender+ni+se+cobra+ni+acepta+donaciones...+si+ha+sido+es+el+caso++ha+sido+usted+estafado%2C...para+mas+informacion+entra+en+nuestro+grupo+de+telegram+https%3A%2F%2Ft.me%2Ftvchopo%26_options_sf&quot;,return)</favourite>
	<favourite name="[COLOR aqua]CRISTAL AZUL[/COLOR]" thumb="special://home/addons\plugin.video.cristalazul\icon.gif">ActivateWindow(10025,&quot;plugin://plugin.video.cristalazul?sf_options=fanart%3Dspecial%3A%2F%2Fhome%2Fmedia%2FArtwork%2FAddons%2FCRISTAL-AZUL.gif%26meta%3Dlabel%253D%25255BCOLOR%252Baqua%25255DCRISTAL%252BAZUL%25255B%25252FCOLOR%25255D%26desc%3DESTE+ADDON+NO+CONTIENE+ENLACES+PROPIOS%2CSON+RECOPILACIONES+DE+LA+RED%2C+SOLO+SE+FACILITA+EL+ACESSO+A+ESAS+WEBS%2C+ESTAS+WEBS+SON+LAS+RESPONSABLES+DE+LOS+CONTENIDOS%26_options_sf&quot;,return)</favourite>
	<favourite name="Exodus Redux" thumb="special://home/addons\plugin.video.exodusredux\icon.png">ActivateWindow(10025,&quot;plugin://plugin.video.exodusredux/?sf_options=fanart%3Dspecial%3A%2F%2Fhome%2Faddons%5Cplugin.video.exodusredux%5Cfanart.jpg%26meta%3Dlabel%253DExodus%252BRedux%26desc%3D%5BB%5DExodus+Redux%5B%2FB%5D%5BCR%5D+%5BB%5D%2A%2A%2ALambda+Sources+Edition%2A%2A%2A%5B%2FB%5D%5BCR%5D%5BCR%5DThis+addon+does+not+form+part+of+the+Kodi+Media+Centre.+Please+do+not+seek+assistance+with+this+addon+from+any+of+the+Official+Kodi+Support+Channels.%5BCR%5D%5BCR%5DThe+author+does+not+host+any+of+the+content+in+this+addon+and+takes+no+responsibility+for+content+found.%26_options_sf&quot;,return)</favourite>
	<favourite name="Agora" thumb="special://home/addons\plugin.video.Agora\icon.png">ActivateWindow(10025,&quot;plugin://plugin.video.Agora?sf_options=fanart%3Dspecial%3A%2F%2Fhome%2Faddons%5Cplugin.video.Agora%5Cfanart.jpg%26meta%3Dlabel%253D%25255BB%25255D%25255BLOWERCASE%25255D%25255BCAPITALIZE%25255D%25255BCOLOR%252Bwhite%25255DAgora%25255B%25252FCAPITALIZE%25255D%25255B%25252FLOWERCASE%25255D%25255B%25252FB%25255D%25255B%25252FCOLOR%25255D%26desc%3DAddon+de+Documentales+100%25+gratuito+y+basado+en+Youtube+con+licencia+GNU+GPL.%26_options_sf&quot;,return)</favourite>
	<favourite name="Explora" thumb="special://home/addons\plugin.video.Explora\icon.png">ActivateWindow(10025,&quot;plugin://plugin.video.Explora/?sf_options=fanart%3Dspecial%3A%2F%2Fhome%2Faddons%5Cplugin.video.Explora%5Cfanart.jpg%26meta%3Dlabel%253DExplora%26desc%3DTodos+los+documentales+en+castellano%2C+la+videoteca+que+no+deja+de+crecer+%21+...+Este+addon+requiere+de+plugin+f4mTester+de+shani+para+funcionar.%26_options_sf&quot;,return)</favourite>
	<favourite name="[B]T E S L A[/B]" thumb="special://home/addons\plugin.video.Tesla\icon.png">ActivateWindow(10025,&quot;plugin://plugin.video.Tesla/?sf_options=fanart%3Dspecial%3A%2F%2Fhome%2Faddons%5Cplugin.video.Tesla%5Cfanart.jpg%26meta%3Dlabel%253D%25255BCOLOR%252Bwhite%25255D%25255BB%25255DT%252BE%252BS%252BL%252BA%25255B%25252FB%25255D%25255B%25252FCOLOR%25255D%26desc%3DIdea+original+de+Mahs80%28%40Mahs8013%29...Addon+tematico+dedicado+a+Ciencia+y+Fisica+de+todos+los+tiempos..+descubre+los+limites+de+la+ciencia%2C+los+mayores+descubrimientos%2C+los+grandes+p%C3%A8nsadores+de+todas+las+epocas...+basado+en+Youtube+con+licencia+GNU+GPL.%26_options_sf&quot;,return)</favourite>
	<favourite name="O.V.N.I" thumb="special://home/addons\plugin.video.ovni\icon.png">ActivateWindow(10025,&quot;plugin://plugin.video.ovni/?sf_options=fanart%3Dspecial%3A%2F%2Fhome%2Faddons%5Cplugin.video.ovni%5Cfanart.jpg%26meta%3Dlabel%253D%25255BCOLOR%252Blime%25255DO.V.N.I%25255B%25252FCOLOR%25255D%26desc%3DAddon+tematico+dedicado+a+otros+mundos%2C+basado+en+Youtube+con+licencia+GNU+GPL.%26_options_sf&quot;,return)</favourite>
	<favourite name="Mundo Oscuro" thumb="special://home/addons\plugin.video.MundoOscuro\icon.png">ActivateWindow(10025,&quot;plugin://plugin.video.MundoOscuro?sf_options=fanart%3Dspecial%3A%2F%2Fhome%2Faddons%5Cplugin.video.MundoOscuro%5Cfanart.jpg%26meta%3Dlabel%253D%25255BCOLOR%252Bred%25255D%25255BB%25255DMundo%252BOscuro%25255B%25252FB%25255D%25255B%25252FCOLOR%25255D%26desc%3DAddon+tematico+dedicado+al+Mundo+Esoterico%2C+Paranormal%2C+Misterio+y+Terror....+basado+en+Youtube...licencia+GNU+GPL...el+Addon+es+una+Colaboracion+de+Decosub+y+Mahs80%26_options_sf&quot;,return)</favourite>
</favourites>