<?xml version="1.0" encoding="UTF-8"?>
<includes>

<!--·Video List-->
	<include name="Video_List">
		<control type="group">
			<visible>Control.IsVisible(50) + Window.IsActive(MyVideoNav.xml) + [!Window.IsActive(addoninformation) + !Window.IsActive(AddonBrowser)]</visible>
			<include>FullScreen_Vignette</include>
			<include>Fanart</include>
			<include>FadeAnimation</include>
			<width>100%</width>
			<control type="group">
				<top>100</top>
				<left>100</left>

             <!--·Panel Background Left-->
				<control type="group">
					<visible>!String.IsEmpty(ListItem.Art(fanart))</visible>
					<control type="image" id="7103">
						<top>-100</top>
						<left>-100</left>
						<width>1170</width>
						<height>1080</height>
						<texture>lists/listpanel_back_gradient.png</texture>
						<visible>!String.IsEmpty(ListItem.Rating) + [Window.IsActive(MyVideoNav.xml) | Container.Content(movies) | Container.Content(sets) | Container.Content(tvshows) | Container.Content(episodes)]</visible>
					</control>
					<control type="image" id="7104">
						<top>-100</top>
						<left>-100</left>
						<width>1170</width>
						<height>1080</height>
						<texture>lists/listpanel_back_diffuse.png</texture>
						<visible>String.IsEmpty(Control.GetLabel(7103)) | !Control.IsVisible(7103)</visible>
					</control>
				</control>
				<control type="image">
					<top>-100</top>
					<left>-100</left>
					<width>1170</width>
					<height>1080</height>
					<texture>lists/listpanel_back_left.png</texture>
					<visible>String.IsEmpty(ListItem.Art(fanart))</visible>
				</control>

			<!--·Panel Background Right-->
				<control type="image">
					<top>-100</top>
					<bottom>0</bottom>
					<left>1070</left>
					<width>750</width>
					<texture>lists/listpanel_back_right.png</texture>
					<visible>!String.IsEmpty(ListItem.Icon) + String.IsEmpty(ListItem.Art(fanart)</visible>
				</control>
				<control type="image">
					<top>-100</top>
					<bottom>0</bottom>
					<left>1070</left>
					<width>750</width>
					<texture>lists/listpanel_back_right_diff.png</texture>
					<visible>!String.IsEmpty(ListItem.Icon) + !String.IsEmpty(ListItem.Art(fanart)</visible>
				</control>

			<!--·Panel Left-->
				<control type="panel" id="50">
					<top>-55</top>
					<left>-80</left>
					<width>1200</width>
					<height>955</height>
					<onleft>SetProperty(MediaMenu,True,Home)</onleft>
					<onleft>SetFocus(9050)</onleft>
					<onright condition="Control.IsVisible(95060)">95060</onright>
					<onright condition="!Control.IsVisible(95060) + Control.IsVisible(95061)">95061</onright>
					<onright condition="!Control.IsVisible(95060) + Control.IsVisible(95063)">95063</onright>
					<onright condition="!Control.IsVisible(95060) + !Control.IsVisible(95061)">4400</onright>
					<onup>50</onup>
					<ondown>50</ondown>
					<viewtype label="535">list</viewtype>
					<pagecontrol>95060</pagecontrol>
					<scrolltime tween="quadratic" easing="out">200</scrolltime>
					<itemlayout height="88" width="1200" condition="Container.Content(studios) | Container.Content(movies) | Container.Content(sets) | Container.Content(tvshows) | Container.Content(seasons) | Container.Content(episodes) | Container.Content(videos) | Container.Content(musicvideos) | Container.Content(files) | Container.Content(addons)">
						<control type="image">
							<left>15</left>
							<top>7.5</top>
							<width>70</width>
							<height>70</height>
							<aspectratio>keep</aspectratio>
							<texture background="true">$VAR[FocusedPosterThumbVar]</texture>
							<visible>true</visible>
						</control>
						<control type="label">
							<top>10</top>
							<left>100</left>
							<width>950</width>
							<height>70</height>
							<font>font29</font>
							<textcolor>white</textcolor>
							<label>$INFO[ListItem.Label]</label>
						</control>
						<control type="image">
							<left>935</left>
							<top>46</top>
							<width>42</width>
							<height>30</height>
							<aspectratio>keep</aspectratio>
							<texture>$VAR[UnFocusHDIndicator]</texture>
							<colordiffuse>grey2</colordiffuse>
							<visible>String.IsEqual(ListItem.Label2,ListItem.Rating) | String.IsEqual(ListItem.Label2,ListItem.Year)</visible>
							<visible>Skin.HasSetting(noindicatorlist)</visible>
						</control>
						<control type="image">
							<left>1076</left>
							<top>10</top>
							<width>64</width>
							<height>64</height>
							<aspectratio>keep</aspectratio>
							<texture colordiffuse="$VAR[ThemeLabelColor]">$VAR[ListItem.Overlay]</texture>
						</control>
					</itemlayout>
					<focusedlayout height="88" width="1140" condition="Container.Content(studios) | Container.Content(movies) | Container.Content(sets) | Container.Content(tvshows) | Container.Content(seasons) | Container.Content(episodes) | Container.Content(videos) | Container.Content(musicvideos) | Container.Content(files) | Container.Content(addons)">
						<control type="image">
							<width>1150</width>
							<height>88</height>
							<texture>lists/listselect_fo.png</texture>
						</control>
						<control type="image">
							<left>15</left>
							<top>7.5</top>
							<width>70</width>
							<height>70</height>
							<aspectratio>keep</aspectratio>
							<texture background="true">$VAR[FocusedPosterThumbVar]</texture>
							<visible>true</visible>
						</control>
						<control type="fadelabel">
							<top>40</top>
							<left>100</left>
							<width>500</width>
							<height>70</height>
							<scrollout>false</scrollout>
							<scrollspeed>50</scrollspeed>
							<pauseatend>2000</pauseatend>
							<font>font13</font>
							<textcolor>grey2</textcolor>
							<label>$INFO[ListItem.Studio]</label>
							<colordiffuse>grey2</colordiffuse>
						</control>
						<control type="label">
							<top>10</top>
							<left>100</left>
							<width>950</width>
							<height>70</height>
							<font>font29</font>
							<label>$INFO[ListItem.Label]</label>
							<animation effect="slide" end="0,-20" time="0" condition="!String.IsEmpty(ListItem.Studio)">Conditional</animation>
						</control>
						<control type="image">
							<left>935</left>
							<top>46</top>
							<width>42</width>
							<height>28</height>
							<aspectratio>keep</aspectratio>
							<texture>$VAR[UnFocusHDIndicator]</texture>
							<visible>String.IsEqual(ListItem.Label2,ListItem.Rating) | String.IsEqual(ListItem.Label2,ListItem.Year)</visible>
							<visible>Skin.HasSetting(noindicatorlist)</visible>
						</control>
						<control type="image">
							<top>10</top>
							<left>1076</left>
							<width>64</width>
							<height>64</height>
							<aspectratio>keep</aspectratio>
							<texture colordiffuse="$VAR[ThemeLabelColor]">$VAR[ListItem.Overlay]</texture>
						</control>
					</focusedlayout>
				</control>
			</control>


			<control type="scrollbar" id="95060">
				<left>1170</left>
				<top>40</top>
				<bottom>0</bottom>
				<width>12</width>
				<onup>95060</onup>
				<ondown>95060</ondown>
				<onleft>50</onleft>
				<onright condition="!Control.IsVisible(615)">4400</onright>
				<onright condition="Control.IsVisible(615)">615</onright>
				<texturesliderbackground colordiffuse="1AFFFFFF">colors/white50.png</texturesliderbackground>
				<texturesliderbar colordiffuse="1AFFFFFF">colors/white.png</texturesliderbar>
				<texturesliderbarfocus colordiffuse="$VAR[ThemeLabelColor]">colors/white.png</texturesliderbarfocus>
				<showonepage>true</showonepage>
			</control>

		<!--·Panel Right-->
			<control type="group">
				<left>1305</left>
				<top>40</top>
				<visible>true</visible>
				<include>VisibleFadeAnimation</include>
				<control type="image">
					<bottom>400</bottom>
					<left>20</left>
					<width>450</width>
					<height>655</height>
					<aspectratio>keep</aspectratio>
					<texture background="true">$VAR[PosterThumbVar]</texture>
					<fadetime>IconCrossfadeTime</fadetime>
					<bordersize>20</bordersize>
				</control>
				<control type="image">
					<top>570</top>
					<left>40</left>
					<width>410</width>
					<height>655</height>
					<aspectratio>keep</aspectratio>
					<fadetime>IconCrossfadeTime</fadetime>
					<texture diffuse="thumbs/thumb_reflect2.png" flipy="true" background="true">$VAR[PosterThumb]</texture>
				</control>
			</control>

		<!--·Separators-->
			<control type="group">
				<visible>!Container.Content(addons) + [Container.Content(movies) | Container.Content(sets) | Container.Content(tvshows) | Container.Content(videos) | !Container.Content(files)]</visible>
				<control type="group">
					<top>600</top>
					<left>1185</left>
					<control type="image">
						<top>60</top>
						<width>750</width>
						<height>1</height>
						<texture colordiffuse="$VAR[MediumColorVar]">separator_horizontal.png</texture>
						<visible>!String.IsEmpty(ListItem.Title) | !String.IsEmpty(ListItem.Label)</visible>
					</control>
					<control type="image">
						<top>120</top>
						<width>750</width>
						<height>1</height>
						<texture colordiffuse="$VAR[MediumColorVar]">separator_horizontal.png</texture>
						<visible>!String.IsEmpty(ListItem.Title) | !String.IsEmpty(ListItem.Label) | !String.IsEmpty(ListItem.Genre) | !String.IsEmpty(ListItem.Year)</visible>
					</control>
					<control type="image">
						<top>195</top>
						<width>750</width>
						<height>1</height>
						<texture colordiffuse="$VAR[MediumColorVar]">separator_horizontal.png</texture>
						<visible>!String.IsEmpty(ListItem.Genre) | !String.IsEmpty(ListItem.Year)</visible>
					</control>
				</control>

			<!--·Info-->
				<control type="label">
					<top>590</top>
					<left>1200</left>
					<width>700</width>
					<height>200</height>
					<align>center</align>
					<font>font16</font>
					<textcolor>azure</textcolor>
					<label>$INFO[ListItem.Title]</label>
					<scroll>true</scroll>
					<pauseatend>4000</pauseatend>
				</control>
				<control type="label">
					<top>590</top>
					<left>1200</left>
					<width>700</width>
					<height>200</height>
					<align>center</align>
					<font>font16</font>
					<textcolor>azure</textcolor>
					<label>$INFO[ListItem.Label]</label>
					<scroll>true</scroll>
					<pauseatend>4000</pauseatend>
					<visible>String.IsEmpty(ListItem.Title)</visible>
				</control>
				<control type="label">
					<top>640</top>
					<left>1200</left>
					<width>700</width>
					<height>200</height>
					<font>font13</font>
					<textcolor>grey2</textcolor>
					<label>$INFO[ListItem.Genre]</label>
					<scroll>true</scroll>
					<pauseatend>4000</pauseatend>
				</control>
				<control type="grouplist">
					<top>760</top>
					<left>1200</left>
					<itemgap>12</itemgap>
					<orientation>horizontal</orientation>
					<control type="label">
						<width>150</width>
						<height>32</height>
						<font>font13</font>
						<textcolor>grey2</textcolor>
						<label>$LOCALIZE[345] : $INFO[ListItem.Year]</label>
						<visible>Integer.IsGreater(ListItem.Year,0)</visible>
						<animation condition="String.IsEmpty(ListItem.Genre) + String.IsEmpty(ListItem.Rating)" effect="slide" end="0,-15">Conditional</animation>
					</control>
					<control type="label">
						<width>210</width>
						<height>32</height>
						<font>font13</font>
						<textcolor>grey2</textcolor>
						<label>$LOCALIZE[563]: $INFO[ListItem.Rating]</label>
						<visible>Integer.IsGreater(ListItem.Rating,0)</visible>
					</control>
					<control type="image">
						<width>133</width>
						<height>32</height>
						<aspectratio>keep</aspectratio>
						<texture>$INFO[ListItem.Rating,flags/rating/,.png]</texture>
					</control>
					<control type="label">
						<top>635</top>
						<width>182</width>
						<height>32</height>
						<font>font14</font>
						<align>right</align>
						<textcolor>grey2</textcolor>
						<label>$INFO[ListItem.Duration]</label>
					</control>
				</control>
				<control type="textbox" id="7100">
					<top>810</top>
					<left>1200</left>
					<width>690</width>
					<height>250</height>
					<font>font14</font>
					<textcolor>grey</textcolor>
					<align>justify</align>
					<label>$VAR[VideoPlotVar]</label>
					<autoscroll time="3000" delay="8000" repeat="8000">!Skin.HasSetting(Disable.AutoScroll) + !Control.HasFocus(95061)</autoscroll>
					<include>DefaultButtonsValues</include>
					<pagecontrol>95061</pagecontrol>
					<visible>Window.IsVisible(MyVideoNav.xml)</visible>
					<animation condition="String.IsEmpty(ListItem.Year) + String.IsEmpty(ListItem.Rating)" effect="slide" end="0,-70">Conditional</animation>
				</control>
			</control>
			<include>Flags_Colored</include>
			<control type="image">
				<top>1040</top>
				<left>1120</left>
				<width>40</width>
				<height>40</height>
				<aspectratio>keep</aspectratio>
				<texture>$VAR[PathFlagsLanguage]$INFO[ListItem.Property(AudioLanguage.1),,.png]</texture>
			</control>
			<control type="scrollbar" id="95061">
				<top>800</top>
				<bottom>0</bottom>
				<right>10</right>
				<width>12</width>
				<onup>PageUp(7100)</onup>
				<ondown>PageDown(7100)</ondown>
				<onleft>95060</onleft>
				<onright condition="!Control.IsVisible(615)">4400</onright>
				<onright condition="Control.IsVisible(615)">615</onright>
				<onleft>95060</onleft>
				<texturesliderbackground colordiffuse="1AFFFFFF">colors/white50.png</texturesliderbackground>
				<texturesliderbar colordiffuse="1AFFFFFF">colors/white.png</texturesliderbar>
				<texturesliderbarfocus colordiffuse="$VAR[ThemeLabelColor]">colors/white.png</texturesliderbarfocus>
				<showonepage>false</showonepage>
				<visible>!String.IsEmpty(Listitem.Plot)</visible>
			</control>

			<control type="group">
				<description>Busy animation</description>
				<visible>Container(7100).IsUpdating</visible>
				<include>SettingsFadeAnimation</include>
				<left>236</left>
				<top>552</top>
				<control type="image">
					<width>96</width>
					<height>96</height>
					<texture colordiffuse="$VAR[ThemeLabelColor]">android/spinner_48_inner_holo.png</texture>
					<aspectratio>keep</aspectratio>
					<animation effect="rotate" start="0" end="360" center="auto" time="2000" loop="true" condition="true">Conditional</animation>
				</control>
				<control type="image">
					<width>96</width>
					<height>96</height>
					<texture colordiffuse="$VAR[ThemeLabelColor]">android/spinner_48_outer_holo.png</texture>
					<aspectratio>keep</aspectratio>
					<animation effect="rotate" start="360" end="0" center="auto" time="2000" loop="true" condition="true">Conditional</animation>
				</control>
			</control>
		</control>
	</include>

<!--·Addon List	-->
	<include name="Addon_List">
		<control type="group">
			<visible>Control.IsVisible(50) | Container.Content(addons) + [!Window.IsActive(addoninformation) + Window.IsVisible(AddonBrowser)]</visible>
			<include>FadeAnimation</include>
			<left>70</left>
			<top>-110</top>
			<control type="image">
				<top>195</top>
				<left>-30</left>
				<width>1850</width>
				<height>955</height>
				<texture border="40">lists/listpanel_back_diffuse.png</texture>
			</control>
			<control type="image">
				<top>150</top>
				<left>-30</left>
				<width>1850</width>
				<height>70</height>
				<align>center</align>
				<texture>dialogs/dialog_window_banner.png</texture>
			</control>
			<control type="radiobutton">
				<top>160</top>
				<width>48</width>
				<height>48</height>
				<radiowidth>48</radiowidth>
				<radioheight>48</radioheight>
				<texturefocus />
				<texturenofocus />
				<label/>
				<textureradioofffocus>icons/scroll-left.png</textureradioofffocus>
				<textureradiooffnofocus colordiffuse="EEFFFFFF">icons/kodi_logo.png</textureradiooffnofocus>
				<textureradioonfocus>icons/scroll-left.png</textureradioonfocus>
				<textureradioonnofocus colordiffuse="EEFFFFFF">icons/kodi_logo.png</textureradioonnofocus>
				<onclick>Action(close)</onclick>
			</control>
			<control type="scrollbar" id="95060">
				<left>1150</left>
				<top>220</top>
				<width>20</width>
				<height>925</height>
				<onup>95060</onup>
				<ondown>95060</ondown>
				<onleft>50</onleft>
				<onright>SetProperty(MediaMenu,True,Home)</onright>
				<onright>SetFocus(9050)</onright>
				<texturesliderbackground colordiffuse="1AFFFFFF">colors/white50.png</texturesliderbackground>
				<texturesliderbar colordiffuse="1AFFFFFF">colors/white.png</texturesliderbar>
				<texturesliderbarfocus colordiffuse="$VAR[ThemeLabelColor]">colors/white.png</texturesliderbarfocus>
				<showonepage>true</showonepage>
			</control>
		</control>

	<!--·Panel Left-->
		<control type="panel" id="50">
			<top>115</top>
			<left>50</left>
			<width>1155</width>
			<height>920</height>
			<onleft>SetProperty(MediaMenu,True,Home)</onleft>
			<onleft>SetFocus(9050)</onleft>
			<onright>95060</onright>
			<onup>50</onup>
			<ondown>50</ondown>
			<viewtype label="535">list</viewtype>
			<pagecontrol>95060</pagecontrol>
			<scrolltime tween="quadratic" easing="out">200</scrolltime>
			<itemlayout height="90" width="1155">
				<control type="image">
					<left>15</left>
					<top>8</top>
					<width>80</width>
					<height>80</height>
					<aspectratio>keep</aspectratio>
					<texture background="true">$INFO[ListItem.Icon,special://skin/extras/icons/]</texture>
					<colordiffuse>grey2</colordiffuse>
					<visible>String.StartsWith(ListItem.Icon,default)</visible>
				</control>
				<control type="image">
					<left>15</left>
					<top>8</top>
					<width>80</width>
					<height>80</height>
					<aspectratio>keep</aspectratio>
					<texture background="true">$INFO[ListItem.Icon]</texture>
					<visible>!String.StartsWith(ListItem.Icon,default)</visible>
				</control>
				<control type="label">
					<left>135</left>
					<width>985</width>
					<height>70</height>
					<font>font28</font>
					<textcolor>grey</textcolor>
					<label>$INFO[ListItem.Label]</label>
					<animation effect="slide" start="0,0" end="0,25" time="0" condition="String.IsEmpty(ListItem.AddonSummary)">Conditional</animation>
				</control>
				<control type="label">
					<left>135</left>
					<top>50</top>
					<width>985</width>
					<height>60</height>
					<font>font14</font>
					<textcolor>grey3</textcolor>
					<label>$INFO[ListItem.AddonSummary]</label>
				</control>
				<control type="label">
					<top>25</top>
					<left>85</left>
					<width>1060</width>
					<height>70</height>
					<font>font14</font>
					<align>right</align>
					<textcolor>grey2</textcolor>
					<label>$INFO[ListItem.Label2]</label>
				</control>
			</itemlayout>
			<focusedlayout height="90" width="1155">
				<control type="image">
					<top>12</top>
					<width>1155</width>
					<height>95</height>
					<texture border="4">lists/listselect_fo.png</texture>
					<visible>Control.HasFocus(50)</visible>
					<include>VisibleFadeAnimation</include>
				</control>
				<control type="image">
					<left>15</left>
					<top>8</top>
					<width>80</width>
					<height>80</height>
					<aspectratio>keep</aspectratio>
					<texture background="true">$INFO[ListItem.Icon,special://skin/extras/icons/]</texture>
					<visible>String.StartsWith(ListItem.Icon,default)</visible>
				</control>
				<control type="image">
					<left>15</left>
					<top>8</top>
					<width>80</width>
					<height>80</height>
					<aspectratio>keep</aspectratio>
					<texture background="true">$INFO[ListItem.Icon]</texture>
					<visible>!String.StartsWith(ListItem.Icon,default)</visible>
				</control>
				<control type="label">
					<left>135</left>
					<width>985</width>
					<height>70</height>
					<font>font28</font>
					<label>$INFO[ListItem.Label]</label>
					<animation effect="slide" start="0,0" end="0,25" time="0" condition="String.IsEmpty(ListItem.AddonSummary)">Conditional</animation>
				</control>
				<control type="label">
					<left>135</left>
					<top>50</top>
					<width>985</width>
					<height>60</height>
					<font>font14</font>
					<label>$INFO[ListItem.AddonSummary]</label>
				</control>
				<control type="label">
					<top>25</top>
					<left>85</left>
					<width>1060</width>
					<height>70</height>
					<font>font14</font>
					<align>right</align>
					<label>$INFO[ListItem.Label2]</label>
				</control>
			</focusedlayout>
		</control>

	<!--·Panel Right-->
		<control type="group">
			<left>1305</left>
			<top>40</top>
			<visible>true</visible>
			<include>VisibleFadeAnimation</include>
			<control type="image">
				<bottom>500</bottom>
				<left>20</left>
				<width>450</width>
				<height>450</height>
				<aspectratio>keep</aspectratio>
				<texture background="true">$INFO[ListItem.Icon]</texture>
				<fadetime>IconCrossfadeTime</fadetime>
				<bordersize>20</bordersize>
			</control>
			<control type="image">
				<top>490</top>
				<left>40</left>
				<width>410</width>
				<height>450</height>
				<aspectratio>keep</aspectratio>
				<fadetime>IconCrossfadeTime</fadetime>
				<texture diffuse="thumbs/thumb_reflect2.png" flipy="true" background="true">$INFO[ListItem.Icon]</texture>
			</control>
		</control>
		<control type="label">
			<top>560</top>
			<left>1250</left>
			<align>center</align>
			<width>600</width>
			<height>50</height>
			<font>font14</font>
			<scroll>true</scroll>
			<label>$INFO[ListItem.Label]</label>
			<visible>Container.content(addons)</visible>
		</control>
		<control type="textbox">
			<top>615</top>
			<right>65</right>
			<width>570</width>
			<height>220</height>
			<align>justify</align>
			<aligny>top</aligny>
			<wrapmultiline>true</wrapmultiline>
			<autoscroll time="2500" delay="3000" repeat="3000">true</autoscroll>
			<font>font14</font>
			<label>$INFO[ListItem.AddonDescription]</label>
		</control>
		<control type="group">
			<visible>!String.StartsWith(ListItem.Icon,default)</visible>
			<visible>Window.IsVisible(AddonBrowser)</visible>
			<top>100</top>
			<left>1270</left>
			<control type="label">
				<top>760</top>
				<width>600</width>
				<wrapmultiline>true</wrapmultiline>
				<height>80</height>
				<font>font13</font>
				<label>$LOCALIZE[19114]: $INFO[ListItem.AddonVersion]</label>
				<visible>Integer.IsGreater(ListItem.AddonVersion,-1)</visible>
				<animation effect="slide" end="0,50" condition="String.IsEmpty(ListItem.AddonLastUpdated)">Conditional</animation>
			</control>
			<control type="label">
				<top>810</top>
				<width>600</width>
				<wrapmultiline>true</wrapmultiline>
				<height>80</height>
				<font>font13</font>
				<label>$LOCALIZE[24084]: $INFO[ListItem.AddonInstallDate]</label>
				<visible>Integer.IsGreater(ListItem.AddonInstallDate,0)</visible>
				<animation effect="slide" end="0,50" condition="String.IsEmpty(ListItem.AddonLastUpdated)">Conditional</animation>
			</control>
			<control type="label">
				<top>860</top>
				<width>600</width>
				<wrapmultiline>true</wrapmultiline>
				<height>80</height>
				<font>font13</font>
				<label>$LOCALIZE[12014]: $INFO[ListItem.AddonLastUpdated]</label>
				<visible>Integer.IsGreater(ListItem.AddonLastUpdated,0)</visible>
			</control>
		</control>
	</include>

<!-- ·Music List -->
	<include name="MusicList">
		<control type="group">
			<visible>Control.IsVisible(50) + !Window.IsActive(addoninformation) + Window.IsActive(MyMusicNav.xml)</visible>
			<include>FadeAnimation</include>
			<control type="group">
				<left>100</left>
				<top>-95</top>
				<control type="image">
					<top>-100</top>
					<left>-100</left>
					<width>1250</width>
					<height>1300</height>
					<texture colordiffuse="E6FFFFFF" border="40">lists/listpanel_back.png</texture>
					<visible>String.IsEmpty(ListItem.Art(fanart))</visible>
				</control>
				<control type="image">
					<top>-100</top>
					<left>-100</left>
					<width>1250</width>
					<height>1300</height>
					<texture colordiffuse="E6FFFFFF" border="40">lists/listpanel_back_diffuse.png</texture>
					<visible>!String.IsEmpty(ListItem.Art(fanart))</visible>
				</control>
				<control type="image">
					<top>-100</top>
					<bottom>0</bottom>
					<left>1150</left>
					<width>750</width>
					<texture>lists/listpanel_back_right.png</texture>
					<visible>!String.IsEmpty(ListItem.Icon) + String.IsEmpty(ListItem.Art(fanart)</visible>
				</control>
				<control type="image">
					<top>-100</top>
					<bottom>0</bottom>
					<left>1150</left>
					<width>750</width>
					<texture>lists/listpanel_back_right_diff.png</texture>
					<visible>!String.IsEmpty(ListItem.Icon) + !String.IsEmpty(ListItem.Art(fanart)</visible>
				</control>
				<control type="panel" id="50">
					<top>160</top>
					<left>-40</left>
					<width>1180</width>
					<height>970</height>
					<onleft>SetProperty(MediaMenu,True,Home)</onleft>
					<onleft>SetFocus(9050)</onleft>
					<onright condition="Control.IsVisible(95060)">95060</onright>
					<onright condition="!Control.IsVisible(95060) + Control.IsVisible(95061)">95061</onright>
					<onright condition="!Control.IsVisible(95060) + Control.IsVisible(95063)">95063</onright>
					<onright condition="!Control.IsVisible(95060) + !Control.IsVisible(95061)">4400</onright>
					<onup>50</onup>
					<ondown>50</ondown>
					<viewtype label="535">list</viewtype>
					<pagecontrol>95060</pagecontrol>
					<scrolltime tween="quadratic" easing="out">200</scrolltime>
					<itemlayout height="88" width="1140" condition="Container.Content(albums) | Container.Content(songs)">
						<control type="image">
							<left>15</left>
							<top>8</top>
							<width>80</width>
							<height>80</height>
							<aspectratio>keep</aspectratio>
							<texture background="true">$INFO[ListItem.Icon,special://skin/extras/icons/]</texture>
							<colordiffuse>grey2</colordiffuse>
							<visible>!Container.Content(songs) + String.StartsWith(ListItem.Icon,default)</visible>
						</control>
						<control type="image">
							<left>15</left>
							<top>8</top>
							<width>80</width>
							<height>80</height>
							<aspectratio>keep</aspectratio>
							<texture background="true">$INFO[ListItem.Icon]</texture>
							<visible>!Container.Content(songs) + !String.StartsWith(ListItem.Icon,default)</visible>
						</control>
						<control type="label">
							<left>5</left>
							<top>8</top>
							<width>115</width>
							<height>80</height>
							<font>font45caps_title</font>
							<textcolor>grey2</textcolor>
							<align>center</align>
							<label>[B]$INFO[ListItem.Tracknumber][/B]</label>
							<visible>Container.Content(songs)</visible>
						</control>
						<control type="label">
							<left>135</left>
							<width>985</width>
							<height>70</height>
							<font>font28</font>
							<textcolor>grey2</textcolor>
							<label>$VAR[MusicListLabel3Var]</label>
							<animation effect="slide" start="0,0" end="0,25" time="0" condition="String.IsEmpty(ListItem.Artist)">Conditional</animation>
						</control>
						<control type="label">
							<left>135</left>
							<top>50</top>
							<width>810</width>
							<height>60</height>
							<font>font14</font>
							<textcolor>grey3</textcolor>
							<label>$INFO[ListItem.Artist]</label>
						</control>
						<control type="label">
							<left>60</left>
							<width>1060</width>
							<height>70</height>
							<font>font28</font>
							<align>right</align>
							<textcolor>grey2</textcolor>
							<label fallback="• • • •">$VAR[MusicListLabel4Var]</label>
							<visible>!ListItem.IsParentFolder</visible>
						</control>
						<control type="image">
							<left>950</left>
							<top>50</top>
							<width>180</width>
							<height>70</height>
							<aspectratio>keep</aspectratio>
							<colordiffuse>grey3</colordiffuse>
							<texture>flags/rating/0.png</texture>
							<visible>!ListItem.IsParentFolder + ![ListItem.IsPlaying | ListItem.IsSelected] + String.IsEmpty(ListItem.UserRating)</visible>
						</control>
						<control type="image">
							<left>950</left>
							<top>50</top>
							<width>180</width>
							<height>70</height>
							<aspectratio>keep</aspectratio>
							<colordiffuse>$VAR[ThemeLabelColor]</colordiffuse>
							<texture fallback="flags/rating/0.png">$INFO[ListItem.UserRating,flags/rating/,.png]</texture>
							<visible>!ListItem.IsParentFolder + ![ListItem.IsPlaying | ListItem.IsSelected] + !String.IsEmpty(ListItem.UserRating)</visible>
						</control>
						<control type="image">
							<left>950</left>
							<top>50</top>
							<width>180</width>
							<height>70</height>
							<aspectratio>keep</aspectratio>
							<colordiffuse>$VAR[ThemeLabelColor]</colordiffuse>
							<texture fallback="flags/rating/0.png">$INFO[ListItem.UserRating,flags/rating/,.png]</texture>
							<visible>!ListItem.IsParentFolder + [ListItem.IsPlaying | ListItem.IsSelected]</visible>
						</control>
					</itemlayout>
					<focusedlayout height="88" width="1180" condition="Container.Content(albums) | Container.Content(songs)">
						<control type="image">
							<width>1180</width>
							<height>100</height>
							<texture border="4">lists/listselect_fo.png</texture>
							<visible>Control.HasFocus(50)</visible>
							<include>VisibleFadeAnimation</include>
						</control>
						<control type="image">
							<left>15</left>
							<top>8</top>
							<width>80</width>
							<height>80</height>
							<aspectratio>keep</aspectratio>
							<texture background="true">$INFO[ListItem.Icon,special://skin/extras/icons/]</texture>
							<visible>!Container.Content(songs) + String.StartsWith(ListItem.Icon,default)</visible>
						</control>
						<control type="image">
							<left>15</left>
							<top>8</top>
							<width>80</width>
							<height>80</height>
							<aspectratio>keep</aspectratio>
							<texture background="true">$INFO[ListItem.Icon]</texture>
							<visible>!Container.Content(songs) + !String.StartsWith(ListItem.Icon,default)</visible>
						</control>
						<control type="label">
							<left>5</left>
							<top>8</top>
							<width>115</width>
							<height>80</height>
							<font>font45caps_title</font>
							<align>center</align>
							<label>[B]$INFO[ListItem.Tracknumber][/B]</label>
							<visible>Container.Content(songs)</visible>
						</control>
						<control type="label">
							<left>135</left>
							<width>985</width>
							<height>70</height>
							<font>font28</font>
							<label>$VAR[MusicListLabel3Var]</label>
							<animation effect="slide" start="0,0" end="0,25" time="0" condition="String.IsEmpty(ListItem.Artist)">Conditional</animation>
						</control>
						<control type="label">
							<left>135</left>
							<top>50</top>
							<width>810</width>
							<height>60</height>
							<font>font14</font>
							<label>$INFO[ListItem.Artist]</label>
						</control>
						<control type="label">
							<left>60</left>
							<width>1060</width>
							<height>70</height>
							<font>font28</font>
							<align>right</align>
							<label fallback="• • • •">$VAR[MusicListLabel4Var]</label>
							<visible>!ListItem.IsParentFolder</visible>
						</control>
						<control type="image">
							<left>950</left>
							<top>50</top>
							<width>180</width>
							<height>70</height>
							<aspectratio>keep</aspectratio>
							<colordiffuse>$VAR[StarRatingDiffuseVar]</colordiffuse>
							<texture fallback="rating0.png">$INFO[ListItem.UserRating,flags/rating/,.png]</texture>
							<visible>!ListItem.IsParentFolder</visible>
						</control>
					</focusedlayout>
					<itemlayout height="88" width="1140" condition="![Container.Content(albums) | Container.Content(songs) | Container.Content(addons)]">
						<control type="image">
							<left>15</left>
							<top>8</top>
							<width>80</width>
							<height>80</height>
							<aspectratio>keep</aspectratio>
							<texture background="true">$INFO[ListItem.Icon,special://skin/extras/icons/]</texture>
							<colordiffuse>grey2</colordiffuse>
							<visible>String.StartsWith(ListItem.Icon,default)</visible>
						</control>
						<control type="image">
							<left>15</left>
							<top>8</top>
							<width>80</width>
							<height>80</height>
							<aspectratio>keep</aspectratio>
							<texture background="true">$INFO[ListItem.Icon]</texture>
							<visible>!String.StartsWith(ListItem.Icon,default)</visible>
						</control>
						<control type="label">
							<left>135</left>
							<width>1005</width>
							<height>80</height>
							<font>font28</font>
							<textcolor>grey2</textcolor>
							<label>$INFO[ListItem.Label]</label>
						</control>
						<control type="label">
							<left>60</left>
							<width>1005</width>
							<height>80</height>
							<font>font14</font>
							<align>right</align>
							<textcolor>grey2</textcolor>
							<label>$INFO[ListItem.Label2]</label>
						</control>
					</itemlayout>
					<focusedlayout height="88" width="1180" condition="![Container.Content(albums) | Container.Content(songs) | Container.Content(addons)]">
						<control type="image">
							<width>1180</width>
							<height>80</height>
							<texture border="4">lists/listselect_fo.png</texture>
							<visible>Control.HasFocus(50)</visible>
							<include>VisibleFadeAnimation</include>
						</control>
						<control type="image">
							<left>15</left>
							<top>8</top>
							<width>80</width>
							<height>80</height>
							<aspectratio>keep</aspectratio>
							<texture background="true">$INFO[ListItem.Icon,special://skin/extras/icons/]</texture>
							<visible>String.StartsWith(ListItem.Icon,default)</visible>
						</control>
						<control type="image">
							<left>15</left>
							<top>8</top>
							<width>80</width>
							<height>80</height>
							<aspectratio>keep</aspectratio>
							<texture background="true">$INFO[ListItem.Icon]</texture>
							<visible>!String.StartsWith(ListItem.Icon,default)</visible>
						</control>
						<control type="label">
							<left>135</left>
							<width>1005</width>
							<height>80</height>
							<font>font28</font>
							<label>$INFO[ListItem.Label]</label>
						</control>
						<control type="label">
							<left>60</left>
							<width>1005</width>
							<height>80</height>
							<font>font14</font>
							<align>right</align>
							<label>$INFO[ListItem.Label2]</label>
						</control>
					</focusedlayout>
				</control>
				<control type="scrollbar" id="95060">
					<top>140</top>
					<left>1140</left>
					<width>20</width>
					<height>1030</height>
					<onup>95060</onup>
					<ondown>95060</ondown>
					<onleft>50</onleft>
					<onright condition="!Control.IsVisible(615)">4400</onright>
					<onright condition="Control.IsVisible(615)">615</onright>
					<texturesliderbackground colordiffuse="1AFFFFFF">colors/white50.png</texturesliderbackground>
					<texturesliderbar colordiffuse="1AFFFFFF">colors/white.png</texturesliderbar>
					<texturesliderbarfocus colordiffuse="$VAR[ThemeLabelColor]">colors/white.png</texturesliderbarfocus>
					<showonepage>truw</showonepage>
				</control>
			</control>
			<control type="group">
				<left>1296</left>
				<top>155</top>
				<visible>Container.Content(artists) | Container.Content(albums) | Container.Content(songs) | Container.Content() | Container.Content(files) | Container.Content(addons)</visible>
				<control type="image">
					<width>570</width>
					<height>700</height>
					<aspectratio>keep</aspectratio>
					<texture background="true">$INFO[ListItem.Icon]</texture>
					<fadetime>IconCrossfadeTime</fadetime>
					<bordertexture border="20">thumbs/thumb_shadow.png</bordertexture>
					<bordersize>20</bordersize>
				</control>
				<control type="image">
					<top>795</top>
					<width>570</width>
					<height>700</height>
					<aspectratio>keep</aspectratio>
					<fadetime>IconCrossfadeTime</fadetime>
					<texture diffuse="thumbs/thumb_reflect.png" flipy="true" background="true">$INFO[ListItem.Icon]</texture>
				</control>
			</control>
			<control type="group">
				<left>1296</left>
				<top>155</top>
				<visible>Container.Content(genres)</visible>
				<control type="image">
					<width>570</width>
					<height>700</height>
					<aspectratio>keep</aspectratio>
					<texture background="true" fallback="special://skin/extras/musicgenres/default.jpg">$VAR[MusicGenreIconsPathVar]$INFO[ListItem.Label,,.jpg]</texture>
					<fadetime>IconCrossfadeTime</fadetime>
					<bordertexture border="20">thumbs/thumb_shadow.png</bordertexture>
					<bordersize>20</bordersize>
				</control>
				<control type="image">
					<top>795</top>
					<width>570</width>
					<height>700</height>
					<aspectratio>keep</aspectratio>
					<fadetime>IconCrossfadeTime</fadetime>
					<texture diffuse="thumbs/thumb_reflect.png" flipy="true" background="true" fallback="special://skin/extras/musicgenres/default.jpg">$INFO[ListItem.Label,special://skin/extras/musicgenres/,.jpg]</texture>
				</control>
			</control>
			<control type="group" id="8001">
				<left>1280</left>
				<top>-95</top>
				<visible>Container.Content(playlists)</visible>
				<animation effect="fade" time="250">Visible</animation>
				<control type="image">
					<top>180</top>
					<width>570</width>
					<height>955</height>
					<texture colordiffuse="E6FFFFFF" border="40">lists/listpanel_back.png</texture>
				</control>
				<control type="scrollbar" id="95063">
					<left>540</left>
					<top>200</top>
					<width>12</width>
					<height>900</height>
					<onleft>8000</onleft>
					<onright>4400</onright>
					<texturesliderbackground colordiffuse="1AFFFFFF">colors/white50.png</texturesliderbackground>
					<texturesliderbar colordiffuse="1AFFFFFF">colors/white.png</texturesliderbar>
					<texturesliderbarfocus colordiffuse="$VAR[ThemeLabelColor]">colors/white.png</texturesliderbarfocus>
					<showonepage>false</showonepage>
				</control>
				<control type="panel" id="8000">
					<left>26</left>
					<top>180</top>
					<width>516</width>
					<height>840</height>
					<onleft>50</onleft>
					<onright condition="Control.IsVisible(95063)">95063</onright>
					<onright condition="!Control.IsVisible(95063)">4400</onright>
					<viewtype label="535">list</viewtype>
					<pagecontrol>95063</pagecontrol>
					<scrolltime tween="quadratic" easing="out">200</scrolltime>
					<animation effect="fade" start="100" end="0" time="150" condition="Container(8000).IsUpdating">Conditional</animation>
					<itemlayout height="60" width="516">
						<control type="label">
							<width>516</width>
							<height>60</height>
							<font>font14</font>
							<textcolor>grey2</textcolor>
							<textoffsetx>15</textoffsetx>
							<label>$INFO[ListItem.Label]</label>
						</control>
						<control type="label">
							<width>516</width>
							<height>60</height>
							<font>font14</font>
							<align>right</align>
							<textcolor>grey2</textcolor>
							<textoffsetx>15</textoffsetx>
							<label>$INFO[ListItem.Artist]</label>
						</control>
					</itemlayout>
					<focusedlayout height="60" width="516">
						<control type="image">
							<left>5</left>
							<width>506</width>
							<height>60</height>
							<texture border="5">lists/listselect_fo.png</texture>
						</control>
						<control type="label">
							<width>516</width>
							<height>60</height>
							<font>font14</font>
							<textoffsetx>15</textoffsetx>
							<label>$INFO[ListItem.Label]</label>
						</control>
						<control type="label">
							<width>516</width>
							<height>60</height>
							<font>font14</font>
							<align>right</align>
							<textoffsetx>15</textoffsetx>
							<label>$INFO[ListItem.Artist]</label>
						</control>
					</focusedlayout>
					<content target="music" sortby="$VAR[ListSortByVar]" sortorder="ascending">$VAR[ListContentVar]</content>
				</control>
				<control type="group">
					<description>Busy animation</description>
					<visible>Container(8000).IsUpdating</visible>
					<include>SettingsFadeAnimation</include>
					<left>236</left>
					<top>552</top>
					<control type="image">
						<width>96</width>
						<height>96</height>
						<texture colordiffuse="$VAR[ThemeLabelColor]">android/spinner_48_inner_holo.png</texture>
						<aspectratio>keep</aspectratio>
						<animation effect="rotate" start="0" end="360" center="auto" time="2000" loop="true" condition="true">Conditional</animation>
					</control>
					<control type="image">
						<width>96</width>
						<height>96</height>
						<texture colordiffuse="$VAR[ThemeLabelColor]">android/spinner_48_outer_holo.png</texture>
						<aspectratio>keep</aspectratio>
						<animation effect="rotate" start="360" end="0" center="auto" time="2000" loop="true" condition="true">Conditional</animation>
					</control>
				</control>
			</control>
		</control>
	</include>

</includes>