<?xml version='1.0' encoding='UTF-8'?>
<shortcuts>
	<shortcut>
		<defaultID>movies</defaultID>
		<label>342</label>
		<label2>Common Shortcut</label2>
		<icon>DefaultShortcut.png</icon>
		<thumb>special://skin/extras/icons/DefaultMovies.png</thumb>
		<action>ActivateWindow(Videos,videodb://movies/titles/,return)</action>
		<visible>Library.HasContent(movies) + !Skin.HasSetting(hide_moviescategory)</visible>
	</shortcut>
	<shortcut>
		<defaultID>tvshows</defaultID>
		<label> Series</label>
		<label2>Common Shortcut</label2>
		<icon>DefaultShortcut.png</icon>
		<thumb>special://skin/extras/icons/DefaultTVShows.png</thumb>
		<action>ActivateWindow(Videos,videodb://tvshows/titles/,return)</action>
		<visible>Library.HasContent(tvshows) + !Skin.HasSetting(hide_tvshowscategory)</visible>
	</shortcut>
	<shortcut>
		<defaultID>livetv</defaultID>
		<label>Televisión</label>
		<label2>Common Shortcut</label2>
		<icon>DefaultShortcut.png</icon>
		<thumb>special://skin/extras/icons/DefaultAddonPVRClient.png</thumb>
		<action>ActivateWindow(TVChannels)</action>
	</shortcut>
	<shortcut>
		<defaultID />
		<label>Deportes</label>
		<label2>Ítem Personalizado</label2>
		<icon>DefaultShortcut.png</icon>
		<thumb>special://skin/extras/icons/defaultsports.png</thumb>
		<action>noop</action>
	</shortcut>
	<shortcut>
		<defaultID>music</defaultID>
		<label>Música</label>
		<label2>Common Shortcut</label2>
		<icon>DefaultShortcut.png</icon>
		<thumb>special://skin/extras/icons/DefaultPartyMode.png</thumb>
		<action>ActivateWindow(Music,musicdb://artists/,return)</action>
		<visible>Library.HasContent(music) + !Skin.HasSetting(hide_musiccategory)</visible>
	</shortcut>
	<shortcut>
		<defaultID>Search</defaultID>
		<label>Buscar</label>
		<label2>Ítem Personalizado</label2>
		<icon>DefaultShortcut.png</icon>
		<thumb>special://skin/extras/icons/DefaultAddonsSearch.png</thumb>
		<action>RunAddOn(script.globalsearch)</action>
	</shortcut>
	<shortcut>
		<defaultID>libreelec</defaultID>
		<label>LibreELEC</label>
		<label2>Common Shortcut</label2>
		<icon>DefaultShortcut.png</icon>
		<thumb />
		<action>RunAddon(service.libreelec.settings)</action>
		<visible>System.HasAddon(service.libreelec.settings)</visible>
	</shortcut>
	<shortcut>
		<defaultID>coreelec</defaultID>
		<label>CoreELEC</label>
		<label2>Common Shortcut</label2>
		<icon>DefaultShortcut.png</icon>
		<thumb />
		<action>RunAddon(service.coreelec.settings)</action>
		<visible>System.HasAddon(service.coreelec.settings)</visible>
	</shortcut>
</shortcuts>
