<?xml version='1.0' encoding='UTF-8'?>
<shortcuts>
	<shortcut>
		<defaultID />
		<label>Mis listas</label>
		<label2>Ítem Personalizado</label2>
		<icon>DefaultShortcut.png</icon>
		<thumb>special://skin/extras/icons/playlist.png</thumb>
		<action>ActivateWindow(Videos,"M:\\Multimedia\\Música\\.Playlist\\",return)</action>
	</shortcut>
	<shortcut>
		<defaultID>132</defaultID>
		<label>Mis Videoclips</label>
		<label2>Ítem Personalizado</label2>
		<icon>DefaultMusicAlbums.png</icon>
		<thumb>special://skin/extras/icons/video.png</thumb>
		<action>ActivateWindow(Videos,"M:\\Multimedia\\Música\\.Videclips\\",return)</action>
	</shortcut>
	<shortcut>
		<defaultID>10516</defaultID>
		<label>Audioteca</label>
		<label2>Common Shortcut</label2>
		<icon>DefaultShortcut.png</icon>
		<thumb />
		<action>ActivateWindow(Music,musicdb://,return)</action>
	</shortcut>
</shortcuts>
