<?xml version="1.0" encoding="UTF-8"?>
<window>
	<defaultcontrol always="true">50</defaultcontrol>
	<onload>SetProperty(Window.HasSettings,True,Home)</onload>
	<onload>ClearProperty(MediaMenu,Home)</onload>
	<onunload>ClearProperty(MediaMenu,Home)</onunload>
	<onunload>ClearProperty(Window.HasSettings,Home)</onunload>
	<onunload>ClearProperty(Progams.Games,Home)</onunload>
	<views>50,51,55,500</views>
	<menucontrol>9051</menucontrol>
	<controls>
		<include>CommonBackground</include>
		<control type="group">
			<include>OpenClose_Zoom</include>
			<include condition="!Skin.HasSetting(Enable.SlimList)">AddonList</include>
			<include condition="Skin.HasSetting(Enable.SlimList)">SlimList</include>
			<!-- view id = 50 -->
			<include condition="!Skin.HasSetting(Disable.InfoWallView)">AddonInfoWall</include>
			<!-- view id = 51 -->
			<include condition="!Skin.HasSetting(Disable.TriPanelView)">MusicTriPanel</include>
			<!-- view id = 55 -->
			<include condition="!Skin.HasSetting(Disable.ShiftView)">GamesShift</include>
			<!-- view id = 57 -->
			<include condition="!Skin.HasSetting(Disable.IconsView)">AddonIcons</include>
			<!-- view id = 500 -->
		</control>
		<control type="group">
			<visible>Control.IsVisible(54) | Control.IsVisible(57) | Control.IsVisible(500)</visible>
			<visible>!Window.IsActive(addoninformation)</visible>
			<animation effect="slide" tween="cubic" time="720" start="0,806" end="0,0">VisibleChange</animation>
			<animation effect="slide" tween="cubic" time="720" start="0,806" end="0,0">WindowOpen</animation>
			<animation effect="slide" tween="cubic" time="720" end="0,806" start="0,0">WindowClose</animation>
			<top>-30</top>
			<control type="group">
				<visible>Control.IsVisible(54)</visible>
				<control type="group">
					<left>410</left>
					<top>1010</top>
					<control type="label">
						<right>410</right>
						<height>48</height>
						<align>center</align>
						<font>font16_title_bold</font>
						<scroll>true</scroll>
						<label>$INFO[ListItem.Label]</label>
						<textoffsetx>30</textoffsetx>
					</control>
					<control type="label">
						<top>45</top>
						<right>410</right>
						<height>30</height>
						<align>center</align>
						<font>font13_title</font>
						<label>$VAR[FloorLabel2Var]</label>
						<textoffsetx>30</textoffsetx>
					</control>
				</control>
			</control>
			<control type="group">
				<visible>Control.IsVisible(500) | Control.IsVisible(57)</visible>
				<animation effect="slide" start="0" end="40" time="720" tween="cubic" easing="inout" condition="Control.IsVisible(57)">Conditional</animation>
				<animation effect="slide" tween="cubic" time="720" start="0,806" end="0,0">VisibleChange</animation>
				<control type="group">
					<left>90</left>
					<top>1010</top>
					<control type="label">
						<right>680</right>
						<height>48</height>
						<font>font16_title_bold</font>
						<scroll>true</scroll>
						<label>$INFO[ListItem.Label]</label>
						<textoffsetx>30</textoffsetx>
					</control>
					<control type="label">
						<top>45</top>
						<right>330</right>
						<height>30</height>
						<font>font13_title</font>
						<scroll>true</scroll>
						<label>$INFO[ListItem.AddonSummary]</label>
						<textoffsetx>30</textoffsetx>
					</control>
				</control>
				<control type="label">
					<top>1000</top>
					<right>120</right>
					<width>300</width>
					<align>right</align>
					<height>90</height>
					<label>$INFO[ListItem.AddonVersion]</label>
					<font>font35_title_bold</font>
					<wrapmultiline>true</wrapmultiline>
				</control>
			</control>
			<control type="image">
				<top>970</top>
				<width>100%</width>
				<height>140</height>
				<texture border="1">gradient_floor.png</texture>
			</control>
		</control>
		<include condition="!Skin.HasSetting(Disable.ScrollLabel)">ScrollOffsetLabel</include>
		<include>Topbar</include>
		<include>LateralMenu</include>
		<control type="group">
			<left>-440</left>
			<include>SideBladeLeft</include>
			<control type="grouplist" id="9050">
				<include>MediaMenuTop</include>
				<control type="edit" id="19">
					<visible>Container.CanFilter + !Container.CanFilterAdvanced</visible>
					<description>Filter</description>
					<textwidth>345</textwidth>
					<include>ButtonCommonValues</include>
					<label>587</label>
				</control>
				<control type="radiobutton" id="20">
					<visible>Container.CanFilterAdvanced</visible>
					<description>Filter</description>
					<include>ButtonCommonValues</include>
					<label>587</label>
					<onclick>right</onclick>
					<onclick>Filter</onclick>
				</control>
				<control type="button" id="203">
					<description>Actions</description>
					<textwidth>352</textwidth>
					<font>font13_title</font>
					<include>ButtonCommonValues</include>
					<label>31039</label>
					<enable>no</enable>
					<disabledcolor>$VAR[ThemeLabelColor]</disabledcolor>
				</control>
				<control type="button" id="613">
					<description>Get more</description>
					<include>ButtonCommonValues</include>
					<label>$LOCALIZE[21452]</label>
					<onclick>ActivateWindow(addonbrowser,addons://more/game/,return)</onclick>
				</control>
				<control type="button" id="615">
					<description>Settings</description>
					<include>ButtonCommonValues</include>
					<label>10004</label>
					<onclick>ActivateWindow(GameSettings)</onclick>
				</control>
				<control type="button" id="617">
					<description>Add-on settings</description>
					<include>ButtonCommonValues</include>
					<label>$LOCALIZE[10140]</label>
					<onclick>Addon.OpenSettings($INFO[Container.PluginName])</onclick>
					<visible>!String.IsEmpty(Container.PluginName)</visible>
				</control>
			</control>
			<include>MediaMenuPlayerControls</include>
		</control>
	</controls>
</window>