<?xml version="1.0" encoding="UTF-8"?>
<includes>
	<include name="SmallIcons">
		<control type="group">
			<visible>Control.IsVisible(499) + !Window.IsActive(addoninformation)</visible>
			<include>FadeAnimation</include>
			<top>-100</top>
			<control type="image">
				<left>97.5</left>
				<top>138</top>
				<width>1680</width>
				<height>875</height>
				<texture border="40">lists/listpanel_back.png</texture>
			</control>
			<control type="group">
				<top>170</top>
				<control type="panel" id="499">
					<left>127</left>
					<width>1620</width>
					<height>810</height>
					<onright condition="Control.IsVisible(49960)">49960</onright>
					<onright condition="!Control.IsVisible(49960)">SetProperty(MediaMenu,True,Home)</onright>
					<onright condition="!Control.IsVisible(49960)">SetFocus(9050)</onright>
					<onleft>SetProperty(MediaMenu,True,Home)</onleft>
					<onleft>SetFocus(9050)</onleft>
					<onup>499</onup>
					<ondown>499</ondown>
					<pagecontrol>49960</pagecontrol>
					<preloaditems>2</preloaditems>
					<viewtype label="$LOCALIZE[1438] $LOCALIZE[536]">icon</viewtype>
					<scrolltime tween="quadratic" easing="out">300</scrolltime>
					<visible>Container.Content(movies) | Container.Content(sets) | Container.Content(tvshows) | Container.Content(seasons)</visible>
					<itemlayout width="180" height="270">
						<control type="image">
							<width>180</width>
							<height>270</height>
							<aspectratio>stretch</aspectratio>
							<texture background="true">$VAR[PosterThumb]</texture>
							<bordertexture border="2">thumbs/panel_border3.png</bordertexture>
							<bordersize>2</bordersize>
							<colordiffuse>BAffffff</colordiffuse>
						</control>
						<control type="image">
							<left>127</left>
							<top>1</top>
							<width>65</width>
							<height>65</height>
							<texture>$VAR[OverlayVar]</texture>
							<aspectratio align="center" aligny="top">keep</aspectratio>
							<bordersize>1</bordersize>
							<visible>[!String.IsEmpty(Skin.String(499.Movies.DisableOverlay)) + Container.Content(movies)] | [!String.IsEmpty(Skin.String(499.TV.DisableOverlay)) + Container.Content(tvshows)]</visible>
						</control>
						<control type="group">
							<left>8</left>
							<top>8</top>
							<include condition="Skin.HasSetting(Disable.UnwatchedIcon)">UnwatchedIcon</include>
						</control>
					</itemlayout>
					<focusedlayout width="180" height="270">
						<control type="image">
							<width>180</width>
							<height>270</height>
							<aspectratio>stretch</aspectratio>
							<texture background="true">$VAR[PosterThumb]</texture>
							<bordertexture colordiffuse="$VAR[ThemeLabelColor]" border="4">thumbs/thumbnail_focused.png</bordertexture>
							<bordersize>4</bordersize>
						</control>
						<control type="image">
							<left>124</left>
							<top>4</top>
							<width>65</width>
							<height>65</height>
							<texture>$VAR[OverlayVar]</texture>
							<aspectratio align="center" aligny="top">keep</aspectratio>
							<bordersize>2</bordersize>
							<visible>[!String.IsEmpty(Skin.String(499.Movies.DisableOverlay)) + Container.Content(movies)] | [!String.IsEmpty(Skin.String(499.TV.DisableOverlay)) + Container.Content(tvshows)]</visible>
						</control>
						<control type="group">
							<left>8</left>
							<top>8</top>
							<include condition="Skin.HasSetting(Disable.UnwatchedIcon)">UnwatchedIcon</include>
						</control>
					</focusedlayout>
				</control>
				<control type="scrollbar" id="49960">
					<left>1749</left>
					<width>12</width>
					<height>810</height>
					<onleft>50</onleft>
					<onright condition="!Control.IsVisible(615)">SetProperty(MediaMenu,True,Home)</onright>
					<onright condition="!Control.IsVisible(615)">SetFocus(9050)</onright>
					<onright condition="Control.IsVisible(615)">SetFocus(615)</onright>
					<ondown>49960</ondown>
					<onup>49960</onup>
					<showonepage>false</showonepage>
					<texturesliderbackground colordiffuse="1AFFFFFF">colors/white50.png</texturesliderbackground>
					<texturesliderbar colordiffuse="1AFFFFFF">colors/white.png</texturesliderbar>
					<texturesliderbarfocus colordiffuse="$VAR[ThemeLabelColor]">colors/white.png</texturesliderbarfocus>
				</control>
			</control>
			<control type="group">
				<include content="InfoPopup">
					<param name="StudioLabelID">499</param>
				</include>
				<visible>Skin.HasSetting(Enable.SmallIconsInfoPopup) + Control.HasFocus(499) + !ListItem.IsParentFolder</visible>
			</control>
		</control>
	</include>
</includes>