<favourites>
	<favourite name="KodiSpain TV" thumb="special://home/addons\plugin.video.kodispaintv\icon.png">ActivateWindow(10025,&quot;plugin://plugin.video.kodispaintv/?sf_options=fanart%3Dspecial%3A%2F%2Fhome%2Faddons%5Cplugin.video.kodispaintv%5Cfanart.jpg%26meta%3Dlabel%253D%25255BCOLOR%252Bred%25255DKodi%25255B%25252FCOLOR%25255D%25255BCOLOR%252Byellow%25255DSpain%25255B%25252FCOLOR%25255D%25255BCOLOR%252Bred%25255DTV%25255B%25252FCOLOR%25255D%26desc%3DComplemento+de+video+basado+en+LiveStreamsPro%0A%09%09Puedes+seguirme+en+https%3A%2F%2Ft.me%2Fkodispain+y+http%3A%2F%2Fkonectas.es%0A%09%09%09%0A%09%09AVISO+LEGAL%3A%0A%09%09%09%09%09%0A%09%09Este+complemento+no+aloja+ningun+contenido+mostrado.%0A%09%09Todo+el+contenido+se+encuentra+libremente+en+internet.%0A%09%09No+se+acepta+ninguna+responsabilidad+por+el+uso+de+este+addon.%0A%09%09%09%0A%09%09Enjoy%21%26_options_sf&quot;,return)</favourite>
	<favourite name="Fire tv" thumb="special://home/addons\plugin.video.FireTV\icon.gif">ActivateWindow(10025,&quot;plugin://plugin.video.FireTV?sf_options=fanart%3Dspecial%3A%2F%2Fhome%2Faddons%2Fplugin.video.FireTV%2Ffanart.jpg%26meta%3Dlabel%253DFire%252Btv%26desc%3DBasado+en+livestreamspro+-+Original+script+by+shany.%0A%09%09Los+canales+mostrados+se+encuentran+en+internet%2C+nosotros+no+alojamos+dichos+canales%2C+ni+los+transmitimos.+Solo+damos+acceso+a+los+mismos.%0A%09%09Disfruta+del+contenido+TV+de+Espa%C3%B1a+desde+cualquier+parte+del+mundo.%0A%09%09Los+canales+estan+ocultos+por+defecto%2C+si+en+tu+pais+no+es+legal+la+visualizacion+de+estos+canales+por+favor+manten+la+configuracion+por+defecto.%0A%09%09%28Algunos+canales+no+se+encuentran+disponibles+fuera+del+Territorio+Espa%C3%B1ol.+Utilice+una+VPN+Espa%C3%B1ola.%29%26_options_sf&quot;,return)</favourite>
	<favourite name="TV Chopo" thumb="special://home/media/Icons/Addons/TV Chopo.gif">ActivateWindow(10025,&quot;plugin://plugin.video.tvchopo/?fanart=https%3a%2f%2fi.imgur.com%2fP2QxzR4.png&amp;mode=1&amp;name=%5bB%5d%5bLOWERCASE%5d%5bCAPITALIZE%5d%5bCOLOR%20white%5d%20ZONA%20TV%20PREMIUM%20%5b%2fCOLOR%5d%5b%2fCAPITALIZE%5d%5b%2fLOWERCASE%5d%5b%2fB%5d&amp;url=https%3a%2f%2fpastebin.com%2fraw%2fdE6ezcSb%24%24LSProEncKey%3dtvpremium%24%24&amp;sf_options=fanart%3Dspecial%3A%2F%2Fhome%2Fmedia%2FArtwork%2FAddons%2FTV+Chopo.png%26meta%3Dvotes%253D0%2526label%253D%25255BB%25255D%25255BLOWERCASE%25255D%25255BCAPITALIZE%25255D%25255BCOLOR%252Bwhite%25255D%252BZONA%252BTV%252BPREMIUM%252B%25255B%25252FCOLOR%25255D%25255B%25252FCAPITALIZE%25255D%25255B%25252FLOWERCASE%25255D%25255B%25252FB%25255D%2526title%253D%25255BB%25255D%25255BLOWERCASE%25255D%25255BCAPITALIZE%25255D%25255BCOLOR%252Bwhite%25255D%252BZONA%252BTV%252BPREMIUM%252B%25255B%25252FCOLOR%25255D%25255B%25252FCAPITALIZE%25255D%25255B%25252FLOWERCASE%25255D%25255B%25252FB%25255D%26_options_sf&quot;,return)</favourite>
	<favourite name="IberiKa" thumb="special://home/addons\plugin.video.IberiKa\icon.gif">ActivateWindow(10025,&quot;plugin://plugin.video.IberiKa/?sf_options=fanart%3Dspecial%3A%2F%2Fhome%2Faddons%5Cplugin.video.IberiKa%5Cfanart.gif%26meta%3Dlabel%253DIberiKa%26desc%3DTal+como+indica+la+licencia+GPL%2C+cualquier+persona+puede+hacer+el+uso+que+considere+de+mi+trabajo+y+se+incluyen+enlaces+que+proporcionan+diferentes+sitios+Webs.+No+se+admite+ninguna+compensacion+economica+o+derivados.Espero+que+sea+util%2C+un+saludo.%26_options_sf&quot;,return)</favourite>
	<favourite name="Cristal Azul TV" thumb="https://i.imgur.com/yGTsSPk.jpg">ActivateWindow(10025,&quot;plugin://plugin.video.cristalazul/?fanart=https%3a%2f%2fi.imgur.com%2fbg6n3AV.png&amp;mode=1&amp;name=%5bCOLOR%20white%5dTV%20PREMIUM%5b%2fCOLOR%5d&amp;regexs=%7bu%27final%27%3a%20%7b%27expres%27%3a%20u%22%23%24pyFunction%5cndef%20GetLSProData(page_data%2cCookie_Jar%2cm)%3a%5cn%20import%20xbmc%2c%20xbmcaddon%2c%20xbmcgui%5cn%20if%20%27.%27%20in%20%27%24doregex%5bincompatible%5d%27%3a%5cn%20%20%20%20%20dialog%20%3d%20xbmcgui.Dialog()%5cn%20%20%20%20%20dialog.textviewer(%27%5bB%5d%5bCOLOR%20yellow%5dAVISO%20IMPORTANTE%20PARA%20TODOS%20LOS%20USUARIOS!%5b%2fCOLOR%5d%5b%2fB%5d%27%2c%20%27%5bB%5d%5bLOWERCASE%5d%5bCAPITALIZE%5d%5bCOLOR%20white%5dDespues%20de%20comprobar%20que%20el%20Addon%20%5bCOLOR%20gold%5dArmaguedon%20%5c%5cn%5bCOLOR%20white%5dsigue%20copiando%20el%20trabajo%20de%20otros%20addons%2c%20%5bCOLOR%20gold%5dCristal%20Azul%20%20y%20Tvchopo%20%5bCOLOR%20white%5dente%20otros%2c%20%5c%5cnnos%20vemos%20en%20la%20obligacion%20%20de%20hacer%20nuestros%20addons%20INCOMPATIBLES%20con%20el%20suyo.%20%5c%5cnEsto%20quiere%20decir%20que%20Armageddon%20%20no%20puede%20convivir%20en%20un%20mismo%20%5c%5cnkodi%20ni%20con%20Cristal%20azul%20ni%20Tvchopo%20%5c%5cnSentimos%20las%20molestias%20que%20esto%20pueda%20ocasionar%20a%20los%20usuarios%2c%5c%5cnpero%20esto%20ya%20es%20inadmisible%2c%20son%20muchas%20horas%20invertidas%20para%20que%20alguien%20llegue%20%2c%5c%5cncambie%202%20fotos%20y%20se%20apropie%20del%20trabajo%20de%20los%20demas.%5c%5cnCada%20uno%20que%20decida%20que%20usar%20%2csois%20libres%5c%5cnpero%20armageddon%20sera%20incompatible%20con%20los%20otros%202.%5c%5cnPara%20no%20tener%20conflicto%20Nos%20posicionamos%20sobre%20el%20%20addon%5c%5cnque%20queramos%20desinstalar%20Pulsacion%20larga%20sobre%20el%5c%5cnInformacion%20Desinstalar%5c%5cnSi%20elegiis%20Armageddon%20desintalad%20los%20otros%202%5c%5cnSi%20elegiis%20Tvchopo%20o%20Cristal%20Azul%20desinstalad%20armageddon%5b%2fCOLOR%5d%5b%2fCAPITALIZE%5d%5b%2fLOWERCASE%5d%5b%2fB%5d%20%27)%5cn%20else%3a%5cn%20%20%20%20%20return%20%27%24doregex%5bcomecristal%5d%27%5cn%22%2c%20%27name%27%3a%20u%27final%27%2c%20%27page%27%3a%20None%7d%2c%20u%27comecristal%27%3a%20%7b%27expres%27%3a%20u%27%23%24pyFunction%5cndef%20GetLSProData(page_data%2cCookie_Jar%2cm)%3a%5cn%20%20import%20xbmc%5cn%20%20import%20xbmcaddon%5cn%20%20addon%20%3d%20xbmcaddon.Addon(%5c%27plugin.video.cristalazul%5c%27)%5cn%20%20Url%20%3d%20%5c%27link%5b%3a%3a4%5d%20%2b%20url%5b%3a8%5d%20%2b%20Creditos%5b62%3a%5d%20%3d%20http%3a%2f%2fbit.ly%2fsourcecristalazul%5c%27%5cn%20%20grupotelegram%20%3d%20%5c%27http%3a%2f%2ft.me%2faddonfestaycristal%5c%27%5cn%20%20Creditos%20%3d%20%5c%27el_addon_cristalazul_fue_creado_por_el_grupo_festa_para_el_disfrute_en%20familia%2c%20este_addon_es_completamente_gratuito%2cdisfrute_de_la_seccion_de_tv_premium%5c%27%5cn%20%20cristal%20%3d%20%5c%27Tv_cristal_azul_para_todos_gratuita_creada_por_picapau_y_lourdes%5c%27%5cn%20%20info%20%3d%20%5c%27british.true.Build.py%20%257%2f%5c%27%5cn%20%20return%20%20grupotelegram%5b%3a7%5d%20%2b%20info%5b%3a%3a4%5d%20%2b%20cristal%5b%3a2%5d%20%2b%20Creditos%5b146%3a%5d%5cndef%20revist_dag(page_data)%3a%5cn%20%20%20final_url%20%3d%20%5c%27%5c%27%5cn%20%20%20if%20%5c%27127.0.0.1%5c%27%20in%20page_data%3a%5cn%20%20%20%20%20%20%20final_url%20%3d%20re_me(page_data%2c%20%5c%27%26ver_t%3d(%5b%5e%26%5d%2b)%26%5c%27)%20%2b%20%5c%27%20live%3dtrue%20timeout%3d15%20playpath%3d%5c%27%20%2b%20re_me(page_data%2c%20%5c%27%5c%5c%5c%5c%3fy%3d(%5ba-zA-Z0-9-_%5c%5c%5c%5c.%40%5d%2b)%5c%27)%5cn%20%5cn%20%20%20if%20re_me(page_data%2c%20%5c%27token%3d(%5b%5e%26%5d%2b)%26%5c%27)%20!%3d%20%5c%27%5c%27%3a%5cn%20%20%20%20%20%20%20final_url%20%3d%20final_url%20%2b%20%5c%27%3ftoken%3d%5c%27%20%2b%20re_me(page_data%2c%20%5c%27token%3d(%5b%5e%26%5d%2b)%26%5c%27)%5cn%20%20%20elif%20re_me(page_data%2c%20%5c%27wmsAuthSign%253D(%5b%5e%25%26%5d%2b)%5c%27)%20!%3d%20%5c%27%5c%27%3a%5cn%20%20%20%20%20%20%20final_url%20%3d%20re_me(page_data%2c%20%5c%27%26ver_t%3d(%5b%5e%26%5d%2b)%26%5c%27)%20%2b%20%5c%27%3fwmsAuthSign%3d%5c%27%20%2b%20re_me(page_data%2c%20%5c%27wmsAuthSign%253D(%5b%5e%25%26%5d%2b)%5c%27)%20%2b%20%5c%27%3d%3d%2fmp4%3a%5c%27%20%2b%20re_me(page_data%2c%20%5c%27%5c%5c%5c%5c%3fy%3d(%5b%5e%26%5d%2b)%26%5c%27)%5cn%20%20%20else%3a%5cn%20%20%20%20%20%20%20final_url%20%3d%20re_me(page_data%2c%20%5c%27HREF%3d%22(%5b%5e%22%5d%2b)%22%5c%27)%5cn%20%5cn%20%20%20if%20%5c%27dag1.asx%5c%27%20in%20final_url%3a%5cn%20%20%20%20%20%20%20return%20get_dag_url(final_url)%5cn%20%5cn%20%20%20if%20%5c%27devinlivefs.fplive.net%5c%27%20not%20in%20final_url%3a%5cn%20%20%20%20%20%20%20final_url%20%3d%20final_url.replace(%5c%27devinlive%5c%27%2c%20%5c%27flive%5c%27)%5cn%20%20%20if%20%5c%27permlivefs.fplive.net%5c%27%20not%20in%20final_url%3a%5cn%20%20%20%20%20%20%20final_url%20%3d%20final_url.replace(%5c%27permlive%5c%27%2c%20%5c%27flive%5c%27)%5cn%20%20%20return%20%5c%27%5c%27%5cn%27%2c%20%27name%27%3a%20u%27comecristal%27%2c%20%27page%27%3a%20None%7d%2c%20u%27incompatible%27%3a%20%7b%27expres%27%3a%20u%22%23%24pyFunction%5cndef%20GetLSProData(page_data%2cCookie_Jar%2cm)%3a%5cn%20import%20xbmc%2c%20xbmcaddon%2c%20xbmcgui%5cn%20f4m%20%3d%20xbmcaddon.Addon(%27plugin.video.Armageddon%27)%5cn%20version%20%3d%20%20f4m.getAddonInfo(%27version%27)%5cn%20return%20version%5cn%22%2c%20%27name%27%3a%20u%27incompatible%27%2c%20%27page%27%3a%20None%7d%7d&amp;url=%24doregex%5bfinal%5d&amp;sf_options=fanart%3Dspecial%3A%2F%2Fhome%2Fmedia%2FArtwork%2FAddons%2FCRISTAL-AZUL.gif%26meta%3Dplot%253D%25255BCOLOR%252Blightblue%25255DTV%252BPREMIUM%25252C%252B%252527CRISTAL%252BAZUL%252527%25255Cn%25255BCOLOR%252Bwhite%25255D%25255Cn%252522Cristal%252Bazul%252Bs%2525C3%2525B3lo%252Bcontiene%252Bregex%252Bde%252Bwebs%252Bque%252Bse%252Bencuentran%252Ben%252Binternet%25252C%25255Cneste%252Baddon%252Bno%252Bse%252Bapropia%25252C%252Bcopia%25252C%252Bni%252Bdistribuye%252Bcontenido%252Bcon%252Bderechos%252Bde%252Bautor%25252C%25255Cnas%2525C3%2525AD%252Bcomo%252Bno%252Bse%252Blucra%252Bni%252Bse%252Bconsidera%252Bque%252Bsea%252Bprestador%252Bde%252Bservicios%252Bde%252Bintermediaci%2525C3%2525B3n%25252C%25255Cns%2525C3%2525B3lo%252Bda%252Bacesso%252Ba%252B%2525C3%2525A9sas%252Bwebs%25252C%252B%2525C3%2525A9stas%252Bson%252Blas%252Bresponsables%252Bde%252Blos%252Bcontenidos%252522%25255B%25252FCOLOR%25255D%2526votes%253D0%2526label%253D%25255BCOLOR%252Bwhite%25255DTV%252BPREMIUM%25255B%25252FCOLOR%25255D%2526title%253D%25255BCOLOR%252Bwhite%25255DTV%252BPREMIUM%25255B%25252FCOLOR%25255D%26desc%3D%5BCOLOR+lightblue%5DTV+PREMIUM%2C+%27CRISTAL+AZUL%27%0A%5BCOLOR+white%5D%0A%22Cristal+azul+s%C3%B3lo+contiene+regex+de+webs+que+se+encuentran+en+internet%2C%0Aeste+addon+no+se+apropia%2C+copia%2C+ni+distribuye+contenido+con+derechos+de+autor%2C%0Aas%C3%AD+como+no+se+lucra+ni+se+considera+que+sea+prestador+de+servicios+de+intermediaci%C3%B3n%2C%0As%C3%B3lo+da+acesso+a+%C3%A9sas+webs%2C+%C3%A9stas+son+las+responsables+de+los+contenidos%22%5B%2FCOLOR%5D%26_options_sf&quot;,return)</favourite>
	<favourite name="Magellan" thumb="special://home/addons\plugin.video.live.magellan\icon.png">ActivateWindow(10025,&quot;plugin://plugin.video.live.magellan?sf_options=fanart%3Dspecial%3A%2F%2Fhome%2Fmedia%2FArtwork%2FAddons%2FMagellan.png%26meta%3Dlabel%253D%25255BCOLOR%252Byellow%25255DMagellan%25255B%25252FCOLOR%25255D%26desc%3D%5BCOLOR+pink%5DAddon+Magellan+%3A+Todos+os+links+disponibilizados+no+Addon+estao+disponiveis+%0Aem+procura+livre+na+internet..+Enjoy+%21%21%5B%2FCOLOR%5D%26_options_sf&quot;,return)</favourite>
	<favourite name="LimitLess Live TV" thumb="special://home/media/Icons/Addons/LimitLess.png">ActivateWindow(10025,&quot;plugin://plugin.video.limitless/?description=No%20information%20available&amp;fanart=C%3a%5cUsers%5cTHC%5cAppData%5cRoaming%5cKodi%5caddons%5cplugin.video.limitless%5cfanart.jpg&amp;iconimage=http%3a%2f%2fluxurywizard.space%2fxmls%2ficons2%2flivetv.png&amp;mode=get_list&amp;name=%5bCOLOR%20FFffffffff%5d%5bCOLOR%20red%5dLive%20Tv%5b%2fCOLOR%5d%5b%2fCOLOR%5d&amp;url=http%3a%2f%2fluxurywizard.space%2fwen-new1%2flivetv.xml&amp;sf_options=fanart%3Dspecial%3A%2F%2Fhome%2Faddons%5Cplugin.video.limitless%5Cfanart.jpg%26meta%3Dplot%253DNo%252Binformation%252Bavailable%2526votes%253D0%2526label%253D%25255BCOLOR%252BFFffffffff%25255D%25255BCOLOR%252Bred%25255DLive%252BTv%25255B%25252FCOLOR%25255D%25255B%25252FCOLOR%25255D%2526title%253D%25255BCOLOR%252BFFffffffff%25255D%25255BCOLOR%252Bred%25255DLive%252BTv%25255B%25252FCOLOR%25255D%25255B%25252FCOLOR%25255D%26desc%3DNo+information+available%26_options_sf&quot;,return)</favourite>
	<favourite name=" TvTap" thumb="special://home/addons\script.module.tt\icon.png">ActivateWindow(10025,&quot;plugin://script.module.tt?sf_options=fanart%3Dspecial%3A%2F%2Fhome%2Fmedia%2FArtwork%2FAddons%2FTvTap.jpg%26meta%3Dlabel%253D%252BTvTap%26desc%3DTap+Tv+Android+Apk%26_options_sf&quot;,return)</favourite>
	<favourite name="Adriana Europe" thumb="special://home/addons\plugin.video.adrianaeurope\icon.png">ActivateWindow(10025,&quot;plugin://plugin.video.adrianaeurope?sf_options=fanart%3Dspecial%3A%2F%2Fhome%2Faddons%5Cplugin.video.adrianaeurope%5Cfanart.jpg%26meta%3Dlabel%253D%25255BB%25255D%25255BI%25255D%25255BCOLOR%252Bmediumblue%25255DAdriana%252BEurope%25255B%25252FCOLOR%25255D%25255B%25252FI%25255D%25255B%25252FB%25255D%26desc%3D%5DAdriana+Europe+je+KODI+Addon+za+gledanje+live+TV+programa.+Autor+ovog+addona+%28programskog+dodatka%29+nema+nikakav+autorski+materijal+unutar+ovog+addona.+Koristi+linkove+koji+su+dostupni+na+internetu%2C+te+ne+snosi+nikakvu+odgovornost+za+njegovu+upotrebu.%26_options_sf&quot;,return)</favourite>
	<favourite name="TempTV" thumb="special://home/addons\plugin.video.temptv\icon.png">ActivateWindow(10025,&quot;plugin://plugin.video.temptv/?sf_options=fanart%3Dspecial%3A%2F%2Fhome%2Faddons%5Cplugin.video.temptv%5Cfanart.jpg%26meta%3Dlabel%253D%25255BCOLOR%252Bfuchsia%25255DTempTV%25255B%25252FCOLOR%25255D%26desc%3DBeta.+Simple+Free+Light+IPTV+and+1+Click+Movies.%26_options_sf&quot;,return)</favourite>
	<favourite name="The Crew SpainTV" thumb="special://home/media/Icons/Addons/The Crew.png">ActivateWindow(10025,&quot;plugin://plugin.video.thecrew/?action=swiftCat&amp;url=32&amp;sf_options=fanart%3Dspecial%3A%2F%2Fhome%2Faddons%5Cscript.thecrew.artwork%5Cresources%5Cmedia%5Cthecrew%5Cfanart.jpg%26meta%3Dlabel%253DSPAIN%252BTV%26_options_sf&quot;,return)</favourite>
	<favourite name="cCloud TV" thumb="special://home/addons\plugin.video.ccloudtv\icon.png">ActivateWindow(10025,&quot;plugin://plugin.video.ccloudtv/?content_type=video&amp;sf_options=fanart%3Dspecial%3A%2F%2Fhome%2Faddons%5Cplugin.video.ccloudtv%5Cfanart.jpg%26meta%3Dlabel%253DcCloud%252BTV%26desc%3DcCloud+is+an+open+source+cloud+based+social+IPTV+service.+It+is+built+by+the+community+for+the+community%2C+where+streaming+is+just+a+click+away.+Just+click%2C+play+and+stream.+Yes%2C+it%27s+that+simple.+Just+go+to+%5BCOLOR+blue%5Dhttp%3A%2F%2Fccloudtv.org%5B%2FCOLOR%5D+and+enjoy%3A%29+Please+report+any+channels+that+are+down+here+%5BCOLOR+blue%5Dhttp%3A%2F%2Fwww.tiny.cc%2Freportchs%5B%2FCOLOR%5D+Users+can+now+check+servers+status+which+can+be+found+at+%5BCOLOR+blue%5Dhttp%3A%2F%2Fccloudtv.org%2Fstatus%5B%2FCOLOR%5D%26_options_sf&quot;,return)</favourite>
	<favourite name="IVUEcreator" thumb="special://home/addons\plugin.video.IVUEcreator\icon.png">ActivateWindow(10025,&quot;plugin://plugin.video.IVUEcreator?sf_options=fanart%3Dspecial%3A%2F%2Fhome%2Fmedia%2FArtwork%2FAddons%2FIvueCreator.jpg%26meta%3Dlabel%253DIVUEcreator%26desc%3DIntegrate+any+plugin+installed+to+IVUE+guide+easily+and+quickly%26_options_sf&quot;,return)</favourite>
	<favourite name="Playlist Loader" thumb="special://home/addons\plugin.video.playlistLoader\icon.png">ActivateWindow(10025,&quot;plugin://plugin.video.playlistLoader/?sf_options=fanart%3Dspecial%3A%2F%2Fhome%2Fmedia%2FArtwork%2FAddons%2FPlaylist+Loader.jpg%26meta%3Dlabel%253DPlaylist%252BLoader%26desc%3DPlaylist+Loader%26_options_sf&quot;,return)</favourite>
</favourites>