<?xml version="1.0" encoding="UTF-8" standalone="yes"?>
<addon id="plugin.program.favourites.plus" name="Favourites Plus" version="1.0.62" provider-name="spoyser">
  <requires>
    <import addon="xbmc.python" version="2.14.0"/>
    <import addon="script.module.metahandler" optional="true" />
  </requires>
  <extension point="xbmc.python.pluginsource" library="default.py">
  <provides>video executable</provides>
  </extension>
  <extension point="xbmc.service" library="service.py" start="startup" />
  <extension point="xbmc.addon.metadata">
    <summary lang="en">Put all your favourites bits of all your favourites addons into one easy to use addon.</summary>
    <description lang="en">Favourites Plus is a better way of managing your Kodi Favourites.[CR][CR]Virtually any menu item within Kodi can be added to Favourites Plus, even from addons that don't normally provide this feature.[CR][CR]Favourites Plus allows you to better manage your Kodi favourites, including the creation of sub-folders, into which your Kodi favourites can then be copied or moved into.[CR][CR]This allows you to create you own custom addon with just the best bits of your favourite addons. Search your favourite addons, play your favourite music, read your favourite comic strips, select your favourite playlists, browse your favourite movies, listen to your favourite radio stations, watch your favourite cartoons, the possibilities are endless, all from within one easy to use addon.</description>
    <platform>all</platform>
    <language>en</language>
    <license>GNU GENERAL PUBLIC LICENSE. Version 2, June 1991</license>
    <forum>http://forum.xbmc.org/showthread.php?tid=192662</forum>
    <website></website>
    <source>https://github.com/spoyser/spoyser-repo/tree/master/plugin.program.favourites.plus</source>
    <email>seanpoyser at gmail.com</email>
    <news>
1.0.59: 29th May 2017
    - 'Now playing' text now defined by SF due to skin variations
    </news>
  </extension>
  <extension point="kodi.context.item">
    <menu id="kodi.core.main">
      <item library="capture.py">
        <label>$ADDON[plugin.program.favourites.plus 30002]</label>
        <visible>false</visible>
      </item>
      <item library="menu_addtofaves.py">
        <label>$ADDON[plugin.program.favourites.plus 30047]</label>
        <visible>!IsEmpty(Window(Home).Property(SF_STD_ADDTOFAVES_ENABLED)) + !StringCompare(Container.PluginName,plugin.program.favourites.plus)</visible>
      </item>
      <item library="menu_download.py">
        <label>$ADDON[plugin.program.favourites.plus 30259]</label>
        <visible>!IsEmpty(Window(Home).Property(SF_STD_DOWNLOAD_ENABLED)) + Player.IsInternetStream</visible>
      </item>
    </menu>
  </extension>
</addon>