<?xml version="1.0" encoding="UTF-8"?>
<window>
	<defaultcontrol always="true">9000</defaultcontrol>
	<controls>
		<control type="panel" id="50">
			<include>HiddenList</include>
		</control>
		<control type="group">
		    <top>75</top>
		    <height>900</height>
		<animation type="WindowOpen">
			<effect type="zoom" start="150" end="100" center="auto" time="720" tween="cubic" easing="out" />
			<effect type="fade" end="100" time="360" />
		</animation>
		<animation type="WindowClose" reversible="false">
			<effect type="zoom" start="100" end="120" center="auto" time="360" tween="cubic" easing="in" />
			<effect type="fade" end="0" time="200" delay="300"/>
		</animation>
			<top>60</top>
			<control type="group">
				<control type="image">
				    <top>10</top>
					<left>25</left>
					<right>25</right>
					<height>980</height>
					<texture colordiffuse="E6FFFFFF" border="40">lists/listpanel_back.png</texture>
				</control>
				<control type="image">
					<top>-35</top>
					<left>25</left>
					<right>25</right>
					<height>70</height>
					<align>center</align>
					<texture>dialogs/dialog_window_banner.png</texture>
				</control>
				<control type="radiobutton">
					<top>-25</top>
					<left>55</left>
					<width>35</width>
					<height>48</height>
					<radiowidth>48</radiowidth>
					<radioheight>48</radioheight>
					<texturefocus />
					<texturenofocus />
					<label/>
					<textureradioofffocus>icons/scroll-left.png</textureradioofffocus>
					<textureradiooffnofocus colordiffuse="EEFFFFFF">icons/kodi_logo.png</textureradiooffnofocus>
					<textureradioonfocus>icons/scroll-left.png</textureradioonfocus>
					<textureradioonnofocus colordiffuse="EEFFFFFF">icons/kodi_logo.png</textureradioonnofocus>
					<onclick>Action(close)</onclick>
				</control>
				<control type="image">
					<top>40</top>
					<bottom>-85</bottom>
					<left>415</left>
					<width>2</width>
					<texture colordiffuse="$VAR[ThemeLabelColor]">separator_vertical.png</texture>
				</control>
				<control type="image">
					<left>58</left>
					<top>31</top>
					<width>357</width>
					<height>357</height>
					<aspectratio>keep</aspectratio>
					<texture background="true">$INFO[ListItem.Icon]</texture>
					<bordertexture border="1">thumbs/panel_border.png</bordertexture>
					<bordersize>1</bordersize>
				</control>
				<control type="grouplist" id="9000">
					<left>58</left>
					<top>387</top>
					<width>356</width>
					<height>594</height>
					<onleft>60</onleft>
					<onright>60</onright>
					<onup>9000</onup>
					<ondown>9000</ondown>
					<animation effect="slide" end="0,132" condition="Window.IsActive(1112)">Conditional</animation>
					<control type="button" id="9">
						<description>Configure Addon</description>
						<width>356</width>
						<height>66</height>
						<label>24020</label>
						<font>font15</font>
						<visible>!Window.IsActive(1112)</visible>
					</control>
					<control type="button" id="8">
						<description>Update Addon button</description>
						<width>356</width>
						<height>66</height>
						<label>24069</label>
						<font>font15</font>
						<visible>!Window.IsActive(1112)</visible>
					</control>
					<control type="button" id="201">
						<description>Addon news button</description>
						<width>356</width>
						<height>66</height>
						<label>24054</label>
						<font>font15</font>
						<onclick>SetProperty(AddonNews,True,Home)</onclick>
						<onclick>SetProperty(TextViewerHeader,$ESCINFO[ListItem.Label,[B],[/B]],Home)</onclick>
						<onclick>SetProperty(TextViewerSubHeader,$ESCINFO[ListItem.AddonVersion,[I]v,[/I]],Home)</onclick>
						<onclick>SetProperty(TextViewerContent,$ESCINFO[ListItem.AddonNews],Home)</onclick>
						<onclick>ActivateWindow(1112)</onclick>
						<enable>!String.IsEmpty(ListItem.AddonNews)</enable>
						<animation effect="fade" start="100" end="40" time="300" tween="sine" easing="inout" condition="Window.IsActive(1112)">Conditional</animation>
					</control>
					<control type="button" id="200">
						<description>Screenshot button</description>
						<width>356</width>
						<height>66</height>
						<label>$LOCALIZE[1000]</label>
						<font>font15</font>
						<onclick>SetFocus(50)</onclick>
						<onclick>Action(select)</onclick>
						<onclick>SetFocus(9000)</onclick>
						<enable>Integer.IsGreater(Container(50).NumItems,0)</enable>
						<visible>!Window.IsActive(1112)</visible>
					</control>
					<control type="button" id="12">
						<description>Launch Addon button</description>
						<width>356</width>
						<height>66</height>
						<label>518</label>
						<font>font15</font>
						<visible>!Window.IsActive(1112)</visible>
					</control>
					<control type="button" id="6">
						<description>Install/UnInstall Addon button</description>
						<width>356</width>
						<height>66</height>
						<label>24022</label>
						<font>font15</font>
						<visible>!Window.IsActive(1112)</visible>
					</control>
					<control type="button" id="7">
						<description>Enable/Disable Addon button</description>
						<width>356</width>
						<height>66</height>
						<label>24021</label>
						<font>font15</font>
						<visible>!Window.IsActive(1112)</visible>
					</control>
					<control type="radiobutton" id="13">
						<description>Auto Update Addon button</description>
						<width>356</width>
						<height>66</height>
						<label>21340</label>
						<font>font15</font>
						<radioposx>256</radioposx>
						<visible>!Window.IsActive(1112)</visible>
					</control>
					<control type="button" id="10">
						<description>Dependencies button</description>
						<width>356</width>
						<height>66</height>
						<label>39024</label>
						<font>font15</font>
						<visible>!Window.IsActive(1112)</visible>
					</control>
				</control>
			</control>
			<control type="group">
				<left>385</left>
				<visible>!Window.IsActive(TextViewer) + !Window.IsActive(1112)</visible>
				<include>SettingsFadeAnimation</include>
				<control type="grouplist">
					<left>32</left>
					<top>32</top>
					<width>850</width>
					<itemgap>10</itemgap>
					<control type="button">
						<height>45</height>
						<label>[COLOR $VAR[ThemeLabelColor]]$LOCALIZE[21863]: [/COLOR]$INFO[ListItem.AddonCreator]</label>
						<include>SettingsPanelButtonsValues</include>
					</control>
					<control type="button">
						<height>45</height>
						<label>[COLOR $VAR[ThemeLabelColor]]$LOCALIZE[24051] [/COLOR]$INFO[ListItem.AddonVersion]</label>
						<include>SettingsPanelButtonsValues</include>
					</control>
					<control type="button">
						<height>45</height>
						<label>[COLOR $VAR[ThemeLabelColor]]$LOCALIZE[12013]: [/COLOR]$INFO[ListItem.AddonInstallDate]</label>
						<include>SettingsPanelButtonsValues</include>
					</control>
				</control>
				<control type="grouplist">
					<left>900</left>
					<top>32</top>
					<itemgap>10</itemgap>
					<width>570</width>
					<usecontrolcoords>true</usecontrolcoords>
					<control type="button">
						<height>45</height>
						<label>[COLOR $VAR[ThemeLabelColor]]$LOCALIZE[146] [/COLOR]$INFO[ListItem.AddonType]</label>
						<include>SettingsPanelButtonsValues</include>
					</control>
					<control type="button">
						<height>45</height>
						<label>[COLOR $VAR[ThemeLabelColor]]$LOCALIZE[560]: [/COLOR]$INFO[ListItem.Property(Addon.ID)]</label>
						<include>SettingsPanelButtonsValues</include>
					</control>
					<control type="button">
						<height>45</height>
						<label>[COLOR $VAR[ThemeLabelColor]]$LOCALIZE[22031]: [/COLOR]$INFO[ListItem.AddonSize]</label>
						<include>SettingsPanelButtonsValues</include>
						<visible>!String.IsEmpty(ListItem.AddonSize)</visible>
					</control>
				</control>
				<control type="grouplist">
					<left>47</left>
					<top>345</top>
					<usecontrolcoords>true</usecontrolcoords>
					<control type="textbox" id="400">
						<width>1415</width>
						<height>460</height>
						<textcolor>grey2</textcolor>
						<align>justify</align>
						<label>[COLOR $VAR[ThemeLabelColor]]$LOCALIZE[21821]: [/COLOR][CR]$INFO[ListItem.AddonDescription]</label>
						<autoscroll time="3000" delay="4000" repeat="5000">true</autoscroll>
					</control>
				</control>
				<!-- <control type="panel" id="50">
					<left>40</left>
					<top>500</top>
					<width>1470</width>
					<height>280</height>
					<ondown>5000</ondown>
					<onup>9000</onup>
					<orientation>horizontal</orientation>
					<itemlayout height="279" width="490">
						<control type="image">
							<left>-20</left>
							<width>496</width>
							<height>279</height>
							<texture background="true">$INFO[ListItem.Icon]</texture>
							<bordertexture border="20">thumbs/thumb_shadow_aa.png</bordertexture>
							<bordersize>20</bordersize>
						</control>
					</itemlayout>
					<focusedlayout height="279" width="490">
						<control type="image">
							<left>-20</left>
							<width>496</width>
							<height>279</height>
							<texture background="true">$INFO[ListItem.Icon]</texture>
							<bordertexture border="20">thumbs/thumb_shadow_aa.png</bordertexture>
							<bordersize>20</bordersize>
						</control>
					</focusedlayout>
				</control> -->
			</control>
			<control type="image">
				<left>416</left>
				<top>838</top>
				<width>1448</width>
				<height>3</height>
				<texture colordiffuse="$VAR[ThemeLabelColor]">separator_horizontal.png</texture>
				<visible>![Window.IsVisible(AddonSettings) + Window.IsActive(TextViewer)]</visible>
				<visible>!String.IsEmpty(ListItem.AddonBroken) | [!String.IsEmpty(ListItem.AddonDisclaimer) + String.IsEmpty(Window(Home).Property(AddonNews))]</visible>
			</control>
			<control type="group">
				<left>430</left>
				<top>855</top>
				<visible>String.IsEmpty(ListItem.AddonBroken) + !Window.IsActive(1112)</visible>
				<include>SettingsFadeAnimation</include>
				<control type="textbox">
					<width>1415</width>
					<height>130</height>
					<font>font16_textbox_bold</font>
					<textcolor>grey2</textcolor>
					<label>$INFO[ListItem.AddonDisclaimer]</label>
					<visible>!String.IsEmpty(ListItem.AddonDisclaimer)</visible>
					<autoscroll time="3000" delay="4000" repeat="5000">true</autoscroll>
				</control>
			</control>
			<control type="group">
				<left>418</left>
				<top>850</top>
				<include>SettingsFadeAnimation</include>
				<visible>!Window.IsVisible(AddonSettings) + !Window.IsActive(TextViewer) + !Window.IsActive(1112)</visible>
				<visible>!String.IsEmpty(ListItem.AddonBroken)</visible>
				<control type="image">
					<width>130</width>
					<height>130</height>
					<aspectratio align="left">keep</aspectratio>
					<bordertexture border="1">thumbs/panel_border3.png</bordertexture>
					<bordersize>1</bordersize>
					<texture>icons/default/defaulticonerror.png</texture>
					<animation effect="fade" start="100" end="40" time="1500" pulse="true" condition="true">Conditional</animation>
				</control>
				<control type="fadelabel">
					<left>135</left>
					<top>10</top>
					<width>1300</width>
					<height>115</height>
					<aligny>top</aligny>
					<textcolor>$VAR[ThemeLabelColor]</textcolor>
					<textoffsetx>15</textoffsetx>
					<font>font16_title</font>
					<label>$LOCALIZE[24096]</label>
				</control>
				<control type="fadelabel">
					<left>135</left>
					<top>60</top>
					<width>1300</width>
					<height>50</height>
					<textcolor>grey2</textcolor>
					<textoffsetx>15</textoffsetx>
					<font>font15</font>
					<label>$INFO[ListItem.AddonBroken]</label>
				</control>
			</control>
		</control>
	</controls>
</window>