<?xml version="1.0" encoding="UTF-8"?>
<includes>

<!-- WIDGET 1 -->
	<include name="Widget1">
		<control type="group" id="90010">
			<animation effect="fade" start="100" end="0" condition="!String.IsEmpty(Container(9000).ListItem.Property(widgetHide)) + !ControlGroup(90020).HasFocus">Conditional</animation>
			<animation effect="fade" start="100" end="0" condition="!String.IsEmpty(Container(9000).ListItem.Property(widgetPanelInfo.2)) + ControlGroup(90020).HasFocus + !String.Contains(Container(9000).ListItem.Property(widgetStyle.2),List)">Conditional</animation>
			<animation effect="fade" start="100" end="0" condition="!String.IsEmpty(Container(9000).ListItem.Property(widgetLiveTV)) + [PVR.HasNonRecordingTimer | PVR.IsRecording] + !ControlGroup(90020).HasFocus | Player.HasMedia + !ControlGroup(90010).HasFocus" >Conditional</animation>
			<visible>!String.IsEmpty(Container(9000).ListItem.Property(widgetType))</visible>
			<include>OpenClose_Zoom</include>
			<include>skinshortcuts-template-widget1</include>
			<animation effect="slide" end="0,-120" condition="!String.IsEqual(Skin.String(MainMenu.Layout),$LOCALIZE[31994])">Conditional</animation>
		</control>
	</include>

<!-- WIDGET 2 -->
	<include name="Widget2">
		<control type="group" id="90020">
			<animation effect="fade" start="100" end="0" condition="!String.IsEmpty(Container(9000).ListItem.Property(widgetHide.2)) + !ControlGroup(90010).HasFocus">Conditional</animation>
			<animation effect="fade" start="100" end="0" condition="!String.IsEmpty(Container(9000).ListItem.Property(widgetPanelInfo)) + ControlGroup(90010).HasFocus + !String.Contains(Container(9000).ListItem.Property(widgetStyle),List)">Conditional</animation>
			<visible>!String.IsEmpty(Container(9000).ListItem.Property(widgetType.2))</visible>
			<include>OpenClose_Zoom</include>
			<include>skinshortcuts-template-widget2</include>
			<animation effect="slide" end="0,640" condition="!String.IsEqual(Skin.String(MainMenu.Layout),$LOCALIZE[31994])">Conditional</animation>
		</control>
	</include>

	<include name="HomeWidgetFade">
		<animation effect="fade" end="95" condition="String.IsEqual(Skin.String(Widget.Trans),95)">Conditional</animation>
		<animation effect="fade" end="90" condition="String.IsEqual(Skin.String(Widget.Trans),90)">Conditional</animation>
		<animation effect="fade" end="85" condition="String.IsEqual(Skin.String(Widget.Trans),85)">Conditional</animation>
		<animation effect="fade" end="80" condition="String.IsEqual(Skin.String(Widget.Trans),80)">Conditional</animation>
		<animation effect="fade" end="75" condition="String.IsEqual(Skin.String(Widget.Trans),75)">Conditional</animation>
		<animation effect="fade" end="70" condition="String.IsEqual(Skin.String(Widget.Trans),70)">Conditional</animation>
		<animation effect="fade" end="65" condition="String.IsEqual(Skin.String(Widget.Trans),65)">Conditional</animation>
		<animation effect="fade" end="60" condition="String.IsEqual(Skin.String(Widget.Trans),60)">Conditional</animation>
		<animation effect="fade" end="55" condition="String.IsEqual(Skin.String(Widget.Trans),55)">Conditional</animation>
		<animation effect="fade" end="50" condition="String.IsEqual(Skin.String(Widget.Trans),50)">Conditional</animation>
	</include>

<!-- WIDGET Info -->
	<include name="InfoTextContent">    
		<control type="group">
			<top>-800</top>
			<left>$PARAM[left]</left>
			<width>$PARAM[width]</width>
			<height>300</height>
			<itemgap>10</itemgap>
			<animation effect="slide" end="0,1550" condition="!String.IsEmpty(Container(9000).ListItem.Property(widgetPanelInfo)) + ControlGroup(90010).HasFocus + !String.Contains(Container(9000).ListItem.Property(widgetStyle),List)">Conditional</animation>
			<!-- Title -->
			<control type="label">
				<width>$PARAM[width]</width>
				<height>27</height>
				<font>font16_title</font>
				<textcolor>lightblue</textcolor>
				<shadowcolor>shadow</shadowcolor>
				<scroll>true</scroll>
				<label>$VAR[HomeWidgetInfoTitleVar]</label>
			</control>

		<!-- Info -->
			<control type="label">
				<top>40</top>
				<width>$PARAM[width]</width>
				<height>27</height>
				<font>font14</font>
				<textcolor>white2</textcolor>
				<shadowcolor>shadow</shadowcolor>
				<label>($INFO[ListItem.Year])</label>
			</control>
			<control type="label" id="7000">
				<top>40</top>
				<left>120</left>
				<width>$PARAM[width]</width>
				<height>27</height>
				<font>font14</font>
				<textcolor>white2</textcolor>
				<shadowcolor>shadow</shadowcolor>
				<label>$VAR[HomeWidgetInfo2Var]</label>
			</control>
			<control type="label">
				<top>75</top>
				<left>150</left>
				<width>210</width>
				<height>32</height>
				<font>font13</font>
				<textcolor>grey2</textcolor>
				<label>$LOCALIZE[563]: $INFO[ListItem.Rating]</label>
				<visible>Integer.IsGreater(ListItem.Rating,0)</visible>
			</control>
			<control type="image">
				<top>75</top>
				<width>133</width>
				<height>32</height>
				<aspectratio>keep</aspectratio>
				<texture>$INFO[ListItem.Rating,flags/rating/,.png]</texture>
			</control>
			<control type="label">
				<top>75</top>
				<left>200</left>
				<width>$PARAM[width]</width>
				<height>27</height>
				<font>font14</font>
				<textcolor>white2</textcolor>
				<shadowcolor>shadow</shadowcolor>
				<label>$INFO[ListItem.Duration]</label>
			</control>

			<!-- Plot -->
			<control type="textbox">
				<top>110</top>
				<width>$PARAM[width]</width>
				<height>220</height>
				<font>font14_textbox</font>
				<align>justify</align>
				<textcolor>white2</textcolor>
				<shadowcolor>shadow</shadowcolor>
				<autoscroll time="3000" delay="6000" repeat="5000">!Skin.HasSetting(Disable.AutoScroll)</autoscroll>
				<label>$VAR[HomeWidgetInfoPlotVar]</label>
			</control>

		</control>
	</include>

<!-- WIDGET Info Art -->
	<include name="InfoPosterContent">
		<control type="group">
		    <top>-800</top>
			<animation effect="slide" end="0,1550" condition="!String.IsEmpty(Container(9000).ListItem.Property(widgetPanelInfo)) + ControlGroup(90010).HasFocus + !String.Contains(Container(9000).ListItem.Property(widgetStyle),List)">Conditional</animation>
			<control type="image">
				<width>200</width>
				<height>300</height>
				<fadetime>IconCrossfadeTime</fadetime>
				<texture background="true" diffuse="thumbs/movieposter_mask.png"  fallback="homewidgets/defaultmovies_poster.png">$VAR[HomeWidgetPosterVar]</texture>
			</control>
			<control type="image">
				<left>-30</left>
				<top>-45</top>
				<width>260</width>
				<height>390</height>
				<texture background="true">$VAR[HomeWidgetInfoCaseVar]</texture>
				<fadetime>IconCrossfadeTime</fadetime>
				<animation effect="slide" end="0,-11" condition="String.IsEqual(Skin.String(Widget.CaseInfo),Case) | [ControlGroup(90010).HasFocus + String.IsEqual(Container(9000).ListItem.Property(widgetCase),Case) + String.IsEqual(Skin.String(Widget.CaseInfo),Match widget panel)] | [ControlGroup(90020).HasFocus + String.IsEqual(Container(9000).ListItem.Property(widgetCase.2),Case) + String.IsEqual(Skin.String(Widget.CaseInfo),Match widget panel)]">Conditional</animation>
				<animation effect="zoom" end="80" center="auto" condition="[String.IsEqual(Skin.String(Widget.CaseInfo),Glass) | [ControlGroup(90010).HasFocus + String.IsEqual(Container(9000).ListItem.Property(widgetCase),Glass) + String.IsEqual(Skin.String(Widget.CaseInfo),Match widget panel)] | [ControlGroup(90020).HasFocus + String.IsEqual(Container(9000).ListItem.Property(widgetCase.2),Glass) + String.IsEqual(Skin.String(Widget.CaseInfo),Match widget panel)]] | [String.IsEqual(Skin.String(Widget.CaseInfo),Clear Case) | [ControlGroup(90010).HasFocus + String.IsEqual(Container(9000).ListItem.Property(widgetCase),Clear Case) + String.IsEqual(Skin.String(Widget.CaseInfo),Match widget panel)] | [ControlGroup(90020).HasFocus + String.IsEqual(Container(9000).ListItem.Property(widgetCase.2),Clear Case) + String.IsEqual(Skin.String(Widget.CaseInfo),Match widget panel)]]">Conditional</animation>
			</control>
		</control>
	</include>
	<include name="InfoSquareContent">
		<control type="multiimage">
			<width>310</width>
			<height>310</height>
			<aspectratio aligny="$PARAM[Align]">$PARAM[Aspect]</aspectratio>
			<imagepath background="true">$VAR[HomeWidgetPosterVar]</imagepath>
			<timeperimage>70</timeperimage>
			<fadetime>1</fadetime>
			<randomize>false</randomize>
			<animation effect="zoom" end="95" center="auto" condition="[String.IsEqual(Skin.String(Widget.CaseInfo),Glass) | [ControlGroup(90010).HasFocus + String.IsEqual(Container(9000).ListItem.Property(widgetCase),Glass) + String.IsEqual(Skin.String(Widget.CaseInfo),Match widget panel)] | [ControlGroup(90020).HasFocus + String.IsEqual(Container(9000).ListItem.Property(widgetCase.2),Glass) + String.IsEqual(Skin.String(Widget.CaseInfo),Match widget panel)]] | [String.IsEqual(Skin.String(Widget.CaseInfo),Clear Case) | [ControlGroup(90010).HasFocus + String.IsEqual(Container(9000).ListItem.Property(widgetCase),Clear Case) + String.IsEqual(Skin.String(Widget.CaseInfo),Match widget panel)] | [ControlGroup(90020).HasFocus + String.IsEqual(Container(9000).ListItem.Property(widgetCase.2),Clear Case) + String.IsEqual(Skin.String(Widget.CaseInfo),Match widget panel)]]">Conditional</animation>
			<animation type="Conditional" condition="String.IsEqual(Skin.String(Widget.CaseInfo),Case) | [ControlGroup(90010).HasFocus + String.IsEqual(Container(9000).ListItem.Property(widgetCase),Case) + String.IsEqual(Skin.String(Widget.CaseInfo),Match widget panel)] | [ControlGroup(90020).HasFocus + String.IsEqual(Container(9000).ListItem.Property(widgetCase.2),Case) + String.IsEqual(Skin.String(Widget.CaseInfo),Match widget panel)]">
				<effect type="zoom" end="90" center="auto" />
				<effect type="slide" end="12" />
			</animation>
		</control>
		<control type="image">
			<width>310</width>
			<height>310</height>
			<texture background="true">$VAR[HomeWidgetInfoCaseVar]</texture>
			<fadetime>IconCrossfadeTime</fadetime>
			<visible>!String.IsEmpty(Skin.String(Widget.CaseInfo))</visible>
		</control>
	</include>
	<!-- List WIDGETS -->
	<!-- List Artwork -->
	<include name="ListPortraitArt">
		<control type="group">
			<include condition="!String.IsEmpty(Skin.String(Widget.Trans))">HomeWidgetFade</include>
			<control type="image">
				<left>$PARAM[leftArt]</left>
				<top>$PARAM[topArt]</top>
				<width>$PARAM[widthArt]</width>
				<height>$PARAM[heightArt]</height>
				<aspectratio aligny="$PARAM[Aligny]">$PARAM[Aspect]</aspectratio>
				<texture fallback="homewidgets/defaultmovies_poster.png">$PARAM[Texture]</texture>
			</control>
			<control type="image">
				<left>$PARAM[leftCase]</left>
				<top>$PARAM[topCase]</top>
				<width>$PARAM[widthCase]</width>
				<height>$PARAM[heightCase]</height>
				<texture>$PARAM[Case]</texture>
				<visible>$PARAM[caseVisible]</visible>
			</control>
		</control>
	</include>
	<include name="ListSquareArt">
		<control type="group">
			<include condition="!String.IsEmpty(Skin.String(Widget.Trans))">HomeWidgetFade</include>
			<control type="image">
				<left>$PARAM[leftArt]</left>
				<top>$PARAM[topArt]</top>
				<width>$PARAM[widthArt]</width>
				<height>$PARAM[heightArt]</height>
				<aspectratio aligny="$PARAM[Aligny]">$PARAM[Aspect]</aspectratio>
				<texture fallback="special://skin/extras/icons/defaultmovies.png">$PARAM[Texture]</texture>
				<visible>!$PARAM[fallbackVisible]</visible>
			</control>
			<control type="image">
				<left>$PARAM[leftArt]</left>
				<top>$PARAM[topFakeDiscArt]</top>
				<width>$PARAM[widthArt]</width>
				<height>$PARAM[widthArt]</height>
				<aspectratio aligny="top" scalediffuse="false">scale</aspectratio>
				<texture diffuse="homewidgets/cdart-mask.png" fallback="special://skin/extras/icons/defaultmusicalbums.png">$INFO[Container.ListItem.Art(thumb)]</texture>
				<visible>$PARAM[fallbackVisible]</visible>
			</control>
			<control type="image">
				<left>$PARAM[leftArt]</left>
				<top>$PARAM[topArt]</top>
				<width>$PARAM[widthArt]</width>
				<height>$PARAM[heightArt]</height>
				<aspectratio>$PARAM[Aspect]</aspectratio>
				<texture>homewidgets/cdarttop.png</texture>
				<visible>$PARAM[fallbackVisible]</visible>
			</control>
			<control type="image">
				<left>$PARAM[leftArt]</left>
				<top>$PARAM[topArt]</top>
				<width>$PARAM[widthArt]</width>
				<height>$PARAM[heightArt]</height>
				<aspectratio>$PARAM[Aspect]</aspectratio>
				<texture>$VAR[HomeWidgetFakeDiscArtVar]</texture>
				<visible>$PARAM[fallbackVisible]</visible>
			</control>
			<control type="image">
				<left>$PARAM[leftCase]</left>
				<top>$PARAM[topCase]</top>
				<width>$PARAM[widthCase]</width>
				<height>$PARAM[heightCase]</height>
				<texture>$PARAM[Case]</texture>
			</control>
		</control>
	</include>
	<include name="ListLandscapeArt">
		<control type="group">
			<include condition="!String.IsEmpty(Skin.String(Widget.Trans))">HomeWidgetFade</include>
			<control type="image">
				<left>$PARAM[leftArt]</left>
				<top>$PARAM[topArt]</top>
				<width>$PARAM[widthArt]</width>
				<height>$PARAM[heightArt]</height>
				<aspectratio aligny="$PARAM[Aligny]">$PARAM[Aspect]</aspectratio>
				<texture fallback="homewidgets/defaultmovies_landscape.png">$PARAM[Texture]</texture>
				<visible>![$PARAM[fallbackVisible]]</visible>
			</control>
			<control type="label">
				<left>$PARAM[leftArt]</left>
				<top>-300</top>
				<width>$PARAM[widthArt]</width>
				<height>$PARAM[heightArt]</height>
				<align>center</align>
				<textoffsetx>7</textoffsetx>
				<font>$PARAM[fallbackFont]</font>
				<shadowcolor>shadow</shadowcolor>
				<label>$PARAM[Title2]</label>
				<visible>$PARAM[fallbackVisible]</visible>
			</control>
			<control type="image">
				<left>$PARAM[leftCase]</left>
				<top>$PARAM[topCase]</top>
				<width>$PARAM[widthCase]</width>
				<height>$PARAM[heightCase]</height>
				<texture>$PARAM[Case]</texture>
				<visible>$PARAM[caseVisible]</visible>
			</control>
		</control>
	</include>
	<!-- List Container Content -->
	<include name="ListBannerArt">
		<itemlayout width="300" height="61">
			<control type="group">
				<include condition="!String.IsEmpty(Skin.String(Widget.Trans))">HomeWidgetFade</include>
				<control type="image">
					<left>$PARAM[leftArt]</left>
					<top>$PARAM[topArt]</top>
					<width>$PARAM[widthArt]</width>
					<height>$PARAM[heightArt]</height>
					<aspectratio>stretch</aspectratio>
					<texture>$VAR[HomeWidgetBannerVar]</texture>
				</control>
				<control type="image">
					<left>$PARAM[leftArt]</left>
					<top>$PARAM[topArt]</top>
					<width>$PARAM[widthArt]</width>
					<height>$PARAM[heightArt]</height>
					<aspectratio aligny="top">scale</aspectratio>
					<texture fallback="homewidgets/defaultmovies_banner.png">$VAR[HomeWidgetFanArtVar]</texture>
					<visible>String.IsEmpty(ListItem.Art(banner)) + String.IsEmpty(ListItem.Art(tvshow.banner))</visible>
				</control>
				<control type="image">
					<left>$PARAM[leftArt]</left>
					<top>$PARAM[topArt]</top>
					<width>$PARAM[widthArt]</width>
					<height>$PARAM[heightArt]</height>
					<aspectratio>keep</aspectratio>
					<texture>$VAR[HomeWidgetClearLogoVar]</texture>
					<visible>String.IsEmpty(ListItem.Art(banner)) + String.IsEmpty(ListItem.Art(tvshow.banner))</visible>
				</control>
				<control type="label">
					<left>$PARAM[leftArt]</left>
					<top>$PARAM[topArt]</top>
					<width>$PARAM[widthArt]</width>
					<height>$PARAM[heightArt]</height>
					<align>center</align>
					<textoffsetx>7</textoffsetx>
					<font>$PARAM[fallbackFont]</font>
					<shadowcolor>shadow</shadowcolor>
					<label>$VAR[HomeWidgetTitle2Var]</label>
					<visible>String.IsEmpty(ListItem.Art(banner)) + String.IsEmpty(ListItem.Art(tvshow.banner)) + String.IsEmpty(ListItem.Art(clearlogo)) + String.IsEmpty(ListItem.Art(tvshow.clearlogo))</visible>
				</control>
				<control type="image">
					<left>$PARAM[leftCase]</left>
					<top>$PARAM[topCase]</top>
					<width>$PARAM[widthCase]</width>
					<height>$PARAM[heightCase]</height>
					<texture>$PARAM[Case]</texture>
				</control>
			</control>
		</itemlayout>
		<focusedlayout width="300" height="61">
			<control type="group">
				<animation type="Focus" reversible="false">
					<effect type="zoom" start="95" end="100" time="300" tween="sine" easing="inout" center="auto" />
				</animation>
				<control type="image">
					<left>$PARAM[leftArt]</left>
					<top>$PARAM[topArt]</top>
					<width>$PARAM[widthArt]</width>
					<height>$PARAM[heightArt]</height>
					<aspectratio>stretch</aspectratio>
					<texture>$VAR[HomeWidgetBannerVar]</texture>
				</control>
				<control type="image">
					<left>$PARAM[leftArt]</left>
					<top>$PARAM[topArt]</top>
					<width>$PARAM[widthArt]</width>
					<height>$PARAM[heightArt]</height>
					<aspectratio aligny="top">scale</aspectratio>
					<texture fallback="homewidgets/defaultmovies_banner.png">$VAR[HomeWidgetFanArtVar]</texture>
					<visible>String.IsEmpty(ListItem.Art(banner)) + String.IsEmpty(ListItem.Art(tvshow.banner))</visible>
				</control>
				<control type="image">
					<left>$PARAM[leftArt]</left>
					<top>$PARAM[topArt]</top>
					<width>$PARAM[widthArt]</width>
					<height>$PARAM[heightArt]</height>
					<aspectratio>keep</aspectratio>
					<texture>$VAR[HomeWidgetClearLogoVar]</texture>
					<visible>String.IsEmpty(ListItem.Art(banner)) + String.IsEmpty(ListItem.Art(tvshow.banner))</visible>
				</control>
				<control type="label">
					<left>$PARAM[leftArt]</left>
					<top>$PARAM[topArt]</top>
					<width>$PARAM[widthArt]</width>
					<height>$PARAM[heightArt]</height>
					<align>center</align>
					<textoffsetx>7</textoffsetx>
					<font>$PARAM[fallbackFont]</font>
					<shadowcolor>shadow</shadowcolor>
					<label>$VAR[HomeWidgetTitle2Var]</label>
					<visible>String.IsEmpty(ListItem.Art(banner)) + String.IsEmpty(ListItem.Art(tvshow.banner)) + String.IsEmpty(ListItem.Art(clearlogo)) + String.IsEmpty(ListItem.Art(tvshow.clearlogo))</visible>
				</control>
				<control type="image">
					<left>$PARAM[leftArt]</left>
					<top>$PARAM[topArt]</top>
					<width>$PARAM[widthArt]</width>
					<height>$PARAM[heightArt]</height>
					<texture colordiffuse="$VAR[WidgetHighlightBarColor]" border="4">lists/listselect_fo.png</texture>
					<visible>Control.HasFocus($PARAM[id])</visible>
				</control>
				<control type="image">
					<left>$PARAM[leftCase]</left>
					<top>$PARAM[topCase]</top>
					<width>$PARAM[widthCase]</width>
					<height>$PARAM[heightCase]</height>
					<texture>$PARAM[Case]</texture>
				</control>
			</control>
		</focusedlayout>
	</include>
	<include name="List">
		<itemlayout height="50" width="300">
			<control type="group">
				<include condition="!String.IsEmpty(Skin.String(Widget.Trans))">HomeWidgetFade</include>
				<control type="label">
					<width>300</width>
					<height>50</height>
					<font>font12</font>
					<textoffsetx>15</textoffsetx>
					<shadowcolor>shadow</shadowcolor>
					<label>$INFO[ListItem.Label]</label>
				</control>
			</control>
		</itemlayout>
		<focusedlayout height="50" width="300">
			<control type="image">
				<width>300</width>
				<height>50</height>
				<texture colordiffuse="$VAR[WidgetHighlightBarColor]" border="5">lists/listselect_fo.png</texture>
				<visible>Control.HasFocus($PARAM[id])</visible>
			</control>
			<control type="label">
				<width>300</width>
				<height>50</height>
				<font>font12</font>
				<textoffsetx>15</textoffsetx>
				<shadowcolor>shadow</shadowcolor>
				<label>$INFO[ListItem.Label]</label>
			</control>
		</focusedlayout>
	</include>
	<include name="ListSystem">
		<itemlayout height="50" width="300">
			<control type="group">
				<include condition="!String.IsEmpty(Skin.String(Widget.Trans))">HomeWidgetFade</include>
				<control type="image">
					<left>5</left>
					<top>5</top>
					<width>40</width>
					<height>40</height>
					<texture>$INFO[ListItem.Icon]</texture>
				</control>
				<control type="label">
					<left>40</left>
					<width>260</width>
					<height>50</height>
					<font>font12</font>
					<textoffsetx>15</textoffsetx>
					<shadowcolor>shadow</shadowcolor>
					<label>$INFO[ListItem.Label2]</label>
				</control>
			</control>
		</itemlayout>
		<focusedlayout height="50" width="300">
			<control type="image">
				<width>300</width>
				<height>50</height>
				<texture colordiffuse="$VAR[WidgetHighlightBarColor]" border="5">lists/listselect_fo.png</texture>
				<visible>Control.HasFocus($PARAM[id])</visible>
			</control>
			<control type="image">
				<left>5</left>
				<top>5</top>
				<width>40</width>
				<height>40</height>
				<texture>$INFO[ListItem.Icon]</texture>
			</control>
			<control type="label">
				<left>40</left>
				<width>240</width>
				<height>50</height>
				<font>font12</font>
				<textoffsetx>15</textoffsetx>
				<shadowcolor>shadow</shadowcolor>
				<label>$INFO[ListItem.Label2]</label>
			</control>
		</focusedlayout>
	</include>
	<!-- Panel WIDGETS -->
	<!-- Title Labels -->
	<include name="PanelLabel">
		<control type="group">
			<visible>!String.IsEqual(Skin.String(MainMenu.Layout),vertical)</visible>
			<control type="label">
				<top>-30</top>
				<left>40</left>
				<width>$PARAM[labelWidth]</width>
				<height>auto</height>
				<align>left</align>
				<font>font13_title</font>
				<shadowcolor>black</shadowcolor>
				<label>$PARAM[Label]</label>
				<visible>![Control.HasFocus($PARAM[id]) + $PARAM[labelTitle]]</visible>
			</control>
			<control type="label">
				<top>$PARAM[labelBottom]</top>
				<centerleft>50%</centerleft>
				<width>$PARAM[labelWidth]</width>
				<height>auto</height>
				<align>center</align>
				<font>font13_title</font>
				<shadowcolor>black</shadowcolor>
				<label>$PARAM[Title]</label>
				<visible>Control.HasFocus($PARAM[id]) + $PARAM[labelTitle]</visible>
			</control>
		</control>
		<control type="group">
			<visible>String.IsEqual(Skin.String(MainMenu.Layout),vertical)</visible>
			<control type="label">
				<left>$PARAM[labelLeft]</left>
				<top>$PARAM[labelBottom]</top>
				<width>$PARAM[labelWidth]</width>
				<height>auto</height>
				<font>font13_title</font>
				<shadowcolor>black</shadowcolor>
				<label>$PARAM[Label]</label>
				<visible>![Control.HasFocus($PARAM[id]) + $PARAM[labelTitle]]</visible>
			</control>
			<control type="label">
				<left>$PARAM[labelLeft]</left>
				<top>$PARAM[labelBottom]</top>
				<width>$PARAM[labelWidth]</width>
				<height>auto</height>
				<font>font13_title</font>
				<shadowcolor>black</shadowcolor>
				<label>$PARAM[Title]</label>
				<visible>Control.HasFocus($PARAM[id]) + $PARAM[labelTitle]</visible>
			</control>
		</control>
	</include>
	<!-- Panel Container Content -->
	<include name="PortraitArt">
		<itemlayout width="$PARAM[containerWidth]" height="$PARAM[containerHeight]">
			<control type="group">
				<include condition="!String.IsEmpty(Skin.String(Widget.Trans))">HomeWidgetFade</include>
				<control type="group">
					<left>$PARAM[leftArt]</left>
					<control type="image">
						<top>$PARAM[topArt]</top>
						<width>$PARAM[widthArt]</width>
						<height>$PARAM[heightArt]</height>
						<aspectratio aligny="$PARAM[Aligny]">$PARAM[Aspect]</aspectratio>
						<texture fallback="homewidgets/defaultmovies_poster.png">$PARAM[Texture]</texture>
					</control>
					<control type="group">
						<visible>$PARAM[labelVisible]</visible>
						<control type="image">
							<top>$PARAM[topArt]</top>
							<width>$PARAM[widthArt]</width>
							<height>$PARAM[heightArt]</height>
							<texture>homewidgets/label_back_poster.png</texture>
						</control>
						<control type="label">
							<top>$PARAM[topArt]r</top>
							<width>$PARAM[widthArt]</width>
							<height>$PARAM[labelHeight]</height>
							<align>center</align>
							<textoffsetx>7</textoffsetx>
							<font>$PARAM[labelFont]</font>
							<textcolor>lightgrey</textcolor>
							<label>$VAR[HomeWidgetTitleVar]</label>
						</control>
					</control>
				</control>
				<control type="image">
					<left>$PARAM[leftCase]</left>
					<top>$PARAM[topCase]</top>
					<width>$PARAM[widthCase]</width>
					<height>$PARAM[heightCase]</height>
					<aspectratio aligny="$PARAM[caseAligny]">$PARAM[caseAspect]</aspectratio>
					<texture>$PARAM[Case]</texture>
				</control>
			</control>
		</itemlayout>
		<focusedlayout width="$PARAM[containerWidth]" height="$PARAM[containerHeight]">
			<control type="group">
				<animation type="Focus" reversible="false">
					<effect type="zoom" start="95" end="100" time="300" tween="sine" easing="inout" center="auto" />
				</animation>
				<control type="group">
					<left>$PARAM[leftArt]</left>
					<control type="image">
						<top>$PARAM[topArt]</top>
						<width>$PARAM[widthArt]</width>
						<height>$PARAM[heightArt]</height>
						<aspectratio aligny="$PARAM[Aligny]">$PARAM[Aspect]</aspectratio>
						<texture fallback="homewidgets/defaultmovies_poster.png">$PARAM[Texture]</texture>
						<bordertexture colordiffuse="$VAR[WidgetHighlightBarColor]" border="5">thumbs/thumbnail_focused.png</bordertexture>
						<bordersize>5</bordersize>
					</control>
					<control type="group">
						<visible>$PARAM[labelFocusVisible]</visible>
						<control type="image">
							<top>$PARAM[topArt]</top>
							<width>$PARAM[widthArt]</width>
							<height>$PARAM[heightArt]</height>
							<texture>homewidgets/label_back_poster.png</texture>
						</control>
						<control type="label">
							<top>$PARAM[topArt]r</top>
							<width>$PARAM[widthArt]</width>
							<height>$PARAM[labelHeight]</height>
							<align>center</align>
							<textoffsetx>7</textoffsetx>
							<font>$PARAM[labelFont]</font>
							<textcolor>$VAR[ThemeLabelColor]</textcolor>
							<label>$VAR[HomeWidgetTitleVar]</label>
						</control>
					</control>
				</control>
				<control type="image">
					<left>$PARAM[leftCase]</left>
					<top>$PARAM[topCase]</top>
					<width>$PARAM[widthCase]</width>
					<height>$PARAM[heightCase]</height>
					<aspectratio aligny="$PARAM[caseAligny]">$PARAM[caseAspect]</aspectratio>
					<texture>$PARAM[Case]</texture>
				</control>
			</control>
		</focusedlayout>
	</include>
	<include name="SquareArt">
		<itemlayout width="$PARAM[containerWidth]" height="$PARAM[containerHeight]" condition="!$PARAM[isWeather]">
			<control type="group">
				<include condition="!String.IsEmpty(Skin.String(Widget.Trans))">HomeWidgetFade</include>
				<control type="group">
					<left>$PARAM[leftArt]</left>
					<control type="image">
						<top>$PARAM[topArt]</top>
						<width>$PARAM[widthArt]</width>
						<height>$PARAM[heightArt]</height>
						<aspectratio aligny="$PARAM[Aligny]">$PARAM[Aspect]</aspectratio>
						<texture fallback="special://skin/extras/icons/defaultmovies.png">$PARAM[Texture]</texture>
						<visible>!$PARAM[fallbackVisible]</visible>
					</control>
					<control type="group">
						<visible>$PARAM[fallbackVisible]</visible>
						<control type="image">
							<top>$PARAM[topFakeDiscArt]</top>
							<width>$PARAM[widthArt]</width>
							<height>$PARAM[widthArt]</height>
							<aspectratio aligny="top" scalediffuse="false">scale</aspectratio>
							<texture diffuse="homewidgets/cdart-mask.png" fallback="special://skin/extras/icons/defaultmovies.png">$INFO[ListItem.Art(thumb)]</texture>
						</control>
						<control type="image">
							<top>$PARAM[topFakeDiscArt]</top>
							<width>$PARAM[widthArt]</width>
							<height>$PARAM[widthArt]</height>
							<aspectratio>$PARAM[Aspect]</aspectratio>
							<texture>homewidgets/cdarttop.png</texture>
						</control>
						<control type="image">
							<top>$PARAM[topArt]</top>
							<width>$PARAM[widthArt]</width>
							<height>$PARAM[heightArt]</height>
							<aspectratio>$PARAM[Aspect]</aspectratio>
							<texture>$VAR[HomeWidgetFakeDiscArtVar]</texture>
						</control>
					</control>
					<control type="group">
						<visible>$PARAM[labelVisible]</visible>
						<control type="image">
							<top>$PARAM[topArt]</top>
							<width>$PARAM[widthArt]</width>
							<height>$PARAM[heightArt]</height>
							<texture>homewidgets/label_back_square.png</texture>
						</control>
						<control type="label">
							<top>$PARAM[topArt]r</top>
							<width>$PARAM[widthArt]</width>
							<height>$PARAM[labelHeight]</height>
							<align>center</align>
							<textoffsetx>7</textoffsetx>
							<font>$PARAM[labelFont]</font>
							<textcolor>lightgrey</textcolor>
							<label>$VAR[HomeWidgetTitleVar]</label>
						</control>
					</control>
				</control>
				<control type="image">
					<left>$PARAM[leftCase]</left>
					<top>$PARAM[topCase]</top>
					<width>$PARAM[widthCase]</width>
					<height>$PARAM[heightCase]</height>
					<texture>$PARAM[Case]</texture>
				</control>
			</control>
		</itemlayout>
		<focusedlayout width="$PARAM[containerWidth]" height="$PARAM[containerHeight]" condition="!$PARAM[isWeather]">
			<control type="group">
				<animation type="Focus" reversible="false">
					<effect type="zoom" start="95" end="100" time="300" tween="sine" easing="inout" center="auto" />
				</animation>
				<control type="group">
					<left>$PARAM[leftArt]</left>
					<control type="image">
						<top>$PARAM[topArt]</top>
						<width>$PARAM[widthArt]</width>
						<height>$PARAM[heightArt]</height>
						<aspectratio aligny="$PARAM[Aligny]">$PARAM[Aspect]</aspectratio>
						<texture fallback="special://skin/extras/icons/defaultmovies.png">$PARAM[Texture]</texture>
						<visible>!$PARAM[fallbackVisible]</visible>
					</control>
					<control type="group">
						<visible>$PARAM[fallbackVisible]</visible>
						<control type="image">
							<top>$PARAM[topFakeDiscArt]</top>
							<width>$PARAM[widthArt]</width>
							<height>$PARAM[widthArt]</height>
							<aspectratio aligny="top" scalediffuse="false">scale</aspectratio>
							<texture diffuse="homewidgets/cdart-mask.png" fallback="special://skin/extras/icons/defaultmovies.png">$INFO[ListItem.Art(thumb)]</texture>
						</control>
						<control type="image">
							<top>$PARAM[topFakeDiscArt]</top>
							<width>$PARAM[widthArt]</width>
							<height>$PARAM[widthArt]</height>
							<aspectratio>$PARAM[Aspect]</aspectratio>
							<texture>homewidgets/cdarttop.png</texture>
						</control>
						<control type="image">
							<top>$PARAM[topArt]</top>
							<width>$PARAM[widthArt]</width>
							<height>$PARAM[heightArt]</height>
							<aspectratio>$PARAM[Aspect]</aspectratio>
							<texture>$VAR[HomeWidgetFakeDiscArtVar]</texture>
						</control>
					</control>
					<control type="image">
						<top>$PARAM[topArt]</top>
						<width>$PARAM[widthArt]</width>
						<height>$PARAM[heightArt]</height>
						<texture colordiffuse="$VAR[WidgetHighlightBarColor]" border="4">lists/listselect_fo.png</texture>
					</control>
					<control type="group">
						<visible>$PARAM[labelFocusVisible]</visible>
						<control type="image">
							<top>$PARAM[topArt]</top>
							<width>$PARAM[widthArt]</width>
							<height>$PARAM[heightArt]</height>
							<texture>homewidgets/label_back_square.png</texture>
						</control>
						<control type="label">
							<top>$PARAM[topArt]r</top>
							<width>$PARAM[widthArt]</width>
							<height>$PARAM[labelHeight]</height>
							<align>center</align>
							<textoffsetx>7</textoffsetx>
							<font>$PARAM[labelFont]</font>
							<textcolor>lightgrey</textcolor>
							<label>$VAR[HomeWidgetTitleVar]</label>
						</control>
					</control>
				</control>
				<control type="image">
					<left>$PARAM[leftCase]</left>
					<top>$PARAM[topCase]</top>
					<width>$PARAM[widthCase]</width>
					<height>$PARAM[heightCase]</height>
					<texture>$PARAM[Case]</texture>
				</control>
			</control>
		</focusedlayout>
		<itemlayout width="$PARAM[containerWidth]" height="$PARAM[containerHeight]" condition="$PARAM[isWeather]">
			<control type="group">
				<include condition="!String.IsEmpty(Skin.String(Widget.Trans))">HomeWidgetFade</include>
				<control type="group">
					<left>$PARAM[leftArt]</left>
					<control type="multiimage">
						<top>$PARAM[weatherTop]</top>
						<width>$PARAM[widthArt]</width>
						<height>$PARAM[weatherHeight]</height>
						<aspectratio aligny="center">keep</aspectratio>
						<imagepath>$PARAM[Texture]</imagepath>
						<timeperimage>70</timeperimage>
						<fadetime>1</fadetime>
						<randomize>false</randomize>
					</control>
					<control type="group">
						<visible>$PARAM[fallbackVisible]</visible>
						<control type="image">
							<top>$PARAM[topFakeDiscArt]</top>
							<width>$PARAM[widthArt]</width>
							<height>$PARAM[widthArt]</height>
							<aspectratio aligny="top" scalediffuse="false">scale</aspectratio>
							<texture diffuse="homewidgets/cdart-mask.png" fallback="special://skin/extras/icons/defaultmovies.png">$INFO[ListItem.Art(thumb)]</texture>
						</control>
						<control type="image">
							<top>$PARAM[topFakeDiscArt]</top>
							<width>$PARAM[widthArt]</width>
							<height>$PARAM[widthArt]</height>
							<aspectratio>$PARAM[Aspect]</aspectratio>
							<texture>homewidgets/cdarttop.png</texture>
						</control>
						<control type="image">
							<top>$PARAM[topArt]</top>
							<width>$PARAM[widthArt]</width>
							<height>$PARAM[heightArt]</height>
							<aspectratio>$PARAM[Aspect]</aspectratio>
							<texture>$VAR[HomeWidgetFakeDiscArtVar]</texture>
						</control>
					</control>
					<control type="label">
						<top>$PARAM[weatherTop1]</top>
						<width>$PARAM[widthArt]</width>
						<height>30</height>
						<font>$PARAM[weatherFont]</font>
						<align>center</align>
						<textcolor>white2</textcolor>
						<shadowcolor>shadow</shadowcolor>
						<textoffsetx>7</textoffsetx>
						<label>$INFO[ListItem.Label]</label>
					</control>
					<control type="label">
						<top>$PARAM[weatherTop2]</top>
						<width>$PARAM[widthArt]</width>
						<height>30</height>
						<font>$PARAM[weatherFont]</font>
						<align>center</align>
						<textcolor>white2</textcolor>
						<shadowcolor>shadow</shadowcolor>
						<textoffsetx>7</textoffsetx>
						<label>$INFO[ListItem.Label2]</label>
					</control>
					<control type="label">
						<top>$PARAM[weatherTop3]</top>
						<width>$PARAM[widthArt]</width>
						<height>30</height>
						<font>$PARAM[weatherFont]</font>
						<align>center</align>
						<textcolor>white2</textcolor>
						<shadowcolor>shadow</shadowcolor>
						<textoffsetx>7</textoffsetx>
						<label>$INFO[ListItem.Property(Label3)]$INFO[ListItem.Property(Label4), ]</label>
					</control>
				</control>
				<control type="image">
					<left>$PARAM[leftCase]</left>
					<top>$PARAM[topCase]</top>
					<width>$PARAM[widthCase]</width>
					<height>$PARAM[heightCase]</height>
					<texture>$PARAM[Case]</texture>
				</control>
			</control>
		</itemlayout>
		<focusedlayout width="$PARAM[containerWidth]" height="$PARAM[containerHeight]" condition="$PARAM[isWeather]">
			<control type="group">
				<animation type="Focus" reversible="false">
					<effect type="zoom" start="95" end="100" time="300" tween="sine" easing="inout" center="auto" />
				</animation>
				<control type="group">
					<left>$PARAM[leftArt]</left>
					<control type="multiimage">
						<top>$PARAM[weatherTop]</top>
						<width>$PARAM[widthArt]</width>
						<height>$PARAM[weatherHeight]</height>
						<aspectratio aligny="center">keep</aspectratio>
						<imagepath>$PARAM[Texture]</imagepath>
						<timeperimage>70</timeperimage>
						<fadetime>1</fadetime>
						<randomize>false</randomize>
					</control>
					<control type="group">
						<visible>$PARAM[fallbackVisible]</visible>
						<control type="image">
							<top>$PARAM[topFakeDiscArt]</top>
							<width>$PARAM[widthArt]</width>
							<height>$PARAM[widthArt]</height>
							<aspectratio aligny="top" scalediffuse="false">scale</aspectratio>
							<texture diffuse="homewidgets/cdart-mask.png" fallback="special://skin/extras/icons/defaultmovies.png">$INFO[ListItem.Art(thumb)]</texture>
						</control>
						<control type="image">
							<top>$PARAM[topFakeDiscArt]</top>
							<width>$PARAM[widthArt]</width>
							<height>$PARAM[widthArt]</height>
							<aspectratio>$PARAM[Aspect]</aspectratio>
							<texture>homewidgets/cdarttop.png</texture>
						</control>
						<control type="image">
							<top>$PARAM[topArt]</top>
							<width>$PARAM[widthArt]</width>
							<height>$PARAM[heightArt]</height>
							<aspectratio>$PARAM[Aspect]</aspectratio>
							<texture>$VAR[HomeWidgetFakeDiscArtVar]</texture>
						</control>
					</control>
					<control type="image">
						<top>$PARAM[topArt]</top>
						<width>$PARAM[widthArt]</width>
						<height>$PARAM[heightArt]</height>
						<texture colordiffuse="$VAR[WidgetHighlightBarColor]" border="4">lists/listselect_fo.png</texture>
					</control>
					<control type="label">
						<top>$PARAM[weatherTop1]</top>
						<width>$PARAM[widthArt]</width>
						<height>30</height>
						<font>$PARAM[weatherFont]</font>
						<align>center</align>
						<textcolor>white2</textcolor>
						<shadowcolor>shadow</shadowcolor>
						<textoffsetx>7</textoffsetx>
						<label>$INFO[ListItem.Label]</label>
					</control>
					<control type="label">
						<top>$PARAM[weatherTop2]</top>
						<width>$PARAM[widthArt]</width>
						<height>30</height>
						<font>$PARAM[weatherFont]</font>
						<align>center</align>
						<textcolor>white2</textcolor>
						<shadowcolor>shadow</shadowcolor>
						<textoffsetx>7</textoffsetx>
						<label>$INFO[ListItem.Label2]</label>
					</control>
					<control type="label">
						<top>$PARAM[weatherTop3]</top>
						<width>$PARAM[widthArt]</width>
						<height>30</height>
						<font>$PARAM[weatherFont]</font>
						<align>center</align>
						<textcolor>white2</textcolor>
						<shadowcolor>shadow</shadowcolor>
						<textoffsetx>7</textoffsetx>
						<label>$INFO[ListItem.Property(Label3)]$INFO[ListItem.Property(Label4), ]</label>
					</control>
				</control>
				<control type="image">
					<left>$PARAM[leftCase]</left>
					<top>$PARAM[topCase]</top>
					<width>$PARAM[widthCase]</width>
					<height>$PARAM[heightCase]</height>
					<texture>$PARAM[Case]</texture>
				</control>
			</control>
		</focusedlayout>
	</include>
	<include name="LandscapeArt">
		<itemlayout width="$PARAM[containerWidth]" height="$PARAM[containerHeight]">
			<control type="group">
				<include condition="!String.IsEmpty(Skin.String(Widget.Trans))">HomeWidgetFade</include>
				<control type="image">
					<left>$PARAM[leftArt]</left>
					<top>$PARAM[topArt]</top>
					<width>$PARAM[widthArt]</width>
					<height>$PARAM[heightArt]</height>
					<aspectratio aligny="$PARAM[Aligny]">$PARAM[Aspect]</aspectratio>
					<texture fallback="homewidgets/defaultmovies_landscape.png">$PARAM[Texture]</texture>
					<visible>![$PARAM[fallbackVisible]]</visible>
				</control>
				<control type="label">
					<left>$PARAM[leftArt]</left>
					<top>$PARAM[topArt]</top>
					<width>$PARAM[widthArt]</width>
					<height>$PARAM[heightArt]</height>
					<align>center</align>
					<textoffsetx>7</textoffsetx>
					<font>$PARAM[fallbackFont]</font>
					<textcolor>white2</textcolor>
					<shadowcolor>shadow</shadowcolor>
					<label>$VAR[HomeWidgetTitle2Var]</label>
					<visible>$PARAM[fallbackVisible]</visible>
				</control>
				<control type="image">
					<left>$PARAM[leftArt]</left>
					<top>$PARAM[topArt]</top>
					<width>$PARAM[widthArt]</width>
					<height>$PARAM[heightArt]</height>
					<texture>homewidgets/label_back_landscape.png</texture>
					<visible>$PARAM[labelVisible]</visible>
				</control>
				<control type="label">
					<left>$PARAM[leftArt]</left>
					<top>$PARAM[topArt]r</top>
					<width>$PARAM[widthArt]</width>
					<height>$PARAM[labelHeight]</height>
					<align>center</align>
					<textoffsetx>7</textoffsetx>
					<font>$PARAM[labelFont]</font>
					<textcolor>lightgrey</textcolor>
					<label>$VAR[HomeWidgetTitleVar]</label>
					<visible>$PARAM[labelVisible]</visible>
				</control>
				<control type="image">
					<left>$PARAM[leftCase]</left>
					<top>$PARAM[topCase]</top>
					<width>$PARAM[widthCase]</width>
					<height>$PARAM[heightCase]</height>
					<texture>$PARAM[Case]</texture>
				</control>
			</control>
		</itemlayout>
		<focusedlayout width="$PARAM[containerWidth]" height="$PARAM[containerHeight]">
			<control type="group">
				<animation type="Focus" reversible="false">
					<effect type="zoom" start="95" end="100" time="300" tween="sine" easing="inout" center="auto" />
				</animation>
				<control type="image">
					<left>$PARAM[leftArt]</left>
					<top>$PARAM[topArt]</top>
					<width>$PARAM[widthArt]</width>
					<height>$PARAM[heightArt]</height>
					<aspectratio aligny="$PARAM[Aligny]">$PARAM[Aspect]</aspectratio>
					<texture fallback="homewidgets/defaultmovies_landscape.png">$PARAM[Texture]</texture>
					<visible>![$PARAM[fallbackVisible]]</visible>
				</control>
				<control type="label">
					<left>$PARAM[leftArt]</left>
					<top>$PARAM[topArt]</top>
					<width>$PARAM[widthArt]</width>
					<height>$PARAM[heightArt]</height>
					<align>center</align>
					<textoffsetx>7</textoffsetx>
					<font>$PARAM[fallbackFont]</font>
					<textcolor>white2</textcolor>
					<shadowcolor>shadow</shadowcolor>
					<label>$VAR[HomeWidgetTitle2Var]</label>
					<visible>$PARAM[fallbackVisible]</visible>
				</control>
				<control type="image">
					<left>$PARAM[leftArt]</left>
					<top>$PARAM[topArt]</top>
					<width>$PARAM[widthArt]</width>
					<height>$PARAM[heightArt]</height>
					<texture colordiffuse="$VAR[WidgetHighlightBarColor]" border="4">lists/listselect_fo.png</texture>
				</control>
				<control type="image">
					<left>$PARAM[leftArt]</left>
					<top>$PARAM[topArt]</top>
					<width>$PARAM[widthArt]</width>
					<height>$PARAM[heightArt]</height>
					<texture>homewidgets/label_back_landscape.png</texture>
					<visible>$PARAM[labelFocusVisible]</visible>
				</control>
				<control type="label">
					<left>$PARAM[leftArt]</left>
					<top>$PARAM[topArt]r</top>
					<width>$PARAM[widthArt]</width>
					<height>$PARAM[labelHeight]</height>
					<align>center</align>
					<textoffsetx>7</textoffsetx>
					<font>$PARAM[labelFont]</font>
					<textcolor>$VAR[ThemeLabelColor]</textcolor>
					<label>$VAR[HomeWidgetTitleVar]</label>
					<visible>$PARAM[labelFocusVisible]</visible>
				</control>
				<control type="image">
					<left>$PARAM[leftCase]</left>
					<top>$PARAM[topCase]</top>
					<width>$PARAM[widthCase]</width>
					<height>$PARAM[heightCase]</height>
					<texture>$PARAM[Case]</texture>
				</control>
			</control>
		</focusedlayout>
	</include>
	<include name="BannerArt">
		<itemlayout width="$PARAM[containerWidth]" height="$PARAM[containerHeight]">
			<control type="group">
				<include condition="!String.IsEmpty(Skin.String(Widget.Trans))">HomeWidgetFade</include>
				<control type="image">
					<left>$PARAM[leftArt]</left>
					<top>$PARAM[topArt]</top>
					<width>$PARAM[widthArt]</width>
					<height>$PARAM[heightArt]</height>
					<aspectratio>$PARAM[Aspect]</aspectratio>
					<texture>$PARAM[Texture]</texture>
				</control>
				<control type="image">
					<left>$PARAM[leftArt]</left>
					<top>$PARAM[topArt]</top>
					<width>$PARAM[widthArt]</width>
					<height>$PARAM[heightArt]</height>
					<aspectratio aligny="top">scale</aspectratio>
					<texture fallback="homewidgets/defaultmovies_banner.png">$VAR[HomeWidgetFanArtVar]</texture>
					<visible>String.IsEmpty(ListItem.Art(banner)) + String.IsEmpty(ListItem.Art(tvshow.banner))</visible>
				</control>
				<control type="image">
					<left>$PARAM[leftArt]</left>
					<top>$PARAM[topArt]</top>
					<width>$PARAM[widthArt]</width>
					<height>$PARAM[heightArt]</height>
					<aspectratio>keep</aspectratio>
					<texture>$VAR[HomeWidgetClearLogoVar]</texture>
					<visible>String.IsEmpty(ListItem.Art(banner)) + String.IsEmpty(ListItem.Art(tvshow.banner))</visible>
				</control>
				<control type="label">
					<left>$PARAM[leftArt]</left>
					<top>$PARAM[topArt]</top>
					<width>$PARAM[widthArt]</width>
					<height>$PARAM[heightArt]</height>
					<align>center</align>
					<textoffsetx>7</textoffsetx>
					<font>$PARAM[fallbackFont]</font>
					<textcolor>white2</textcolor>
					<shadowcolor>shadow</shadowcolor>
					<label>$VAR[HomeWidgetTitle2Var]</label>
					<visible>String.IsEmpty(ListItem.Art(banner)) + String.IsEmpty(ListItem.Art(tvshow.banner)) + String.IsEmpty(ListItem.Art(clearlogo)) + String.IsEmpty(ListItem.Art(tvshow.clearlogo))</visible>
				</control>
				<control type="image">
					<left>$PARAM[leftArt]</left>
					<top>$PARAM[topArt]</top>
					<width>$PARAM[widthArt]</width>
					<height>$PARAM[heightArt]</height>
					<texture>homewidgets/label_back_banner.png</texture>
					<visible>$PARAM[labelVisible]</visible>
				</control>
				<control type="label">
					<left>$PARAM[leftArt]</left>
					<top>$PARAM[topArt]r</top>
					<width>$PARAM[widthArt]</width>
					<height>$PARAM[labelHeight]</height>
					<align>center</align>
					<textoffsetx>7</textoffsetx>
					<font>$PARAM[labelFont]</font>
					<textcolor>lightgrey</textcolor>
					<label>$VAR[HomeWidgetTitleVar]</label>
					<visible>$PARAM[labelVisible]</visible>
				</control>
				<control type="image">
					<left>$PARAM[leftCase]</left>
					<top>$PARAM[topCase]</top>
					<width>$PARAM[widthCase]</width>
					<height>$PARAM[heightCase]</height>
					<texture>$PARAM[Case]</texture>
				</control>
			</control>
		</itemlayout>
		<focusedlayout width="$PARAM[containerWidth]" height="$PARAM[containerHeight]">
			<control type="group">
				<animation type="Focus" reversible="false">
					<effect type="zoom" start="95" end="100" time="300" tween="sine" easing="inout" center="auto" />
				</animation>
				<control type="image">
					<left>$PARAM[leftArt]</left>
					<top>$PARAM[topArt]</top>
					<width>$PARAM[widthArt]</width>
					<height>$PARAM[heightArt]</height>
					<aspectratio>$PARAM[Aspect]</aspectratio>
					<texture>$PARAM[Texture]</texture>
				</control>
				<control type="image">
					<left>$PARAM[leftArt]</left>
					<top>$PARAM[topArt]</top>
					<width>$PARAM[widthArt]</width>
					<height>$PARAM[heightArt]</height>
					<aspectratio aligny="top">scale</aspectratio>
					<texture fallback="homewidgets/defaultmovies_banner.png">$VAR[HomeWidgetFanArtVar]</texture>
					<visible>String.IsEmpty(ListItem.Art(banner)) + String.IsEmpty(ListItem.Art(tvshow.banner))</visible>
				</control>
				<control type="image">
					<left>$PARAM[leftArt]</left>
					<top>$PARAM[topArt]</top>
					<width>$PARAM[widthArt]</width>
					<height>$PARAM[heightArt]</height>
					<aspectratio>keep</aspectratio>
					<texture>$VAR[HomeWidgetClearLogoVar]</texture>
					<visible>String.IsEmpty(ListItem.Art(banner)) + String.IsEmpty(ListItem.Art(tvshow.banner))</visible>
				</control>
				<control type="label">
					<left>$PARAM[leftArt]</left>
					<top>$PARAM[topArt]</top>
					<width>$PARAM[widthArt]</width>
					<height>$PARAM[heightArt]</height>
					<align>center</align>
					<textoffsetx>7</textoffsetx>
					<font>$PARAM[fallbackFont]</font>
					<textcolor>white2</textcolor>
					<shadowcolor>shadow</shadowcolor>
					<label>$VAR[HomeWidgetTitle2Var]</label>
					<visible>String.IsEmpty(ListItem.Art(banner)) + String.IsEmpty(ListItem.Art(tvshow.banner)) + String.IsEmpty(ListItem.Art(clearlogo)) + String.IsEmpty(ListItem.Art(tvshow.clearlogo))</visible>
				</control>
				<control type="image">
					<left>$PARAM[leftArt]</left>
					<top>$PARAM[topArt]</top>
					<width>$PARAM[widthArt]</width>
					<height>$PARAM[heightArt]</height>
					<texture colordiffuse="$VAR[WidgetHighlightBarColor]" border="4">lists/listselect_fo.png</texture>
				</control>
				<control type="image">
					<left>$PARAM[leftArt]</left>
					<top>$PARAM[topArt]</top>
					<width>$PARAM[widthArt]</width>
					<height>$PARAM[heightArt]</height>
					<texture>homewidgets/label_back_banner.png</texture>
					<visible>$PARAM[labelFocusVisible]</visible>
				</control>
				<control type="label">
					<left>$PARAM[leftArt]</left>
					<top>$PARAM[topArt]r</top>
					<width>$PARAM[widthArt]</width>
					<height>$PARAM[labelHeight]</height>
					<align>center</align>
					<textoffsetx>7</textoffsetx>
					<font>$PARAM[labelFont]</font>
					<textcolor>$VAR[ThemeLabelColor]</textcolor>
					<label>$VAR[HomeWidgetTitleVar]</label>
					<visible>$PARAM[labelFocusVisible]</visible>
				</control>
				<control type="image">
					<left>$PARAM[leftCase]</left>
					<top>$PARAM[topCase]</top>
					<width>$PARAM[widthCase]</width>
					<height>$PARAM[heightCase]</height>
					<texture>$PARAM[Case]</texture>
				</control>
			</control>
		</focusedlayout>
	</include>
</includes>