<favourites>
	<favourite name="1x2" thumb="special://home/addons\plugin.video.1x2\icon.gif">ActivateWindow(10025,&quot;plugin://plugin.video.1x2/?sf_options=fanart%3Dspecial%3A%2F%2Fhome%2Fmedia%2FArtwork%2FAddons%2F1x2.gif%26meta%3Dlabel%253D1x2%26desc%3DLos+videos+son+proporcionados+por+personas+...+en+l%C3%ADnea+...+en+alg%C3%BAn+lugar...%26_options_sf&quot;,return)</favourite>
	<favourite name="Sportowa TV" thumb="special://home/addons\plugin.video.PLsportowo\icon.png">ActivateWindow(10025,&quot;plugin://plugin.video.PLsportowo/?sf_options=fanart%3Dspecial%3A%2F%2Fhome%2Faddons%5Cplugin.video.PLsportowo%5Cfanart.jpg%26meta%3Dlabel%253DSportowa%252BTV%26desc%3DWydarzenia+sportowe%26_options_sf&quot;,return)</favourite>
	<favourite name="[COLOR red][B]R[/B][/COLOR][COLOR white][B]ising[/B][/COLOR] [COLOR pink][B]T[/B][/COLOR][COLOR white][B]ides[/B][/COLOR]" thumb="special://home/addons\plugin.video.Rising.Tides\icon.png">ActivateWindow(10025,&quot;plugin://plugin.video.Rising.Tides?sf_options=fanart%3Dspecial%3A%2F%2Fhome%2Faddons%5Cplugin.video.Rising.Tides%5Cfanart.jpg%26meta%3Dlabel%253D%25255BCOLOR%252Bred%25255D%25255BB%25255DR%25255B%25252FB%25255D%25255B%25252FCOLOR%25255D%25255BCOLOR%252Bwhite%25255D%25255BB%25255Dising%25255B%25252FB%25255D%25255B%25252FCOLOR%25255D%252B%25255BCOLOR%252Bpink%25255D%25255BB%25255DT%25255B%25252FB%25255D%25255B%25252FCOLOR%25255D%25255BCOLOR%252Bwhite%25255D%25255BB%25255Dides%25255B%25252FB%25255D%25255B%25252FCOLOR%25255D%26desc%3DI+don%27t+have+any+affiliation+with+the+content+provider+nor+KODI.Content+freely+available+on+the+internet.More+info+at+%5BCOLOR+lime%5D%5BB%5D%40mullafabz%5B%2FB%5D%5B%2FCOLOR%5D%26_options_sf&quot;,return)</favourite>
	<favourite name="[COLOR red]R[/COLOR][COLOR white]eplay[/COLOR] [COLOR pink]M[/COLOR][COLOR white]e[/COLOR]" thumb="special://home/addons\plugin.video.replayme\icon.png">ActivateWindow(10025,&quot;plugin://plugin.video.replayme/?sf_options=fanart%3Dspecial%3A%2F%2Fhome%2Faddons%5Cplugin.video.replayme%5Cfanart.jpg%26meta%3Dlabel%253D%25255BCOLOR%252Bred%25255DR%25255B%25252FCOLOR%25255D%25255BCOLOR%252Bwhite%25255Deplay%25255B%25252FCOLOR%25255D%252B%25255BCOLOR%252Bpink%25255DM%25255B%25252FCOLOR%25255D%25255BCOLOR%252Bwhite%25255De%25255B%25252FCOLOR%25255D%26desc%3DGet+all+the+major+events+replays+in+one+place+daily.%26_options_sf&quot;,return)</favourite>
	<favourite name="NBA On-demand" thumb="special://home/addons\plugin.video.nbaondemand\icon.png">ActivateWindow(10025,&quot;plugin://plugin.video.nbaondemand/?sf_options=fanart%3Dspecial%3A%2F%2Fhome%2Faddons%5Cplugin.video.nbaondemand%5Cfanart.jpg%26meta%3Dlabel%253DNBA%252BOn-demand%26desc%3DVisit+TVADDONS.ag+for+support%26_options_sf&quot;,return)</favourite>
	<favourite name="Tide" thumb="special://home/addons\plugin.video.tide\icon.png">ActivateWindow(10025,&quot;plugin://plugin.video.tide?sf_options=fanart%3Dspecial%3A%2F%2Fhome%2Faddons%5Cplugin.video.tide%5Cfanart.jpg%26meta%3Dlabel%253DTide%26desc%3Dsport+event+streaming%26_options_sf&quot;,return)</favourite>
	<favourite name="[COLOR red]Strike&apos;s AllSportz Recaps[/COLOR]" thumb="special://home/addons\plugin.video.AllSportzRecaps\icon.png">ActivateWindow(10025,&quot;plugin://plugin.video.AllSportzRecaps?sf_options=fanart%3Dspecial%3A%2F%2Fhome%2Faddons%5Cplugin.video.AllSportzRecaps%5Cfanart.jpg%26meta%3Dlabel%253D%25255BCOLOR%252Bred%25255DStrike%252527s%252BAllSportz%252BRecaps%25255B%25252FCOLOR%25255D%26desc%3DAll+video+contained+within+this+add-on+is+scraped+from+youtube+Channels+and+is+not+hosted+in+any+way+by+the+author.%26_options_sf&quot;,return)</favourite>
	<favourite name="Sportz" thumb="special://home/addons\plugin.video.sportz\icon.png">ActivateWindow(10025,&quot;plugin://plugin.video.sportz?sf_options=fanart%3Dspecial%3A%2F%2Fhome%2Faddons%5Cplugin.video.sportz%5Cfanart.jpg%26meta%3Dlabel%253DSportz%26desc%3DSports+Channels%2C+Wrestling%2C+Football%2C+and+more.+Special+Thanks+to+Uncle+Touchy+for+original+templates.+Adapted+for+your+pleasure+by+J1.%26_options_sf&quot;,return)</favourite>
	<favourite name="Motor 99" thumb="special://home/addons\plugin.video.motor99\icon.png">ActivateWindow(10025,&quot;plugin://plugin.video.motor99?sf_options=fanart%3Dspecial%3A%2F%2Fhome%2Faddons%5Cplugin.video.motor99%5Cfanart.jpg%26meta%3Dlabel%253DMotor%252B99%26desc%3DTu+Rinc%C3%B3n+del+Motor%26_options_sf&quot;,return)</favourite>
	<favourite name="FinalGear" thumb="special://home/addons\plugin.video.finalgear\icon.png">ActivateWindow(10025,&quot;plugin://plugin.video.finalgear?sf_options=fanart%3Dspecial%3A%2F%2Fhome%2Faddons%2Fplugin.video.finalgear%2Ffanart.png%26meta%3Dlabel%253DFinalGear%26desc%3DFinalGear+providing+the+best+motoring+TV+Shows+and+Movies%26_options_sf&quot;,return)</favourite>
	<favourite name="Extreme Sports" thumb="special://home/addons\plugin.video.extreme\icon.png">ActivateWindow(10025,&quot;plugin://plugin.video.extreme/?sf_options=fanart%3Dspecial%3A%2F%2Fhome%2Faddons%5Cplugin.video.extreme%5Cfanart.jpg%26meta%3Dlabel%253DExtreme%252BSports%26desc%3DTeam+Looking+Glass%2FGracie242%26_options_sf&quot;,return)</favourite>
</favourites>