﻿<?xml version="1.0" encoding="UTF-8"?>
<addon id="skin.aeon.govi" version="20.4.27" name="Aeon GoVi" provider-name="GoVi">
	<requires>
		<import addon="repository.govi" version="20.4.14" />
		<import addon="xbmc.gui" version="5.14.0" />
		<import addon="script.skinshortcuts" version="1.0.10" />
		<import addon="service.library.data.provider" version="0.0.7" />
		<import addon="resource.images.studios.white" version="0.0.24" />
		<import addon="resource.images.studios.coloured" version="0.0.18" />
		<import addon="resource.images.recordlabels.white" version="0.0.1" />
		<import addon="script.globalsearch" version="8.0.11" />
		<import addon="script.module.youtube.dl" version="19.912.1" />
		<import addon="plugin.video.themoviedb.helper" version="2.0.18" />
		<import addon="plugin.video.youtube" version="6.7.0" />
		<import addon="plugin.program.favourites.plus" version="1.0.62" />
		<import addon="plugin.program.autocompletion" version="1.0.1" />
		<import addon="metadata.tvdb.com" version="3.2.4" />
		<import addon="weather.yahoo" version="5.0.6" />
	</requires>
	<extension point="xbmc.gui.skin" debugging="false">
		<res width="1920" height="1080" aspect="16:9" default="true" folder="1080p" />
	</extension>
	<extension point="xbmc.addon.metadata">
		<summary lang="en_GB">Redesign by GoVi based on Aeon Nox Silvo</summary>
		<summary lang="es_ES">Rediseño por GoVi basado en Aeon Nox Silvo</summary>
		<description lang="en_GB">>Completely redesigned skin, optimized for mouse navigation. "Super Favourites" modified and integrated into the skin. Now "Favorites Plus". (Does not overwrite the old Super Favourites) and more extras...</description>
		<description lang="es_ES">Skin completamente rediseñada, optimizada para navegar con ratón. "Super Favourites" modificado e integrado en la skin. Ahora es "Favoritos Plus". (No sobrescribe al antiguo Super Favourites) y más extras...</description>
		<platform>all</platform>
		<license>CC BY-NC-SA 4.0</license>
		<assets>
			<icon>icon.png</icon>
			<fanart>fanart.jpg</fanart>
			<screenshot>resources/screenshots/screenshot001.jpg</screenshot>
			<screenshot>resources/screenshots/screenshot002.jpg</screenshot>
		</assets>
	</extension>
</addon>