<?xml version="1.0" encoding="UTF-8"?>
<includes>

<!-- ·Video List -->
	<include name="VideoList">
		<control type="group">
			<visible>Window.IsActive(MyVideoNav.xml) + [Control.IsVisible(50) + !Window.IsActive(addoninformation) + !Container.Content(addons)]</visible>
			<include>ViewAnimation</include>
			<width>100%</width>
			<include condition="!String.IsEmpty(ListItem.Art(fanart))">FullScreen_Vignette</include>
			<control type="group">
				<left>100</left>
				<top>100</top>
				<control type="image">
					<top>-100</top>
					<left>-100</left>
					<width>1920</width>
					<height>1080</height>
					<texture>$INFO[ListItem.Art(fanart)]</texture>
					<visible>true</visible>
				</control>

             <!--  ·Panel Background Left  -->
				<control type="group">
					<visible>!String.IsEmpty(ListItem.Art(fanart))</visible>
					<control type="image" id="7102">
						<top>-100</top>
						<left>-100</left>
						<width>1170</width>
						<height>1080</height>
						<texture>lists/listpanel_back_gradient.png</texture>
						<visible>!Control.IsVisible(7103) + !String.IsEmpty(ListItem.Rating)</visible>
					</control>
					<control type="image" id="7103">
						<top>-100</top>
						<left>-100</left>
						<width>1170</width>
						<height>1080</height>
						<texture>lists/listpanel_back_diffuse.png</texture>
						<visible>!Control.IsVisible(7102) + String.IsEmpty(ListItem.Rating)</visible>
					</control>
				</control>
				<control type="image">
					<top>-100</top>
					<left>-100</left>
					<width>1170</width>
					<height>1080</height>
					<texture>lists/listpanel_back_left.png</texture>
					<visible>String.IsEmpty(ListItem.Art(fanart))</visible>
				</control>

			<!-- ·Buttons-->
				<control type="button">
					<bottom>10</bottom>
					<left>-50</left>
					<width>40</width>
					<height>40</height>
					<texturenofocus>icons/scroll_left_diff.png</texturenofocus>
					<texturefocus colordiffuse="$VAR[ThemeLabelColor]">icons/scroll-left.png</texturefocus>
					<onclick>Action(close)</onclick>
				</control>

			<!--·Panel Background Right-->
				<control type="image">
						<top>-100</top>
						<bottom>0</bottom>
						<left>1070</left>
						<width>750</width>
						<texture>lists/listpanel_back_right.png</texture>
					<visible>!String.IsEmpty(ListItem.Icon)</visible>
					</control>

			<!--·Panel-->
				<control type="panel" id="50">
					<top>-40</top>
					<left>-80</left>
					<width>1200</width>
					<height>950</height>
					<onleft>SetProperty(MediaMenu,True,Home)</onleft>
					<onleft>SetFocus(9050)</onleft>
					<onright condition="Control.IsVisible(95060)">95060</onright>
					<onright condition="!Control.IsVisible(95060) + Control.IsVisible(95061)">95061</onright>
					<onright condition="!Control.IsVisible(95060) + Control.IsVisible(95063)">95063</onright>
					<onright condition="!Control.IsVisible(95060) + !Control.IsVisible(95061)">4400</onright>
					<onup>50</onup>
					<ondown>50</ondown>
					<viewtype label="535">list</viewtype>
					<pagecontrol>95060</pagecontrol>
					<scrolltime tween="quadratic" easing="out">200</scrolltime>
					<itemlayout height="88" width="1200" condition="Container.Content(studios) | Container.Content(movies) | Container.Content(sets) | Container.Content(tvshows) | Container.Content(seasons) | Container.Content(episodes) | Container.Content(videos) | Container.Content(musicvideos) | Container.Content(files) | Container.Content(addons)">
						<control type="image">
							<left>15</left>
							<top>7.5</top>
							<width>70</width>
							<height>70</height>
							<aspectratio>keep</aspectratio>
							<texture background="true">$VAR[FocusedPosterThumbVar]</texture>
							<visible>true</visible>
						</control>
						<control type="label">
							<top>10</top>
							<left>100</left>
							<width>950</width>
							<height>70</height>
							<font>font28</font>
							<textcolor>white</textcolor>
							<label>$INFO[ListItem.Label]</label>
<!--							<animation effect="slide" start="0,0" end="0,25" time="0" condition="String.IsEmpty(ListItem.Genre)">Conditional</animation>-->
						</control>
<!--						<control type="label">-->
<!--							<left>135</left>-->
<!--							<top>55</top>-->
<!--							<width>790</width>-->
<!--							<height>55</height>-->
<!--							<font>font14</font>-->
<!--							<textcolor>grey3</textcolor>-->
<!--							<label>$VAR[VideoListLabel2Var]</label>-->
<!--						</control>-->
						<control type="image">
							<left>935</left>
							<top>46</top>
							<width>42</width>
							<height>30</height>
							<aspectratio>keep</aspectratio>
							<texture>$VAR[UnFocusHDIndicator]</texture>
							<colordiffuse>grey2</colordiffuse>
							<visible>String.IsEqual(ListItem.Label2,ListItem.Rating) | String.IsEqual(ListItem.Label2,ListItem.Year)</visible>
							<visible>Skin.HasSetting(noindicatorlist)</visible>
						</control>
						<control type="image">
							<left>1076</left>
							<top>28</top>
							<width>64</width>
							<height>64</height>
							<aspectratio>keep</aspectratio>
							<texture colordiffuse="$VAR[ThemeLabelColor]">$VAR[ListItem.Overlay]</texture>
						</control>
					</itemlayout>
					<focusedlayout height="88" width="1140" condition="Container.Content(studios) | Container.Content(movies) | Container.Content(sets) | Container.Content(tvshows) | Container.Content(seasons) | Container.Content(episodes) | Container.Content(videos) | Container.Content(musicvideos) | Container.Content(files) | Container.Content(addons)">
						<control type="image">
							<width>1150</width>
							<height>88</height>
							<texture>lists/listselect_fo.png</texture>
						</control>
						<control type="image">
							<left>15</left>
							<top>7.5</top>
							<width>70</width>
							<height>70</height>
							<aspectratio>keep</aspectratio>
							<texture background="true">$VAR[FocusedPosterThumbVar]</texture>
							<visible>true</visible>
						</control>
						<control type="label">
							<top>10</top>
							<left>100</left>
							<width>950</width>
							<height>70</height>
							<font>font28</font>
							<label>$INFO[ListItem.Label]</label>
<!--							<animation effect="slide" start="0,0" end="0,25" time="0" condition="String.IsEmpty(ListItem.Genre)">Conditional</animation>-->
						</control>
<!--						<control type="label">-->
<!--							<left>5</left>-->
<!--							<width>1060</width>-->
<!--							<height>70</height>-->
<!--							<font>font14</font>-->
<!--							<align>right</align>-->
<!--							<label>$VAR[VideoListLabelVar]</label>-->
<!--							<visible>[!String.IsEqual(ListItem.Label2,ListItem.Rating) | Skin.HasSetting(Enable.HideRatings)] + !String.IsEqual(Container.SortMethod,$LOCALIZE[563])</visible>-->
<!--							<visible>!ListItem.IsCollection</visible>-->
<!--						</control>-->
<!--						<control type="label">-->
<!--							<left>135</left>-->
<!--							<top>55</top>-->
<!--							<width>790</width>-->
<!--							<height>60</height>-->
<!--							<font>font14</font>-->
<!--							<label>$VAR[VideoListLabel2Var]</label>-->
<!--						</control>-->
						<control type="image">
							<left>935</left>
							<top>46</top>
							<width>42</width>
							<height>28</height>
							<aspectratio>keep</aspectratio>
							<texture>$VAR[UnFocusHDIndicator]</texture>
							<visible>String.IsEqual(ListItem.Label2,ListItem.Rating) | String.IsEqual(ListItem.Label2,ListItem.Year)</visible>
							<visible>Skin.HasSetting(noindicatorlist)</visible>
						</control>

						<control type="image">
							<left>1076</left>
							<top>28</top>
							<width>64</width>
							<height>64</height>
							<aspectratio>keep</aspectratio>
							<texture colordiffuse="$VAR[ThemeLabelColor]">$VAR[ListItem.Overlay]</texture>
						</control>
					</focusedlayout>
				</control>
			</control>
			<control type="scrollbar" id="95060">
				<left>1170</left>
				<top>40</top>
				<bottom>0</bottom>
				<width>12</width>
				<onup>95060</onup>
				<ondown>95060</ondown>
				<onleft>50</onleft>
				<onright condition="!Control.IsVisible(615)">4400</onright>
				<onright condition="Control.IsVisible(615)">615</onright>
				<texturesliderbackground colordiffuse="1AFFFFFF">colors/white50.png</texturesliderbackground>
				<texturesliderbar colordiffuse="1AFFFFFF">colors/white.png</texturesliderbar>
				<texturesliderbarfocus colordiffuse="$VAR[ThemeLabelColor]">colors/white.png</texturesliderbarfocus>
				<showonepage>true</showonepage>
			</control>

		<!--·Poster-->
			<control type="group">
				<left>1305</left>
				<top>40</top>
				<visible>true</visible>
				<include>VisibleFadeAnimation</include>
				<control type="image">
					<bottom>400</bottom>
					<left>20</left>
					<width>450</width>
					<height>655</height>
					<aspectratio>keep</aspectratio>
					<texture background="true">$VAR[PosterThumb]</texture>
					<fadetime>IconCrossfadeTime</fadetime>
					<bordersize>20</bordersize>
				</control>
				<control type="image">
					<top>570</top>
					<left>40</left>
					<width>410</width>
					<height>655</height>
					<aspectratio>keep</aspectratio>
					<fadetime>IconCrossfadeTime</fadetime>
					<texture diffuse="thumbs/thumb_reflect2.png" flipy="true" background="true">$VAR[PosterThumb]</texture>
				</control>
			</control>

		<!--·Info Flags-->
<!--			<control type="image">-->
<!--				<top>0</top>-->
<!--				<left>1200</left>-->
<!--				<width>130</width>-->
<!--				<height>130</height>-->
<!--				<align>center</align>-->
<!--				<include>MediaFlagValues</include>-->
<!--				<texture>$VAR[VideoRatingFlagVar]</texture>-->
<!--			</control>-->
			<control type="image">
				<top>100</top>
				<left>1210</left>
				<width>120</width>
				<height>120</height>
				<align>center</align>
				<aspectratio>keep</aspectratio>
				<texture>$VAR[PathFlagsStudios]$INFO[ListItem.Studio,,.png]</texture>
				<colordiffuse>grey2</colordiffuse>
				<visible>!String.IsEmpty(ListItem.VideoResolution)</visible>
			</control>
			<control type="image">
				<top>20</top>
				<left>1770</left>
				<width>140</width>
				<height>140</height>
				<include>MediaFlagValues</include>
				<texture>flags/colored/aspectratio/$INFO[ListItem.VideoAspect,,.png]</texture>
			</control>
			<control type="grouplist">
				<bottom>-100</bottom>
				<left>1190</left>
				<itemgap>-40</itemgap>
				<height min="140" max="740">auto</height>
				<control type="image">
					<width>140</width>
					<height>140</height>
					<include>MediaFlagValues</include>
					<texture>flags/colored/resolution/$INFO[ListItem.VideoResolution,,.png]</texture>
				</control>
				<control type="image">
					<width>140</width>
					<height>140</height>
					<include>MediaFlagValues</include>
					<texture>flags/colored/videocodec/$INFO[ListItem.VideoCodec,,.png]</texture>
				</control>
			</control>
			<control type="grouplist">
				<bottom>-100</bottom>
				<left>1770</left>
				<itemgap>-40</itemgap>
				<height min="140" max="740">auto</height>
				<control type="image">
					<width>140</width>
					<height>140</height>
					<include>MediaFlagValues</include>
					<texture>flags/colored/audiochannels/$INFO[ListItem.AudioChannels,,.png]</texture>
				</control>
				<control type="image">
					<width>140</width>
					<height>140</height>
					<include>MediaFlagValues</include>
					<texture>flags/colored/audiocodec/$INFO[ListItem.AudioCodec,,.png]</texture>
				</control>
			</control>

		<!--·Separators-->
			<control type="group">
				<visible>!Container.Content(addons) + [Container.Content(movies) | Container.Content(sets) | Container.Content(tvshows) | Container.Content(videos) | !Container.Content(files)]</visible>
				<control type="group">
					<top>600</top>
					<left>1185</left>
					<control type="image">
						<top>60</top>
						<width>750</width>
						<height>1</height>
						<texture colordiffuse="$VAR[MediumColorVar]">separator_horizontal.png</texture>
						<visible>!String.IsEmpty(ListItem.Title) | !String.IsEmpty(ListItem.Label)</visible>
					</control>
					<control type="image">
						<top>120</top>
						<width>750</width>
						<height>1</height>
						<texture colordiffuse="$VAR[MediumColorVar]">separator_horizontal.png</texture>
						<visible>!String.IsEmpty(ListItem.Title) | !String.IsEmpty(ListItem.Label) | !String.IsEmpty(ListItem.Genre) | !String.IsEmpty(ListItem.Year)</visible>
					</control>
					<control type="image">
						<top>195</top>
						<width>750</width>
						<height>1</height>
						<texture colordiffuse="$VAR[MediumColorVar]">separator_horizontal.png</texture>
						<visible>!String.IsEmpty(ListItem.Genre) | !String.IsEmpty(ListItem.Year)</visible>
					</control>
				</control>

			<!--·Info-->
				<control type="label">
					<top>590</top>
					<left>1200</left>
					<width>700</width>
					<height>200</height>
					<align>center</align>
					<font>font16</font>
					<textcolor>azure</textcolor>
					<label>$INFO[ListItem.Title]</label>
					<scroll>true</scroll>
					<pauseatend>4000</pauseatend>
				</control>
				<control type="label">
					<top>590</top>
					<left>1200</left>
					<width>700</width>
					<height>200</height>
					<align>center</align>
					<font>font16</font>
					<textcolor>azure</textcolor>
					<label>$INFO[ListItem.Label]</label>
					<scroll>true</scroll>
					<pauseatend>4000</pauseatend>
					<visible>String.IsEmpty(ListItem.Title)</visible>
				</control>
				<control type="label">
					<top>640</top>
					<left>1200</left>
					<width>700</width>
					<height>200</height>
					<font>font13</font>
					<textcolor>grey2</textcolor>
					<label>$INFO[ListItem.Genre]</label>
					<scroll>true</scroll>
					<pauseatend>4000</pauseatend>
				</control>
				<control type="grouplist">
					<top>760</top>
					<left>1200</left>
					<itemgap>12</itemgap>
					<orientation>horizontal</orientation>
					<control type="label">
						<width>150</width>
						<height>32</height>
						<font>font13</font>
						<textcolor>grey2</textcolor>
						<label>$LOCALIZE[345] : $INFO[ListItem.Year]</label>
						<visible>Integer.IsGreater(ListItem.Year,0)</visible>
						<animation condition="String.IsEmpty(ListItem.Genre) + String.IsEmpty(ListItem.Rating)" effect="slide" end="0,-15">Conditional</animation>
					</control>
					<control type="label">
						<width>210</width>
						<height>32</height>
						<font>font13</font>
						<textcolor>grey2</textcolor>
						<label>$LOCALIZE[563]: $INFO[ListItem.Rating]</label>
						<visible>Integer.IsGreater(ListItem.Rating,0)</visible>
					</control>
					<control type="image">
						<width>133</width>
						<height>32</height>
						<aspectratio>keep</aspectratio>
						<texture>$INFO[ListItem.Rating,flags/rating/,.png]</texture>
					</control>
					<control type="label">
						<top>635</top>
						<width>190</width>
						<height>32</height>
						<font>font14</font>
						<align>right</align>
						<textcolor>grey2</textcolor>
						<label>$INFO[ListItem.Duration]</label>
					</control>
				</control>
				<control type="textbox" id="7100">
					<top>805</top>
					<left>1200</left>
					<width>690</width>
					<height>260</height>
					<font>font14</font>
					<textcolor>grey</textcolor>
					<align>justify</align>
					<label>$VAR[VideoPlotVar]</label>
					<autoscroll time="3000" delay="8000" repeat="8000">!Skin.HasSetting(Disable.AutoScroll) + !Control.HasFocus(95061)</autoscroll>
					<include>DefaultButtonsValues</include>
					<pagecontrol>95061</pagecontrol>
					<visible>Window.IsVisible(MyVideoNav.xml)</visible>
					<animation condition="String.IsEmpty(ListItem.Year) + String.IsEmpty(ListItem.Rating)" effect="slide" end="0,-70">Conditional</animation>
				</control>
			</control>

			<control type="scrollbar" id="95061">
				<top>800</top>
				<bottom>0</bottom>
				<right>10</right>
				<width>12</width>
				<onup>PageUp(7100)</onup>
				<ondown>PageDown(7100)</ondown>
				<onleft>95060</onleft>
				<onright condition="!Control.IsVisible(615)">4400</onright>
				<onright condition="Control.IsVisible(615)">615</onright>
				<onleft>95060</onleft>
				<texturesliderbackground colordiffuse="1AFFFFFF">colors/white50.png</texturesliderbackground>
				<texturesliderbar colordiffuse="1AFFFFFF">colors/white.png</texturesliderbar>
				<texturesliderbarfocus colordiffuse="$VAR[ThemeLabelColor]">colors/white.png</texturesliderbarfocus>
				<showonepage>false</showonepage>
				<visible>!String.IsEmpty(Listitem.Plot)</visible>
			</control>

			<control type="group">
				<description>Busy animation</description>
				<visible>Container(7100).IsUpdating</visible>
				<include>SettingsFadeAnimation</include>
				<left>236</left>
				<top>552</top>
				<control type="image">
					<width>96</width>
					<height>96</height>
					<texture colordiffuse="$VAR[ThemeLabelColor]">android/spinner_48_inner_holo.png</texture>
					<aspectratio>keep</aspectratio>
					<animation effect="rotate" start="0" end="360" center="auto" time="2000" loop="true" condition="true">Conditional</animation>
				</control>
				<control type="image">
					<width>96</width>
					<height>96</height>
					<texture colordiffuse="$VAR[ThemeLabelColor]">android/spinner_48_outer_holo.png</texture>
					<aspectratio>keep</aspectratio>
					<animation effect="rotate" start="360" end="0" center="auto" time="2000" loop="true" condition="true">Conditional</animation>
				</control>
			</control>
		</control>
	</include>

<!-- ·Music List -->
	<include name="MusicList">
		<control type="group">
			<visible>Control.IsVisible(50) + !Window.IsActive(addoninformation) + Window.IsActive(MyMusicNav.xml)</visible>
			<include>ViewAnimation</include>
			<control type="group">
				<left>100</left>
				<top>-95</top>
				<control type="image">
					<left>-32</left>
					<top>180</top>
					<width>1204</width>
					<height>955</height>
					<texture colordiffuse="E6FFFFFF" border="40">lists/listpanel_back.png</texture>
				</control>
				<control type="panel" id="50">
					<top>200</top>
					<width>1140</width>
					<height>900</height>
					<onleft>SetProperty(MediaMenu,True,Home)</onleft>
					<onleft>SetFocus(9050)</onleft>
					<onright condition="Control.IsVisible(95060)">95060</onright>
					<onright condition="!Control.IsVisible(95060) + Control.IsVisible(95061)">95061</onright>
					<onright condition="!Control.IsVisible(95060) + Control.IsVisible(95063)">95063</onright>
					<onright condition="!Control.IsVisible(95060) + !Control.IsVisible(95061)">4400</onright>
					<onup>50</onup>
					<ondown>50</ondown>
					<viewtype label="535">list</viewtype>
					<pagecontrol>95060</pagecontrol>
					<scrolltime tween="quadratic" easing="out">200</scrolltime>
					<itemlayout height="88" width="1140" condition="Container.Content(albums) | Container.Content(songs)">
						<control type="image">
							<left>15</left>
							<top>8</top>
							<width>80</width>
							<height>80</height>
							<aspectratio>keep</aspectratio>
							<texture background="true">$INFO[ListItem.Icon,views/list/]</texture>
							<colordiffuse>grey2</colordiffuse>
							<visible>!Container.Content(songs) + String.StartsWith(ListItem.Icon,Default)</visible>
						</control>
						<control type="image">
							<left>15</left>
							<top>8</top>
							<width>80</width>
							<height>80</height>
							<aspectratio>keep</aspectratio>
							<texture background="true">$INFO[ListItem.Icon]</texture>
							<visible>!Container.Content(songs) + !String.StartsWith(ListItem.Icon,Default)</visible>
						</control>
						<control type="label">
							<left>5</left>
							<top>8</top>
							<width>115</width>
							<height>80</height>
							<font>font45caps_title</font>
							<textcolor>grey2</textcolor>
							<align>center</align>
							<label>[B]$INFO[ListItem.Tracknumber][/B]</label>
							<visible>Container.Content(songs)</visible>
						</control>
						<control type="label">
							<left>135</left>
							<width>985</width>
							<height>70</height>
							<font>font28</font>
							<textcolor>grey2</textcolor>
							<label>$VAR[MusicListLabel3Var]</label>
							<animation effect="slide" start="0,0" end="0,25" time="0" condition="String.IsEmpty(ListItem.Artist)">Conditional</animation>
						</control>
						<control type="label">
							<left>135</left>
							<top>50</top>
							<width>810</width>
							<height>60</height>
							<font>font14</font>
							<textcolor>grey3</textcolor>
							<label>$INFO[ListItem.Artist]</label>
						</control>
						<control type="label">
							<left>60</left>
							<width>1060</width>
							<height>70</height>
							<font>font28</font>
							<align>right</align>
							<textcolor>grey2</textcolor>
							<label fallback="• • • •">$VAR[MusicListLabel4Var]</label>
							<visible>!ListItem.IsParentFolder</visible>
						</control>
						<control type="image">
							<left>950</left>
							<top>50</top>
							<width>180</width>
							<height>70</height>
							<aspectratio>keep</aspectratio>
							<colordiffuse>grey3</colordiffuse>
							<texture>flags/rating/0.png</texture>
							<visible>!ListItem.IsParentFolder + ![ListItem.IsPlaying | ListItem.IsSelected] + String.IsEmpty(ListItem.UserRating)</visible>
						</control>
						<control type="image">
							<left>950</left>
							<top>50</top>
							<width>180</width>
							<height>70</height>
							<aspectratio>keep</aspectratio>
							<colordiffuse>$VAR[ThemeLabelColor]</colordiffuse>
							<texture fallback="flags/rating/0.png">$INFO[ListItem.UserRating,flags/rating/,.png]</texture>
							<visible>!ListItem.IsParentFolder + ![ListItem.IsPlaying | ListItem.IsSelected] + !String.IsEmpty(ListItem.UserRating)</visible>
						</control>
						<control type="image">
							<left>950</left>
							<top>50</top>
							<width>180</width>
							<height>70</height>
							<aspectratio>keep</aspectratio>
							<colordiffuse>$VAR[ThemeLabelColor]</colordiffuse>
							<texture fallback="flags/rating/0.png">$INFO[ListItem.UserRating,flags/rating/,.png]</texture>
							<visible>!ListItem.IsParentFolder + [ListItem.IsPlaying | ListItem.IsSelected]</visible>
						</control>
					</itemlayout>
					<focusedlayout height="88" width="1140" condition="Container.Content(albums) | Container.Content(songs)">
						<control type="image">
							<width>1140</width>
							<height>100</height>
							<texture border="4">lists/listselect_fo.png</texture>
							<visible>Control.HasFocus(50)</visible>
							<include>VisibleFadeAnimation</include>
						</control>
						<control type="image">
							<left>15</left>
							<top>8</top>
							<width>80</width>
							<height>80</height>
							<aspectratio>keep</aspectratio>
							<texture background="true">$INFO[ListItem.Icon,views/list/]</texture>
							<visible>!Container.Content(songs) + String.StartsWith(ListItem.Icon,Default)</visible>
						</control>
						<control type="image">
							<left>15</left>
							<top>8</top>
							<width>80</width>
							<height>80</height>
							<aspectratio>keep</aspectratio>
							<texture background="true">$INFO[ListItem.Icon]</texture>
							<visible>!Container.Content(songs) + !String.StartsWith(ListItem.Icon,Default)</visible>
						</control>
						<control type="label">
							<left>5</left>
							<top>8</top>
							<width>115</width>
							<height>80</height>
							<font>font45caps_title</font>
							<align>center</align>
							<label>[B]$INFO[ListItem.Tracknumber][/B]</label>
							<visible>Container.Content(songs)</visible>
						</control>
						<control type="label">
							<left>135</left>
							<width>985</width>
							<height>70</height>
							<font>font28</font>
							<label>$VAR[MusicListLabel3Var]</label>
							<animation effect="slide" start="0,0" end="0,25" time="0" condition="String.IsEmpty(ListItem.Artist)">Conditional</animation>
						</control>
						<control type="label">
							<left>135</left>
							<top>50</top>
							<width>810</width>
							<height>60</height>
							<font>font14</font>
							<label>$INFO[ListItem.Artist]</label>
						</control>
						<control type="label">
							<left>60</left>
							<width>1060</width>
							<height>70</height>
							<font>font28</font>
							<align>right</align>
							<label fallback="• • • •">$VAR[MusicListLabel4Var]</label>
							<visible>!ListItem.IsParentFolder</visible>
						</control>
						<control type="image">
							<left>950</left>
							<top>50</top>
							<width>180</width>
							<height>70</height>
							<aspectratio>keep</aspectratio>
							<colordiffuse>$VAR[StarRatingDiffuseVar]</colordiffuse>
							<texture fallback="rating0.png">$INFO[ListItem.UserRating,flags/rating/,.png]</texture>
							<visible>!ListItem.IsParentFolder</visible>
						</control>
					</focusedlayout>
					<itemlayout height="88" width="1140" condition="Container.Content(addons)">
						<control type="image">
							<left>15</left>
							<top>8</top>
							<width>80</width>
							<height>80</height>
							<aspectratio>keep</aspectratio>
							<texture background="true">$INFO[ListItem.Icon,views/list/]</texture>
							<colordiffuse>grey2</colordiffuse>
							<visible>String.StartsWith(ListItem.Icon,Default)</visible>
						</control>
						<control type="image">
							<left>15</left>
							<top>8</top>
							<width>80</width>
							<height>80</height>
							<aspectratio>keep</aspectratio>
							<texture background="true">$INFO[ListItem.Icon]</texture>
							<visible>!String.StartsWith(ListItem.Icon,Default)</visible>
						</control>
						<control type="label">
							<left>135</left>
							<width>905</width>
							<height>70</height>
							<font>font28</font>
							<textcolor>grey2</textcolor>
							<label>$INFO[ListItem.Label]</label>
							<animation effect="slide" start="0,0" end="0,25" time="0" condition="String.IsEmpty(ListItem.AddonSummary)">Conditional</animation>
						</control>
						<control type="label">
							<left>135</left>
							<top>50</top>
							<width>905</width>
							<height>60</height>
							<font>font14</font>
							<textcolor>grey3</textcolor>
							<label>$INFO[ListItem.AddonSummary]</label>
						</control>
						<control type="label">
							<left>60</left>
							<width>1060</width>
							<height>70</height>
							<font>font14</font>
							<align>right</align>
							<textcolor>grey2</textcolor>
							<label>$INFO[ListItem.Label2]</label>
						</control>
					</itemlayout>
					<focusedlayout height="88" width="1140" condition="Container.Content(addons)">
						<control type="image">
							<width>1140</width>
							<height>80</height>
							<texture border="4">lists/listselect_fo.png</texture>
							<visible>Control.HasFocus(50)</visible>
							<include>VisibleFadeAnimation</include>
						</control>
						<control type="image">
							<left>15</left>
							<top>8</top>
							<width>80</width>
							<height>80</height>
							<aspectratio>keep</aspectratio>
							<texture background="true">$INFO[ListItem.Icon,views/list/]</texture>
							<visible>String.StartsWith(ListItem.Icon,Default)</visible>
						</control>
						<control type="image">
							<left>15</left>
							<top>8</top>
							<width>80</width>
							<height>80</height>
							<aspectratio>keep</aspectratio>
							<texture background="true">$INFO[ListItem.Icon]</texture>
							<visible>!String.StartsWith(ListItem.Icon,Default)</visible>
						</control>
						<control type="label">
							<left>135</left>
							<width>905</width>
							<height>70</height>
							<font>font28</font>
							<label>$INFO[ListItem.Label]</label>
							<animation effect="slide" start="0,0" end="0,25" time="0" condition="String.IsEmpty(ListItem.AddonSummary)">Conditional</animation>
						</control>
						<control type="label">
							<left>135</left>
							<top>50</top>
							<width>905</width>
							<height>60</height>
							<font>font14</font>
							<label>$INFO[ListItem.AddonSummary]</label>
						</control>
						<control type="label">
							<left>60</left>
							<width>1060</width>
							<height>70</height>
							<font>font14</font>
							<align>right</align>
							<label>$INFO[ListItem.Label2]</label>
						</control>
					</focusedlayout>
					<itemlayout height="88" width="1140" condition="![Container.Content(albums) | Container.Content(songs) | Container.Content(addons)]">
						<control type="image">
							<left>15</left>
							<top>8</top>
							<width>80</width>
							<height>80</height>
							<aspectratio>keep</aspectratio>
							<texture background="true">$INFO[ListItem.Icon,views/list/]</texture>
							<colordiffuse>grey2</colordiffuse>
							<visible>String.StartsWith(ListItem.Icon,Default)</visible>
						</control>
						<control type="image">
							<left>15</left>
							<top>8</top>
							<width>80</width>
							<height>80</height>
							<aspectratio>keep</aspectratio>
							<texture background="true">$INFO[ListItem.Icon]</texture>
							<visible>!String.StartsWith(ListItem.Icon,Default)</visible>
						</control>
						<control type="label">
							<left>135</left>
							<width>1005</width>
							<height>80</height>
							<font>font28</font>
							<textcolor>grey2</textcolor>
							<label>$INFO[ListItem.Label]</label>
						</control>
						<control type="label">
							<left>60</left>
							<width>1005</width>
							<height>80</height>
							<font>font14</font>
							<align>right</align>
							<textcolor>grey2</textcolor>
							<label>$INFO[ListItem.Label2]</label>
						</control>
					</itemlayout>
					<focusedlayout height="88" width="1140" condition="![Container.Content(albums) | Container.Content(songs) | Container.Content(addons)]">
						<control type="image">
							<width>1140</width>
							<height>80</height>
							<texture border="4">lists/listselect_fo.png</texture>
							<visible>Control.HasFocus(50)</visible>
							<include>VisibleFadeAnimation</include>
						</control>
						<control type="image">
							<left>15</left>
							<top>8</top>
							<width>80</width>
							<height>80</height>
							<aspectratio>keep</aspectratio>
							<texture background="true">$INFO[ListItem.Icon,views/list/]</texture>
							<visible>String.StartsWith(ListItem.Icon,Default)</visible>
						</control>
						<control type="image">
							<left>15</left>
							<top>8</top>
							<width>80</width>
							<height>80</height>
							<aspectratio>keep</aspectratio>
							<texture background="true">$INFO[ListItem.Icon]</texture>
							<visible>!String.StartsWith(ListItem.Icon,Default)</visible>
						</control>
						<control type="label">
							<left>135</left>
							<width>1005</width>
							<height>80</height>
							<font>font28</font>
							<label>$INFO[ListItem.Label]</label>
						</control>
						<control type="label">
							<left>60</left>
							<width>1005</width>
							<height>80</height>
							<font>font14</font>
							<align>right</align>
							<label>$INFO[ListItem.Label2]</label>
						</control>
					</focusedlayout>
				</control>
				<control type="scrollbar" id="95060">
					<left>1142</left>
					<top>180</top>
					<width>12</width>
					<height>840</height>
					<onup>95060</onup>
					<ondown>95060</ondown>
					<onleft>50</onleft>
					<onright condition="!Control.IsVisible(615)">4400</onright>
					<onright condition="Control.IsVisible(615)">615</onright>
					<texturesliderbackground colordiffuse="1AFFFFFF">colors/white50.png</texturesliderbackground>
					<texturesliderbar colordiffuse="1AFFFFFF">colors/white.png</texturesliderbar>
					<texturesliderbarfocus colordiffuse="$VAR[ThemeLabelColor]">colors/white.png</texturesliderbarfocus>
					<showonepage>false</showonepage>
				</control>
			</control>
			<control type="group">
				<left>1296</left>
				<top>155</top>
				<visible>Container.Content(artists) | Container.Content(albums) | Container.Content(songs) | Container.Content() | Container.Content(files) | Container.Content(addons)</visible>
				<control type="image">
					<width>570</width>
					<height>700</height>
					<aspectratio>keep</aspectratio>
					<texture background="true">$INFO[ListItem.Icon]</texture>
					<fadetime>IconCrossfadeTime</fadetime>
					<bordertexture border="20">thumbs/thumb_shadow.png</bordertexture>
					<bordersize>20</bordersize>
				</control>
				<control type="image">
					<top>795</top>
					<width>570</width>
					<height>700</height>
					<aspectratio>keep</aspectratio>
					<fadetime>IconCrossfadeTime</fadetime>
					<texture diffuse="thumbs/thumb_reflect.png" flipy="true" background="true">$INFO[ListItem.Icon]</texture>
				</control>
			</control>
			<control type="group">
				<left>1296</left>
				<top>155</top>
				<visible>Container.Content(genres)</visible>
				<control type="image">
					<width>570</width>
					<height>700</height>
					<aspectratio>keep</aspectratio>
					<texture background="true" fallback="special://skin/extras/musicgenres/default.jpg">$VAR[MusicGenreIconsPathVar]$INFO[ListItem.Label,,.jpg]</texture>
					<fadetime>IconCrossfadeTime</fadetime>
					<bordertexture border="20">thumbs/thumb_shadow.png</bordertexture>
					<bordersize>20</bordersize>
				</control>
				<control type="image">
					<top>795</top>
					<width>570</width>
					<height>700</height>
					<aspectratio>keep</aspectratio>
					<fadetime>IconCrossfadeTime</fadetime>
					<texture diffuse="thumbs/thumb_reflect.png" flipy="true" background="true" fallback="special://skin/extras/musicgenres/default.jpg">$INFO[ListItem.Label,special://skin/extras/musicgenres/,.jpg]</texture>
				</control>
			</control>
			<control type="group" id="8001">
				<left>1280</left>
				<top>-95</top>
				<visible>Container.Content(playlists)</visible>
				<animation effect="fade" time="250">Visible</animation>
				<control type="image">
					<top>180</top>
					<width>570</width>
					<height>955</height>
					<texture colordiffuse="E6FFFFFF" border="40">lists/listpanel_back.png</texture>
				</control>
				<control type="scrollbar" id="95063">
					<left>540</left>
					<top>200</top>
					<width>12</width>
					<height>900</height>
					<onleft>8000</onleft>
					<onright>4400</onright>
					<texturesliderbackground colordiffuse="1AFFFFFF">colors/white50.png</texturesliderbackground>
					<texturesliderbar colordiffuse="1AFFFFFF">colors/white.png</texturesliderbar>
					<texturesliderbarfocus colordiffuse="$VAR[ThemeLabelColor]">colors/white.png</texturesliderbarfocus>
					<showonepage>false</showonepage>
				</control>
				<control type="panel" id="8000">
					<left>26</left>
					<top>180</top>
					<width>516</width>
					<height>840</height>
					<onleft>50</onleft>
					<onright condition="Control.IsVisible(95063)">95063</onright>
					<onright condition="!Control.IsVisible(95063)">4400</onright>
					<viewtype label="535">list</viewtype>
					<pagecontrol>95063</pagecontrol>
					<scrolltime tween="quadratic" easing="out">200</scrolltime>
					<animation effect="fade" start="100" end="0" time="150" condition="Container(8000).IsUpdating">Conditional</animation>
					<itemlayout height="60" width="516">
						<control type="label">
							<width>516</width>
							<height>60</height>
							<font>font14</font>
							<textcolor>grey2</textcolor>
							<textoffsetx>15</textoffsetx>
							<label>$INFO[ListItem.Label]</label>
						</control>
						<control type="label">
							<width>516</width>
							<height>60</height>
							<font>font14</font>
							<align>right</align>
							<textcolor>grey2</textcolor>
							<textoffsetx>15</textoffsetx>
							<label>$INFO[ListItem.Artist]</label>
						</control>
					</itemlayout>
					<focusedlayout height="60" width="516">
						<control type="image">
							<left>5</left>
							<width>506</width>
							<height>60</height>
							<texture border="5">lists/listselect_fo.png</texture>
						</control>
						<control type="label">
							<width>516</width>
							<height>60</height>
							<font>font14</font>
							<textoffsetx>15</textoffsetx>
							<label>$INFO[ListItem.Label]</label>
						</control>
						<control type="label">
							<width>516</width>
							<height>60</height>
							<font>font14</font>
							<align>right</align>
							<textoffsetx>15</textoffsetx>
							<label>$INFO[ListItem.Artist]</label>
						</control>
					</focusedlayout>
					<content target="music" sortby="$VAR[ListSortByVar]" sortorder="ascending">$VAR[ListContentVar]</content>
				</control>
				<control type="group">
					<description>Busy animation</description>
					<visible>Container(8000).IsUpdating</visible>
					<include>SettingsFadeAnimation</include>
					<left>236</left>
					<top>552</top>
					<control type="image">
						<width>96</width>
						<height>96</height>
						<texture colordiffuse="$VAR[ThemeLabelColor]">android/spinner_48_inner_holo.png</texture>
						<aspectratio>keep</aspectratio>
						<animation effect="rotate" start="0" end="360" center="auto" time="2000" loop="true" condition="true">Conditional</animation>
					</control>
					<control type="image">
						<width>96</width>
						<height>96</height>
						<texture colordiffuse="$VAR[ThemeLabelColor]">android/spinner_48_outer_holo.png</texture>
						<aspectratio>keep</aspectratio>
						<animation effect="rotate" start="360" end="0" center="auto" time="2000" loop="true" condition="true">Conditional</animation>
					</control>
				</control>
			</control>
		</control>
	</include>

<!-- ·Addon List -->
	<include name="AddonList">
		<include condition="String.IsEmpty(ListItem.Art(fanart))">FullScreen_Vignette</include>
		<control type="group">
			<visible>Control.IsVisible(50) + Container.Content(addons) | !Window.IsActive(addoninformation)</visible>
			<include>ViewAnimation</include>
			<control type="group">
				<left>70</left>
				<top>-110</top>
				<control type="image">
					<top>195</top>
					<left>-30</left>
					<width>1850</width>
					<height>955</height>
					<texture border="40">lists/listpanel_back_diffuse.png</texture>
				</control>
				<control type="image">
					<top>150</top>
					<left>-30</left>
					<width>1850</width>
					<height>70</height>
					<align>center</align>
					<texture>dialogs/dialog_window_banner.png</texture>
				</control>
				<control type="radiobutton">
					<top>160</top>
					<width>48</width>
					<height>48</height>
					<radiowidth>48</radiowidth>
					<radioheight>48</radioheight>
					<texturefocus />
					<texturenofocus />
					<label/>
					<textureradioofffocus>icons/scroll-left.png</textureradioofffocus>
					<textureradiooffnofocus colordiffuse="EEFFFFFF">icons/kodi_logo.png</textureradiooffnofocus>
					<textureradioonfocus>icons/scroll-left.png</textureradioonfocus>
					<textureradioonnofocus colordiffuse="EEFFFFFF">icons/kodi_logo.png</textureradioonnofocus>
					<onclick>Action(close)</onclick>
				</control>
				<control type="panel" id="50">
					<top>220</top>
					<width>1140</width>
					<height>890</height>
					<onleft>SetProperty(MediaMenu,True,Home)</onleft>
					<onleft>SetFocus(9050)</onleft>
					<onright>95060</onright>
					<onup>50</onup>
					<ondown>50</ondown>
					<viewtype label="535">list</viewtype>
					<pagecontrol>95060</pagecontrol>
					<scrolltime tween="quadratic" easing="out">200</scrolltime>
					<itemlayout height="90" width="1140">
						<control type="image">
							<left>15</left>
							<top>8</top>
							<width>80</width>
							<height>80</height>
							<aspectratio>keep</aspectratio>
							<texture background="true">$INFO[ListItem.Icon,views/list/]</texture>
							<colordiffuse>grey2</colordiffuse>
							<visible>String.StartsWith(ListItem.Icon,Default)</visible>
						</control>
						<control type="image">
							<left>15</left>
							<top>8</top>
							<width>80</width>
							<height>80</height>
							<aspectratio>keep</aspectratio>
							<texture background="true">$INFO[ListItem.Icon]</texture>
							<visible>!String.StartsWith(ListItem.Icon,Default)</visible>
						</control>
						<control type="label">
							<left>135</left>
							<width>985</width>
							<height>70</height>
							<font>font28</font>
							<textcolor>grey2</textcolor>
							<label>$INFO[ListItem.Label]</label>
							<animation effect="slide" start="0,0" end="0,25" time="0" condition="String.IsEmpty(ListItem.AddonSummary)">Conditional</animation>
						</control>
						<control type="label">
							<left>135</left>
							<top>50</top>
							<width>985</width>
							<height>60</height>
							<font>font14</font>
							<textcolor>grey3</textcolor>
							<label>$INFO[ListItem.AddonSummary]</label>
						</control>
						<control type="label">
							<left>60</left>
							<width>1060</width>
							<height>70</height>
							<font>font14</font>
							<align>right</align>
							<textcolor>grey2</textcolor>
							<label>$INFO[ListItem.Label2]</label>
						</control>
					</itemlayout>
					<focusedlayout height="90" width="1140">
						<control type="image">
						    <top>12</top>
							<width>1140</width>
							<height>95</height>
							<texture border="4">lists/listselect_fo.png</texture>
							<visible>Control.HasFocus(50)</visible>
							<include>VisibleFadeAnimation</include>
						</control>
						<control type="image">
							<left>15</left>
							<top>8</top>
							<width>80</width>
							<height>80</height>
							<aspectratio>keep</aspectratio>
							<texture background="true">$INFO[ListItem.Icon,views/list/]</texture>
							<visible>String.StartsWith(ListItem.Icon,Default)</visible>
						</control>
						<control type="image">
							<left>15</left>
							<top>8</top>
							<width>80</width>
							<height>80</height>
							<aspectratio>keep</aspectratio>
							<texture background="true">$INFO[ListItem.Icon]</texture>
							<visible>!String.StartsWith(ListItem.Icon,Default)</visible>
						</control>
						<control type="label">
							<left>135</left>
							<width>985</width>
							<height>70</height>
							<font>font28</font>
							<label>$INFO[ListItem.Label]</label>
							<animation effect="slide" start="0,0" end="0,25" time="0" condition="String.IsEmpty(ListItem.AddonSummary)">Conditional</animation>
						</control>
						<control type="label">
							<left>135</left>
							<top>50</top>
							<width>985</width>
							<height>60</height>
							<font>font14</font>
							<label>$INFO[ListItem.AddonSummary]</label>
						</control>
						<control type="label">
							<left>60</left>
							<width>1060</width>
							<height>70</height>
							<font>font14</font>
							<align>right</align>
							<label>$INFO[ListItem.Label2]</label>
						</control>
					</focusedlayout>
				</control>
				<control type="scrollbar" id="95060">
					<left>1150</left>
					<top>220</top>
					<width>20</width>
					<height>925</height>
					<onup>95060</onup>
					<ondown>95060</ondown>
					<onleft>50</onleft>
					<onright>SetProperty(MediaMenu,True,Home)</onright>
					<onright>SetFocus(9050)</onright>
					<texturesliderbackground colordiffuse="1AFFFFFF">colors/white50.png</texturesliderbackground>
					<texturesliderbar colordiffuse="1AFFFFFF">colors/white.png</texturesliderbar>
					<texturesliderbarfocus colordiffuse="$VAR[ThemeLabelColor]">colors/white.png</texturesliderbarfocus>
					<showonepage>true</showonepage>
				</control>
			</control>
			<control type="group">
				<left>1315</left>
				<top>100</top>
				<control type="image">
					<bottom>440</bottom>
					<width>500</width>
					<height>500</height>
					<aspectratio>keep</aspectratio>
					<texture background="true">$INFO[ListItem.Icon]</texture>
					<fadetime>IconCrossfadeTime</fadetime>
<!--					<bordertexture border="20">thumbs/thumb_shadow.png</bordertexture>-->
					<bordersize>20</bordersize>
				</control>
				<control type="image">
					<top>525</top>
					<left>15</left>
					<width>465</width>
					<height>465</height>
					<aspectratio>keep</aspectratio>
					<fadetime>IconCrossfadeTime</fadetime>
					<texture diffuse="thumbs/thumb_reflect2.png" flipy="true" background="true">$INFO[ListItem.Icon]</texture>
				</control>
				<control type="label">
					<top>540</top>
					<left>-55</left>
					<align>center</align>
					<width>600</width>
					<height>50</height>
					<font>font16</font>
					<scroll>true</scroll>
					<label>$INFO[ListItem.Label]</label>
				</control>
				<control type="textbox">
					<top>600</top>
					<right>65</right>
					<width>570</width>
					<height>150</height>
					<align>justify</align>
					<aligny>top</aligny>
					<wrapmultiline>true</wrapmultiline>
					<autoscroll time="2500" delay="3000" repeat="3000">true</autoscroll>
					<font>font14</font>
					<label>$INFO[ListItem.AddonDescription]</label>
				</control>
				<control type="group">
				    <visible>!String.StartsWith(ListItem.Icon,Default)</visible>
					<visible>Window.IsVisible(AddonBrowser)</visible>
					<left>-30</left>
					<control type="label">
						<top>760</top>
						<width>570</width>
						<wrapmultiline>true</wrapmultiline>
						<height>80</height>
						<font>font13</font>
						<label>$LOCALIZE[19114]: $INFO[ListItem.AddonVersion]</label>
					</control>
					<control type="label">
						<top>810</top>
						<width>570</width>
						<wrapmultiline>true</wrapmultiline>
						<height>80</height>
						<font>font13</font>
						<label>$LOCALIZE[24084]: $INFO[ListItem.AddonInstallDate]</label>
					</control>
					<control type="label">
						<top>860</top>
						<width>570</width>
						<wrapmultiline>true</wrapmultiline>
						<height>80</height>
						<font>font13</font>
						<label>$LOCALIZE[12014]: $INFO[ListItem.AddonLastUpdated]</label>
					</control>
				</control>
			</control>
		</control>
	</include>

</includes>