<?xml version="1.0" encoding="UTF-8" standalone="yes"?>
<addons>
	
<!-- Skin Aeon GoVi -->
	<addon id="skin.aeon.govi" version="20.4.14" name="Aeon GoVi" provider-name="GoVi">
		<requires>
			<import addon="xbmc.gui" version="5.14.0" />
			<import addon="script.skinshortcuts" version="1.0.10" />
			<import addon="script.embuary.helper" version="1.4.5" />
			<import addon="script.embuary.info" version="1.2.5" />
			<import addon="script.globalsearch" version="8.0.11" />
			<import addon="script.module.youtube.dl" version="19.912.1" />
			<import addon="plugin.video.themoviedb.helper" version="2.0.18" />
			<import addon="plugin.video.youtube" version="6.7.0" />
			<import addon="plugin.program.favourites.plus" version="1.0.62" />
			<import addon="plugin.program.autocompletion" version="1.0.1" />
			<import addon="metadata.tvdb.com" version="3.2.4" />
			<import addon="service.library.data.provider" version="0.0.7" />
			<import addon="resource.images.studios.white" version="0.0.24" />
			<import addon="resource.images.studios.coloured" version="0.0.18" />
			<import addon="resource.images.recordlabels.white" version="0.0.1" />
			<import addon="weather.yahoo" version="5.0.6" />
		</requires>
		<extension point="xbmc.gui.skin" debugging="false">
			<res width="1920" height="1080" aspect="16:9" default="true" folder="1080p" />
		</extension>
		<extension point="xbmc.addon.metadata">
			<summary lang="en_GB">Aeon Nox: Silvo redesign by GoVi</summary>
			<summary lang="es_ES">Rediseño de Aeon Nox: Silvo hecho por GoVi</summary>
			<description lang="en_GB">Completely redesigned skin, optimized for mouse navigation. "Super Favourites" modified and integrated into the skin. Now "Favorites Plus". (Does not overwrite the old Super Favourites) and more extras...</description>
			<description lang="es_ES">Skin completamente rediseñada, optimizada para navegar con ratón. "Super Favourites" modificado e integrado en la skin. Ahora es "Favoritos Plus". (No sobrescribe al antiguo Super Favourites) y más extras...</description>
			<platform>all</platform>
			<license>CC BY-NC-SA 4.0</license>
			<assets>
				<icon>icon.png</icon>
				<fanart>fanart.jpg</fanart>
				<screenshot>resources/screenshots/screenshot001.jpg</screenshot>
				<screenshot>resources/screenshots/screenshot002.jpg</screenshot>
			</assets>
		</extension>
	</addon>

<!-- Skin Aura -->
	<addon id="skin.aura" name="Aura" provider-name="jurialmunkey" version="1.0.2">
		<requires>
			<import addon="xbmc.gui" version="5.14.0" />
			<import addon="script.skinshortcuts" version="0.4.0" />
			<import addon="script.extendedinfo" version="3.0.0" />
			<import addon="script.image.resource.select" version="0.0.5" />
			<import addon="plugin.program.autocompletion" version="1.0.1" />
			<import addon="resource.images.studios.white" version="0.0.10" />
			<import addon="resource.images.moviegenreicons.transparent" version="0.0.6" />
		</requires>
		<extension debugging="false" defaultthemename="Textures.xbt" effectslowdown="1" point="xbmc.gui.skin">
			<res aspect="16:9" default="true" folder="1080i" height="1080" width="1920" />
		</extension>
		<extension point="xbmc.addon.metadata">
			<summary lang="en_GB">Minimalistic. Customisable. Multiple Widgets.</summary>
			<description lang="en_GB">Aura is highly customisable skin with multiple widgets and a horizontal home menu. Aura combines the minimalism and rounded edges of Arctic Zephyr with the sleek customisability of Horizon. Whilst the best Aura experience is had with a remote, Aura has been designed to accomodate mouse and touch users where possible.</description>
			<platform>all</platform>
			<license>Creative Commons Attribution Non-Commercial Share-Alike 4.0</license>
			<forum>https://forum.kodi.tv/showthread.php?tid=328558</forum>
			<source>https://github.com/jurialmunkey/skin.aura</source>
			<assets>
				<icon>icon.png</icon>
				<fanart>fanart.jpg</fanart>
				<screenshot>resources/screenshot-01.jpg</screenshot>
				<screenshot>resources/screenshot-02.jpg</screenshot>
				<screenshot>resources/screenshot-03.jpg</screenshot>
				<screenshot>resources/screenshot-04.jpg</screenshot>
				<screenshot>resources/screenshot-05.jpg</screenshot>
			</assets>
		</extension>
	</addon>
	
</addons>