<?xml version='1.0' encoding='UTF-8'?>
<shortcuts>
	<shortcut>
		<defaultID>movies</defaultID>
		<label>20342</label>
		<label2 />
		<icon>special://skin/media/DefaultMovies.png</icon>
		<thumb>special://skin/media/DefaultMovies.png</thumb>
		<action>ActivateWindow(Videos,videodb://movies/titles/,return)</action>
	</shortcut>
	<shortcut>
		<defaultID>tvshows</defaultID>
		<label>20343</label>
		<label2 />
		<icon>special://skin/media/DefaultTVShows.png</icon>
		<thumb>special://skin/media/DefaultTVShows.png</thumb>
		<action>ActivateWindow(Videos,videodb://tvshows/titles/,return)</action>
	</shortcut>
	<shortcut>
		<defaultID>television</defaultID>
		<label>34164</label>
		<label2 />
		<icon>special://skin/media/DefaultAddonPVRClient.png</icon>
		<thumb>special://skin/media/DefaultAddonPVRClient.png</thumb>
		<action>ActivateWindow(TVChannels)</action>
		</shortcut>
	<shortcut>
		<defaultID>sports</defaultID>
		<label>19548</label>
		<label2 />
		<icon>special://skin/media/DefaultSports.png</icon>
		<thumb>special://skin/media/DefaultSports.png</thumb>
		<action>noop</action>
	</shortcut>
	<shortcut>
		<defaultID>music</defaultID>
		<label>2</label>
		<label2 />
		<icon>special://skin/media/DefaultMusicSongs.png</icon>
		<thumb>special://skin/media/DefaultAudio.png</thumb>
		<action>ActivateWindow(Music,files)</action>
	</shortcut>
	<shortcut>
		<defaultID>search</defaultID>
		<label>137</label>
		<label2 />
		<icon>special://skin/media/DefaultAddonsSearch.png</icon>
		<thumb>special://skin/media/DefaultAddonsSearch.png</thumb>
		<action>RunAddOn(script.globalsearch)</action>
		</shortcut>
	</shortcuts>
