<?xml version='1.0' encoding='UTF-8'?>
<shortcuts>
	<shortcut>
		<defaultID>search</defaultID>
		<label>34138</label>
		<label2>Elemento Personalizado</label2>
		<icon />
		<thumb />
		<action>RunAddOn(script.globalsearch)</action>
	</shortcut>
	<shortcut>
		<defaultID>search</defaultID>
		<label>34139</label>
		<label2>Elemento Personalizado</label2>
		<icon />
		<thumb />
		<action>ActivateWindow(Videos,"plugin://plugin.video.youtube/kodion/search/list/",return)</action>
	</shortcut>
</shortcuts>
