<?xml version='1.0' encoding='UTF-8'?>
<shortcuts>
	<shortcut>
		<defaultID>sports</defaultID>
		<label>34144</label>
		<label2>Elemento Personalizado</label2>
		<icon />
		<thumb />
		<action>ActivateWindow(Videos,"plugin://plugin.video.kodispaintv/?url=%24doregex%5Bagenda%5D&amp;mode=17&amp;regexs=%7B%27agenda%27%3A%20%7B%27name%27%3A%20%27agenda%27%2C%20%27listrepeat%27%3A%20%27%5Cn%3Ctitle%3E%5BUPPERCASE%5D%5BB%5D%5BCOLOR%20blue%5D%24doregex%5BparseDia%5D%5B/COLOR%5D%5BCOLOR%20green%5D%24doregex%5BparseDeporte%5D%5B/COLOR%5D%5B/B%5D%5B/UPPERCASE%5D%5BCOLOR%20white%5D%24doregex%5BparseEvento%5D%5B/COLOR%5D%5BCOLOR%20gold%5D%5Bagenda.param5%5D%5B/COLOR%5D%20%5BCOLOR%20red%5D%5Bagenda.param4%5D%5B/COLOR%5D%3C/title%3E%5Cn%3Clink%3Enolink%3C/link%3E%5Cn%3Cthumbnail%3Ehttps%3A//imgur.com/K41NwJ9.png%3C/thumbnail%3E%5Cn%3Cfanart%3Ehttps%3A//i.imgur.com/3zk1XTz.jpg%3C/fanart%3E%5Cn%27%2C%20%27expres%27%3A%20%27%3Cspan%20class%3D%5C%5C%22fecha-bar%5C%5C%22%3E%28%5B%5E%3C%5D%2B%29%3C/span%3E%7C%3Cspan%20class%3D%5C%5C%22box-medium%5C%5C%22%3E%28%5B%5E%3C%5D%2B%29%3C/span%3E%7C%3Ca%20href%3D%5C%5C%22%5B%5E%5C%5C%22%5D%2B%5C%5C%22%3E%28%5B%5E%3C%5D%2B%29%3C/a%3E%7C%3Cli%20class%3D%5C%5C%22time-bar%5C%5C%22%3E%28%5B%5E%5C%5C%28%5D%2B%29%20%5C%5C%28Dial%20%5B%5C%5Cd%5D%2B%5C%5C%29%20%3Cspan%3E%28%5B%5E%3C%5D%2B%29%3C/span%3E%3C/li%3E%27%2C%20%27page%27%3A%20%27https%3A//www.movistarplus.es/deportesendirectobar%27%2C%20%27cookiejar%27%3A%20%27%27%7D%2C%20%27parseDia%27%3A%20%7B%27name%27%3A%20%27parseDia%27%2C%20%27expres%27%3A%20%22%24pyFunction%3A%28%27%27%20if%20%27%27%27%5Bagenda.param1%5D%27%27%27%3D%3D%27%27%20else%20%27%27%27%23%23%23%20%5Bagenda.param1%5D%20%23%23%23%27%27%27%29%22%2C%20%27page%27%3A%20None%2C%20%27cookiejar%27%3A%20%27%27%7D%2C%20%27parseDeporte%27%3A%20%7B%27name%27%3A%20%27parseDeporte%27%2C%20%27expres%27%3A%20%22%24pyFunction%3A%28%27%27%20if%20%27%27%27%5Bagenda.param2%5D%27%27%27%3D%3D%27%27%20else%20%27%27%27%23%23%20%5Bagenda.param2%5D%20%23%23%27%27%27%29%22%2C%20%27page%27%3A%20None%2C%20%27cookiejar%27%3A%20%27%27%7D%2C%20%27parseEvento%27%3A%20%7B%27name%27%3A%20%27parseEvento%27%2C%20%27expres%27%3A%20%22%24pyFunction%3A%28%27%27%20if%20%27%27%27%5Bagenda.param3%5D%27%27%27%3D%3D%27%27%20else%20%27%27%27%23%20%5Bagenda.param3%5D%20%23%27%27%27%29%22%2C%20%27page%27%3A%20None%2C%20%27cookiejar%27%3A%20%27%27%7D%7D&amp;iconimage=https%3A%2F%2Fimgur.com%2FK41NwJ9.png",return)</action>
	</shortcut>
	<shortcut>
		<defaultID>sports</defaultID>
		<label>839</label>
		<label2>Elemento Personalizado</label2>
		<icon />
		<thumb />
		<action>ActivateWindow(Videos,"plugin://plugin.video.asgard/?mode=189&amp;iconimage=https%3A%2F%2Fmylostsoulspace.co.uk%2Fimages%2Fasg%2Ficon.png&amp;fanart=https%3A%2F%2Fmylostsoulspace.co.uk%2Fimages%2Fasg%2Ffanart.jpg&amp;description=Sports&amp;url=https%3A%2F%2Fmylostsoulspace.co.uk%2FAddon-1%2FAddon%2Ftext%2Fsport.xml&amp;name=%5BCOLOR+goldenrod%5DAsgard+Sports+Section%5B%2FCOLOR%5D&amp;image_master=&amp;heb_name=+&amp;last_id=&amp;dates=+&amp;data=+&amp;original_title=+&amp;id=+&amp;season=+&amp;episode=+&amp;tmdbid=+&amp;eng_name=+&amp;show_original_year=+&amp;isr=0&amp;fav_status=false&amp;all_w=%7B%7D&amp;search_db=&amp;mypass=&amp;iconimage=https%3A%2F%2Fmylostsoulspace.co.uk%2Fimages%2Fasg%2Ficon.png&amp;fanart=https%3A%2F%2Fmylostsoulspace.co.uk%2Fimages%2Fasg%2Ffanart.jpg&amp;description=Sports&amp;url=https%3A%2F%2Fmylostsoulspace.co.uk%2FAddon-1%2FAddon%2Ftext%2Fsport.xml&amp;name=%5BCOLOR+goldenrod%5DAsgard+Sports+Section%5B%2FCOLOR%5D&amp;image_master=&amp;heb_name=+&amp;last_id=&amp;dates=+&amp;data=+&amp;original_title=+&amp;id=+&amp;season=+&amp;episode=+&amp;tmdbid=+&amp;eng_name=+&amp;show_original_year=+&amp;fav_status=false&amp;all_w=%7B%7D&amp;search_db=&amp;mypass=&amp;video_data=%7B%22title%22%3A+%22%5BCOLOR+goldenrod%5DAsgard+Sports+Section%5B%2FCOLOR%5D%22%2C+%22mediatype%22%3A+%22movie%22%2C+%22TVshowtitle%22%3A+%22%22%2C+%22season%22%3A+0%2C+%22episode%22%3A+0%2C+%22OriginalTitle%22%3A+%22+%22%2C+%22rating%22%3A+%220%22%2C+%22plot%22%3A+%22Sports%22%2C+%22Tag%22%3A+%22None%22%2C+%22id%22%3A+%22+%22%7D&amp;video_data=%7B%22title%22%3A+%22%5BCOLOR+goldenrod%5DAsgard+Sports+Section%5B%2FCOLOR%5D%22%2C+%22mediatype%22%3A+%22movie%22%2C+%22TVshowtitle%22%3A+%22%22%2C+%22season%22%3A+0%2C+%22episode%22%3A+0%2C+%22OriginalTitle%22%3A+%22+%22%2C+%22rating%22%3A+%220%22%2C+%22plot%22%3A+%22Sports%22%2C+%22Tag%22%3A+%22None%22%2C+%22id%22%3A+%22+%22%7D",return)</action>
	</shortcut>
	<shortcut>
		<defaultID>sports</defaultID>
		<label>34148</label>
		<label2>Elemento Personalizado</label2>
		<icon />
		<thumb />
		<action>ActivateWindow(Programs,"plugin://plugin.program.super.favourites/?label=Canales+Deportes&amp;mode=400&amp;path=special%3A%2F%2Fhome%2Fuserdata%2FSuperFavourites%2FSuper+Favourites%5CCanales+Deportes&amp;image=special%3A%2F%2Fskin%2Fmedia%2Ficons%2FTV_Channels%2Fdazn_1.png&amp;fanart=https%3A%2F%2Fi.imgur.com%2F3zk1XTz.jpg&amp;content_type=",return)</action>
	</shortcut>
</shortcuts>
