<?xml version='1.0' encoding='UTF-8'?>
<shortcuts>
	<shortcut>
		<defaultID>television</defaultID>
		<label>34162</label>
		<label2>Elemento Personalizado</label2>
		<icon />
		<thumb />
		<action>ActivateWindow(TVGuide)</action>
	</shortcut>
	<shortcut>
		<defaultID>television</defaultID>
		<label>34163</label>
		<label2>Elemento Personalizado</label2>
		<icon />
		<thumb />
		<action>ActivateWindow(TVChannels)</action>
	</shortcut>
	<shortcut>
		<defaultID>television</defaultID>
		<label>34147</label>
		<label2>Elemento Personalizado</label2>
		<icon>DefaultShortcut.png</icon>
		<thumb />
		<action>ActivateWindow(Programs,"plugin://plugin.program.super.favourites/?label=Canales+TV&amp;mode=400&amp;path=special%3A%2F%2Fhome%2Fuserdata%2FSuperFavourites%2FSuper+Favourites%5CCanales+TV&amp;image=special%3A%2F%2Fskin%2Fmedia%2Ficons%2FTV_Channels%2Fmovistar_accion.png&amp;fanart=C%3A%5CUsers%5Cgovi4%5CAppData%5CRoaming%5CKodi%5Caddons%5Cplugin.program.super.favourites%5Cfanart.jpg&amp;content_type=",return)</action>
	</shortcut>
</shortcuts>
