<?xml version='1.0' encoding='UTF-8'?>
<shortcuts>
	<shortcut>
		<defaultID />
		<label>34162</label>
		<label2>Elemento Personalizado</label2>
		<icon>special://skin/extras/icons/defaultshortcut.png</icon>
		<thumb />
		<action>ActivateWindow(TVGuide)</action>
		</shortcut>
	<shortcut>
		<defaultID />
		<label>34163</label>
		<label2>Elemento Personalizado</label2>
		<icon>defaultaddon.png</icon>
		<thumb />
		<action>ActivateWindow(TVChannels)</action>
		</shortcut>
	<shortcut>
		<defaultID />
		<label>10700</label>
		<label2>Elemento Personalizado</label2>
		<icon>DefaultShortcut.png</icon>
		<thumb />
		<action>ActivateWindow(Programs,"plugin://plugin.program.autowidget/?mode=group&amp;group=canales_tv-1716209694.3771503&amp;refresh=&amp;reload=",return)</action>
	</shortcut>
</shortcuts>
