<?xml version="1.0" encoding="utf-8"?>
<window>
	<allowoverlay>no</allowoverlay>
	<coordinates>
        <system>1</system>
        <posx>0</posx>
        <posy>0</posy>
    </coordinates>


    <controls>
        <control type="image" id="8888">
            <description>background</description>
            <posx>0</posx>
            <posy>70</posy>
            <width>1280</width>
            <height>30</height>
        </control>
        <control type="group" id="9999">
            <visible>Control.IsVisible(8888)</visible>
            <control type="image">
                <description>background</description>
                <posx>0</posx>
                <posy>0</posy>
                <width>1280</width>
                <height>720</height>
                <texture>alt-bg1.png</texture>
                <visible>true</visible>
            </control>
            <control type="image">
                <description>background</description>
                <posx>0</posx>
                <posy>690</posy>
                <width>1280</width>
                <height>30</height>
                <texture>alt-bg1.png</texture>
                <visible>true</visible>
            </control>

            <control type="image">
                <description>background</description>
                <posx>0</posx>
                <posy>690</posy>
                <width>1280</width>
                <height>30</height>
                <texture>tvguide-program-grey.png</texture>
                <visible>true</visible>
            </control>
            <control type="image">
                <description>background</description>
                <posx>0</posx>
                <posy>70</posy>
                <width>1280</width>
                <height>30</height>
                <texture>alt-bg1.png</texture>
                <visible>true</visible>
            </control>
            <control type="image">
                <description>background</description>
                <posx>0</posx>
                <posy>70</posy>
                <width>1280</width>
                <height>30</height>
                <texture>tvguide-program-grey.png</texture>
                <visible>true</visible>
            </control>

				<control type="label">
                    <description>clock</description>
                    <posx>10</posx>
                    <posy>0</posy>
                    <width>100</width>
                    <height>30</height>
                    <textcolor>ffffffff</textcolor>
                    <font>font13</font>
					<align>left</align>
                    <aligny>center</aligny>
					<label>[B]$INFO[System.Time(hh:mm:xx)][/B]</label>
              </control>
                <control type="label">
                    <description>Displays todays date</description>
                    <posx>1270</posx>
                    <posy>0</posy>
                    <width>330</width>
                    <height>30</height>
                    <textcolor>ffffffff</textcolor>
                    <shadowcolor></shadowcolor>
                    <font>font13</font>
                    <align>right</align>
                    <aligny>center</aligny>
                    <visible>true</visible>
                    <label>[B]$INFO[System.Date(ddd  DD  mmm)][/B]</label>
                    <animation type="Conditional" condition="Control.IsVisible(5000)">
                        <effect type="fade" start="100" end="0" time="300" />
                </animation>
                </control> 


            <control type="group">
                <description>Program List</description>
                <visible>true</visible>
                <control type="group">
                    <left>0</left>
                    <top>160</top>
                    <control type="label">
                        <description>Channel label</description>
                        <left>20</left>
                        <top>-90</top>
                        <width>180</width>
                        <height>30</height>
                        <font>font13</font>
                        <textcolor>ffffffff</textcolor>
                        <shadowcolor></shadowcolor>
                        <align>left</align>
                        <aligny>center</aligny>
                        <label>[B]Date[/B]</label>
                        <visible>true</visible>
                    </control>
                    <control type="label">
                        <description>Time label</description>
                        <left>920</left>
                        <top>-90</top>
                        <width>340</width>
                        <height>30</height>
                        <font>font13</font>
                        <textcolor>ffffffff</textcolor>
                        <shadowcolor></shadowcolor>
                        <align>right</align>
                        <aligny>center</aligny>
                        <label>[B]Competition[/B]</label>
                        <visible>true</visible>
                    </control>
                    <control type="label">
                        <description>Time label</description>
                        <left>1180</left>
                        <top>-90</top>
                        <width>200</width>
                        <height>30</height>
                        <font>font13</font>
                        <textcolor>ffffffff</textcolor>
                        <shadowcolor></shadowcolor>
                        <align>left</align>
                        <aligny>center</aligny>
                        <label>[B]K.O[/B]</label>
                        <visible>false</visible>
                    </control>
                    <control type="label">
                        <description>Length</description>
                        <left>420</left>
                        <top>-90</top>
                        <width>400</width>
                        <height>30</height>
                        <font>font13</font>
                        <textcolor>ffffffff</textcolor>
                        <shadowcolor></shadowcolor>
                        <align>center</align>
                        <aligny>center</aligny>
                        <label>[B]Fixture[/B]</label>
                        <visible>true</visible>
                    </control>

                    <control type="list" id="1002">
                        <viewtype label="19030">list</viewtype>
                        <left>0</left>
                        <top>-47</top>
                        <width>1280</width>
                        <height>561</height>
                        <onup>1003</onup>
                        <ondown>1003</ondown>
                        <onleft>999</onleft>
                        <onright>1004</onright>
                        <pagecontrol>-</pagecontrol>
                        <itemlayout height="51">
                            <control type="image">
                                <left>0</left>
                                <top>0</top>
                                <width>1280</width>
                                <height>49</height>
                                <texture>tvguide-program-grey.png</texture>
                                <visible>true</visible>
                            </control>
                            <control type="label">
                                <left>420</left>
                                <top>12</top>
                                <width>400</width>
                                <height>25</height>
                                <font>font13</font>
                                <textcolor>ffffffff</textcolor>
                                <align>center</align>
                                <aligny>center</aligny>
                                <info>ListItem.Property(HomeImage)</info>
                            </control>
                            <control type="label">
                                <left>20</left>
                                <top>0</top>
                                <width>380</width>
                                <height>49</height>
                                <font>font13</font>
                                <textcolor>ffffffff</textcolor>
                                <align>left</align>
                                <aligny>center</aligny>
                                <info>ListItem.Property(Day)</info>
                            </control>
                            <control type="label">
                                <left>920</left>
                                <top>0</top>
                                <width>340</width>
                                <height>49</height>
                                <font>font13</font>
                                <textcolor>ffffffff</textcolor>
                                <align>right</align>
                                <aligny>center</aligny>
                                <info>ListItem.Property(Comp)</info>
                            </control>
                        </itemlayout>
                        <focusedlayout height="51">
                            <control type="image">
                                <left>0</left>
                                <top>0</top>
                                <width>1280</width>
                                <height>49</height>
                                <texture>tvguide-program-grey-focus.png</texture>
                                <visible>true</visible>
                            </control>
                            <control type="label">
                                <left>420</left>
                                <top>12</top>
                                <width>400</width>
                                <height>25</height>
                                <font>font13</font>
                                <textcolor>ffffffff</textcolor>
                                <align>center</align>
                                <aligny>center</aligny>
                                <info>ListItem.Property(HomeImage)</info>
                            </control>
                            <control type="label">
                                <left>20</left>
                                <top>0</top>
                                <width>380</width>
                                <height>49</height>
                                <font>font13</font>
                                <textcolor>white</textcolor>
                                <align>left</align>
                                <aligny>center</aligny>
                                <info>ListItem.Property(Day)</info>
                            </control>
                            <control type="label">
                                <left>920</left>
                                <top>0</top>
                                <width>340</width>
                                <height>49</height>
                                <font>font13</font>
                                <textcolor>white</textcolor>
                                <align>right</align>
                                <aligny>center</aligny>
                               <info>ListItem.Property(Comp)</info>
                            </control>

                        </focusedlayout>
                    </control>
                </control>
            </control>
        </control>
        <control type="image">
            <description>background</description>
            <posx>0</posx>
            <posy>0</posy>
            <width>1280</width>
            <height>720</height>
            <texture>bg1.png</texture>
            <visible>Player.HasMedia</visible>
            </control>
        <control type="videowindow">
            <posx>0</posx>
            <posy>0</posy>
            <width>100%</width>
            <height>100%</height>
        </control>
    </controls>
</window>