<?xml version="1.0" encoding="utf-8"?>
<window>
	<allowoverlay>no</allowoverlay>
	<coordinates>
		<system>1</system>
		<posx>0</posx>
		<posy>170</posy>
	</coordinates>
	<controls>
        <control type="image">
            <description>workaround for texture not being loaded</description>
            <posx>-10000</posx>
            <posy>-10000</posy>
            <width>1</width>
            <height>1</height>
            <texture>tvguide-program-red.png</texture>
        </control>
        <control type="image">
            <description>workaround for texture not being loaded</description>
            <posx>-10000</posx>
            <posy>-10000</posy>
            <width>1</width>
            <height>1</height>
            <texture>tvguide-program-red-focus.png</texture>
        </control>

        <!-- Background -->
		<control type="image" id="4600">
			<posx>0</posx>
			<posy>-170</posy>
			<width>1280</width>
			<height>720</height>
            <texture>bg.png</texture>
            <fadetime>500</fadetime>
            <animation type="Conditional" condition="Control.IsVisible(5000)">
                <effect type="fade" start="100" end="0" time="500" />
            </animation>
		</control>


        <control type="image">
            <posx>0</posx>
            <posy>105</posy>
            <width>167</width>
            <height>408</height>
            <texture>channel-bg.png</texture>
            <animation type="Conditional" condition="Control.IsVisible(5000)">
                <effect type="fade" start="100" end="0" time="500" />
            </animation>
        </control>
		
		<control type="label" id="6006">
            <description>Category text</description>
            <posx>10</posx>
            <posy>71</posy>
            <width>130</width>
            <height>45</height>
			<textcolor>ffffffff</textcolor> 
            <font>font12</font> 
            <align>left</align>
            <animation type="Conditional" condition="Control.IsVisible(5000)">
                <effect type="fade" start="100" end="0" time="500" />
            </animation>
        </control>		


        <control type="label" id="5000">
            <description>visibility marker for TV Guide group</description>
        </control>
        <control type="group">
            <description>TV Guide group</description>
            <posx>0</posx>
            <posy>0</posy>
            <width>1280</width>
            <height>720</height>
            <visible>!Control.IsVisible(5000)</visible>

            <control type="button" id="5001">
                <description>marker for EPG data view - should be hidden!</description>
                <posx>170</posx>
                <posy>110</posy>
                <width>1105</width>
                <height>400</height>
                <visible>false</visible>
            </control>


<control type="image" id="4100">
                <posx>155</posx>
                <posy>108</posy>
                <width>10</width>
                <height>402</height>
                <texture>tvguide-timebar.png</texture>
            </control>
<control type="image">
				<description>half hour time marker 1</description>
				<posx>153</posx>
				<posy>77</posy>
				<width>30</width>
				<height>30</height>
				<visible>true</visible>
				<texture>marker.png</texture>
			</control>
<control type="image">
				<description>half hour time marker 2</description>
				<posx>429.25</posx>
				<posy>77</posy>
				<width>30</width>
				<height>30</height>
				<visible>true</visible>
				<texture>marker.png</texture>
			</control>
<control type="image">
				<description>half hour time marker 3</description>
				<posx>705.5</posx>
				<posy>77</posy>
				<width>30</width>
				<height>30</height>
				<visible>true</visible>
				<texture>marker.png</texture>
			</control>
<control type="image">
				<description>half hour time marker 4</description>
				<posx>981.75</posx>
				<posy>77</posy>
				<width>30</width>
				<height>30</height>
				<visible>true</visible>
				<texture>marker.png</texture>
			</control>

<control type="image">
				<description>workaround for texture not being loaded</description>
				<posx>0</posx>
				<posy>510</posy>
				<width>1280</width>
				<height>40</height>
				<visible>true</visible>
				<texture></texture>
			</control>

			
			
<control type="image">
				<description>workaround for texture not being loaded</description>
				<posx>0</posx>
				<posy>-90</posy>
				<width>1280</width>
				<height>117</height>
				<visible>true</visible>
				<texture></texture>
			</control>


            <control type="image">
				<description>workaround for texture not being loaded</description>
				<posx>0</posx>
				<posy>-170</posy>
				<width>1280</width>
				<height>78</height>
				<visible>true</visible>
				<texture></texture>
			</control>
			<control type="image">
                <description>iVue logo</description>
                <posx>545</posx>
                <posy>-172</posy>
                <width>204</width>
                <height>80</height>
                <aspectratio>keep</aspectratio>
                <align> centre</align>
                <fadetime>500</fadetime>
                <texture>iVuetvguide-logo.png</texture>
            </control>


            <!-- Date and time row -->
            <control type="group">
                <posx>0</posx>
                <posy>10</posy>
                <width>1280</width>
                <height>50</height>
                <visible>true</visible>
				
			

                <control type="label" id="4000">
                    <description>date (short)</description>
                    <posx>1275</posx>
                    <posy>-210</posy>
                    <width>180</width>
                    <height>100</height>
                    <textcolor>ffffffff</textcolor>
                    <font>[B]font13[/B]</font>
					<align>right</align>
                    <aligny>center</aligny>
					<visible>true</visible>
                </control>
				
				<control type="label" id="3999">
                    <description>date (long)</description>
                    <posx>1250</posx>
                    <posy>-190</posy>
                    <width>500</width>
                    <height>100</height>
                    <textcolor>ffffffff</textcolor>
                    <font>font13</font>
					<align>right</align>
                    <aligny>center</aligny>

<visible>false</visible>
                </control>
				
				<control type="label" id="3998">
                    <description>duration</description>
                    <posx>830</posx>
                    <posy>406</posy>
                    <width>500</width>
                    <height>50</height>
                    <textcolor>ff007aa1</textcolor>
                    <font>font13</font>
					<align>center</align>
                    <aligny>center</aligny>
					<visible>false</visible>
                </control>

				<control type="image" id="3997">
                    <description>SD/hd</description>
                    <posx>1055</posx>
                    <posy>520</posy>
                    <width>124</width>
                    <height>35</height>
                    <aspectratio></aspectratio>
                    <visible>false</visible>
                    <animation effect="slide" start="0,0" end="62,0" condition="!Control.IsVisible(6007)">conditional</animation>
                </control>

            <control type="progress" id="3996">
                <posx>770</posx>
                <posy>430</posy>
                <width>250</width>
                <height>9</height>
                <lefttexture />
                <righttexture />
                <texturebg  colordiffuse="">tvg-progress-bg.png</texturebg>
                <midtexture colordiffuse="">tvg-progress-mid.png</midtexture>
                <visible>Integer.IsGreater(Control.GetLabel(3996),0)</visible>
				<visible>false</visible>

            </control>

			<control type="label">
                    <description>clock</description>
                    <posx>1275</posx>
                    <posy>-180</posy>
                    <width>500</width>
                    <height>100</height>
                    <textcolor>ffffffff</textcolor>
                    <font>font13</font>
					<align>right</align>
                    <aligny>center</aligny>
					<label>[B]$INFO[System.Time(hh:mm:xx)][/B]</label>
              </control>
				
				<control type="label">
                    <description>channels</description>
                    <posx>-15</posx>
                    <posy>-20</posy>
                    <width>180</width>
                    <height>100</height>
                    <textcolor>ffffffff</textcolor>
                    <font>font13</font>
					<align>center</align>
                    <aligny>center</aligny>
					<label></label>
                </control>
				
                <control type="label" id="4001">
                    <description>1st half hour column</description>
                    <posx>183</posx>
                    <posy>57</posy>
                    <width>270</width>
                    <height>50</height>
                    <textcolor>ffffffff</textcolor>
                    <font>font12</font>
                    <aligny>center</aligny>
                </control>
                <control type="label" id="4002">
                    <description>2nd half hour column</description>
                    <posx>459.25</posx>
                    <posy>57</posy>
                    <width>270</width>
                    <height>50</height>
                    <textcolor>ffffffff</textcolor>
                    <font>font12</font>
                    <aligny>center</aligny>
                </control>
                <control type="label" id="4003">
                    <description>3rd half hour column</description>
                    <posx>735.5</posx>
                    <posy>57</posy>
                    <width>270</width>
                    <height>50</height>
                    <textcolor>ffffffff</textcolor>
                    <font>font12</font>
                    <aligny>center</aligny>
                </control>
                <control type="label" id="4004">
                    <description>4th half hour column</description>
                    <posx>1011.75</posx>
                    <posy>57</posy>
                    <width>270</width>
                    <height>50</height>
                    <textcolor>ffffffff</textcolor>
                    <font>font12</font>
                    <aligny>center</aligny>
                </control>
                
                <control type="image" id="40001">
                    <description>1st half hour column image</description>
                    <posx>210</posx>
                    <posy>0</posy>
                    <width>120</width>
                    <height>40</height>
                    <aligny>center</aligny>
                    <visible>false</visible>
                </control>

			<control type="image" id="40002">
                    <description>2nd half hour column image</description>
                    <posx>450</posx>
                    <posy>0</posy>
                    <width>120</width>
                    <height>40</height>
                    <aligny>center</aligny>
                    <visible>false</visible>
                </control>

			<control type="image" id="40003">
                    <description>3rd half hour column image</description>
                    <posx>685</posx>
                    <posy>0</posy>
                    <width>120</width>
                    <height>40</height>
                    <aligny>center</aligny>
                    <visible>false</visible>
                </control>

			<control type="image" id="40004">
                    <description>4th half hour column image </description>
                    <posx>925</posx>
                    <posy>0</posy>
                    <width>120</width>
                    <height>40</height>
                    <aligny>center</aligny>
                    <visible>false</visible>
                </control>
            </control>

            <!-- Channels column -->
            <control type="group">
                <posx>-10</posx>
                <posy>110</posy>
                <width>180</width>
                <height>400</height>
                <visible>true</visible>
                
                <!-- channel number labels -->
                <control type="label" id="40100">
                    <description>1st channel</description>
                    <posx>35</posx>
                    <posy>0</posy>
                    <width>55</width>
                    <height>52</height>
                    <textcolor>ffffffff</textcolor>
                    <font>font13</font>
                    <align>center</align>
                    <aligny>center</aligny>
                    <visible>false</visible>
                </control>
                <control type="label" id="40101">
                    <description>2nd channel</description>
                    <posx>35</posx>
                    <posy>55</posy>
                    <width>55</width>
                    <height>52</height>
                    <textcolor>ffffffff</textcolor>
                    <font>font13</font>
                    <align>center</align>
                    <aligny>center</aligny>
                    <visible>false</visible>
                </control>
                <control type="label" id="40102">
                    <description>3rd channel</description>
                    <posx>35</posx>
                    <posy>110</posy>
                    <width>55</width>
                    <height>52</height>
                    <textcolor>ffffffff</textcolor>
                    <font>font13</font>
                    <align>center</align>
                    <aligny>center</aligny>
                    <visible>false</visible>
                </control>
                <control type="label" id="40103">
                    <description>4th channel</description>
                    <posx>35</posx>
                    <posy>165</posy>
                    <width>55</width>
                    <height>52</height>
                    <textcolor>ffffffff</textcolor>
                    <font>font13</font>
                    <align>center</align>
                    <aligny>center</aligny>
                    <visible>false</visible>
                </control>
                <control type="label" id="40104">
                    <description>5th channel</description>
                    <posx>35</posx>
                    <posy>220</posy>
                    <width>55</width>
                    <height>52</height>
                    <textcolor>ffffffff</textcolor>
                    <font>font13</font>
                    <align>center</align>
                    <aligny>center</aligny>
                    <visible>false</visible>
                </control>
                <control type="label" id="40105">
                    <description>6th channel</description>
                    <posx>35</posx>
                    <posy>275</posy>
                    <width>55</width>
                    <height>52</height>
                    <textcolor>ffffffff</textcolor>
                    <font>font13</font>
                    <align>center</align>
                    <aligny>center</aligny>
                    <visible>false</visible>
                </control>
                <control type="label" id="40106">
                    <description>7th channel</description>
                    <posx>35</posx>
                    <posy>330</posy>
                    <width>55</width>
                    <height>52</height>
                    <textcolor>ffffffff</textcolor>
                    <font>font13</font>
                    <align>center</align>
                    <aligny>center</aligny>
                    <visible>false</visible>
                </control>
                <control type="label" id="40107">
                    <description>8th channel</description>
                    <posx>35</posx>
                    <posy>385</posy>
                    <width>55</width>
                    <height>52</height>
                    <textcolor>ffffffff</textcolor>
                    <font>font13</font>
                    <align>center</align>
                    <aligny>center</aligny>
                    <visible>false</visible>
                </control>

                <!-- text labels -->
                <control type="label" id="4010">
                    <description>1st channel</description>
                    <posx>15</posx>
                    <posy>0</posy>
                    <width>155</width>
                    <height>50</height>
                    <textcolor>ffffffff</textcolor>
                    <font>font13</font>
                    <align>left</align>
                    <aligny>center</aligny>
<scroll time="3600" delay="6000" repeat="6000">true</scroll>
                    <visible>String.IsEqual(Control.GetLabel(4110),)</visible>
					<texturenofocus></texturenofocus>
                </control>
                <control type="label" id="4011">
                    <description>2nd channel</description>
                    <posx>15</posx>
                    <posy>50</posy>
                    <width>155</width>
                    <height>50</height>
                    <textcolor>ffffffff</textcolor>
                    <font>font13</font>
                    <align>left</align>
                    <aligny>center</aligny>

  <scroll time="3600" delay="6000" repeat="6000">true</scroll>
                <visible>String.IsEqual(Control.GetLabel(4111),)</visible>
                </control>
                <control type="label" id="4012">
                    <description>3rd channel</description>
                    <posx>15</posx>
                    <posy>100</posy>
                    <width>155</width>
                    <height>50</height>
                    <textcolor>ffffffff</textcolor>
                    <font>font13</font>
                    <align>left</align>
                    <aligny>center</aligny>
   <scroll time="3600" delay="6000" repeat="6000">true</scroll>
                 <visible>String.IsEqual(Control.GetLabel(4112),)</visible>
                </control>
                <control type="label" id="4013">
                    <description>4th channel</description>
                    <posx>15</posx>
                    <posy>150</posy>
                    <width>155</width>
                    <height>50</height>
                    <textcolor>ffffffff</textcolor>
                    <font>font13</font>
                    <align>left</align>
                    <aligny>center</aligny>
    <scroll time="3600" delay="6000" repeat="6000">true</scroll>
                <visible>String.IsEqual(Control.GetLabel(4113),)</visible>
                </control>
                <control type="label" id="4014">
                    <description>5th channel</description>
                    <posx>15</posx>
                    <posy>200</posy>
                    <width>155</width>
                    <height>50</height>
                    <textcolor>ffffffff</textcolor>
                    <font>font13</font>
                    <align>left</align>
                    <aligny>center</aligny>
    <scroll time="3600" delay="6000" repeat="6000">true</scroll>
                <visible>String.IsEqual(Control.GetLabel(4114),)</visible>
                </control>
                <control type="label" id="4015">
                    <description>6th channel</description>
                    <posx>15</posx>
                    <posy>250</posy>
                    <width>155</width>
                    <height>50</height>
                    <textcolor>ffffffff</textcolor>
                    <font>font13</font>
                    <align>left</align>
                    <aligny>center</aligny>
   <scroll time="3600" delay="6000" repeat="6000">true</scroll>
                 <visible>String.IsEqual(Control.GetLabel(4115),)</visible>
                </control>
                <control type="label" id="4016">




                    <description>7th channel</description>
                    <posx>15</posx>
                    <posy>300</posy>
                    <width>155</width>
                    <height>50</height>
                    <textcolor>ffffffff</textcolor>
                    <font>font13</font>
                    <align>left</align>
                    <aligny>center</aligny>
     <scroll time="3600" delay="6000" repeat="6000">true</scroll>
               <visible>String.IsEqual(Control.GetLabel(4116),)</visible>
                </control>
                <control type="label" id="4017">
                    <description>8th channel</description>
                    <posx>15</posx>
                    <posy>350</posy>
                    <width>155</width>
                    <height>50</height>
                    <textcolor>ffffffff</textcolor>
                    <font>font13</font>
                    <align>left</align>
                    <aligny>center</aligny>
     <scroll time="3600" delay="6000" repeat="6000">true</scroll>
               <visible>String.IsEqual(Control.GetLabel(4117),)</visible>
                </control>
                <control type="label" id="4018">
                    <description>9th channel</description>
                    <posx>15</posx>
                    <posy>400</posy>
                    <width>155</width>
                    <height>50</height>
                    <textcolor>ffffffff</textcolor>
                    <font>font13</font>
                    <align>left</align>
                    <aligny>center</aligny>
      <scroll time="3600" delay="6000" repeat="6000">true</scroll>
              <visible>String.IsEqual(Control.GetLabel(4118),)</visible>
                </control>

                <!-- logo images -->
                <control type="image" id="4110">
                    <description>1st channel</description>
                    <posx>17.5</posx>
                    <posy>0</posy>
                    <width>153</width>
                    <height>45</height>
                    <aspectratio></aspectratio>
                    <visible>!String.IsEqual(Control.GetLabel(4110),)</visible>
                </control>
                <control type="image" id="4111">
                    <description>2nd channel</description>
                    <posx>17.5</posx>
                    <posy>50</posy>
                    <width>153</width>
                    <height>45</height>
                    <aspectratio></aspectratio>
                    <visible>!String.IsEqual(Control.GetLabel(4111),)</visible>
                </control>
                <control type="image" id="4112">
                    <description>3rd channel</description>
                    <posx>17.5</posx>
                    <posy>100</posy>
                    <width>153</width>
                    <height>45</height>
                    <aspectratio></aspectratio>
                    <visible>!String.IsEqual(Control.GetLabel(4112),)</visible>
                </control>
                <control type="image" id="4113">
                    <description>4th channel</description>
                    <posx>17.5</posx>
                    <posy>150</posy>
                    <width>153</width>
                    <height>45</height>
                    <aspectratio></aspectratio>
                    <visible>!String.IsEqual(Control.GetLabel(4113),)</visible>
                </control>
                <control type="image" id="4114">
                    <description>5th channel</description>
                    <posx>17.5</posx>
                    <posy>200</posy>
                    <width>153</width>
                    <height>45</height>
                    <aspectratio></aspectratio>
                    <visible>!String.IsEqual(Control.GetLabel(4114),)</visible>
                </control>
                <control type="image" id="4115">
                    <description>6th channel</description>
                    <posx>17.5</posx>
                    <posy>250</posy>
                    <width>153</width>
                    <height>45</height>
                    <aspectratio></aspectratio>
                    <visible>!String.IsEqual(Control.GetLabel(4115),)</visible>
                </control>
                <control type="image" id="4116">
                    <description>7th channel</description>
                    <posx>17.5</posx>
                    <posy>300</posy>

                    <width>153</width>
                    <height>45</height>
                    <aspectratio></aspectratio>
                    <visible>!String.IsEqual(Control.GetLabel(4116),)</visible>
                </control>
                <control type="image" id="4117">
                    <description>8th channel</description>
                    <posx>17.5</posx>
                    <posy>350</posy>
                    <width>153</width>
                    <height>45</height>
                    <aspectratio></aspectratio>
                    <visible>!String.IsEqual(Control.GetLabel(4117),)</visible>
                </control>
                <control type="image" id="4118">
                    <description>9th channel</description>
                    <posx>10</posx>
                    <posy>400</posy>
                    <width>160</width>
                    <height>45</height>
                    <aspectratio>keep</aspectratio>
                    <visible>!String.IsEqual(Control.GetLabel(4118),)</visible>
                </control>
            </control>

            <control type="label" id="4020">
                <description>Program title</description>
                <posx>7</posx>
                <posy>-145</posy>
                <width>400</width>
                <height>50</height>
                <textcolor>ffffc600</textcolor>
                <font>font13</font>

                <scroll time="3600" delay="6000" repeat="6000">true</scroll>
                <aligny>center</aligny>
            </control>
            <control type="image" id="4024">
                <description>Channel logo</description>
                <posx>230</posx>
                <posy>-169</posy>
                <width>80</width>
                <height>40</height>
                <aspectratio>keep</aspectratio>
                <fadetime>500</fadetime>
                <visible>true</visible><!-- unused in default skin -->
            </control>
            <control type="label" id="4021">
                <description>Program time</description>
                <posx>7</posx>
                <posy>-175</posy>
                <width>340</width>
                <height>50</height>
                <textcolor>ffffffff</textcolor>
                <font>font13</font>
                <align>left</align>
                <aligny>center</aligny>
            </control>
            <control type="textbox" id="4022">
                <description>Program description</description>
                <posx>17</posx>
                <posy>-75</posy>
                <width>935</width>
                <height>145</height>
                <textcolor>ffffffff</textcolor>
                <font>font13</font>
				<align>justify</align>
                <wrapmultiline>true</wrapmultiline>
                <autoscroll time="3600" delay="6000" repeat="6000">true</autoscroll>
            </control>
            <control type="image" id="4023">
                <description>Program logo / Source logo</description>
                <posx>973</posx>
                <posy>-93</posy>
                <width>295</width>
                <height>161</height>
                <aspectratio></aspectratio>
                <fadetime>500</fadetime>
<visible>true</visible>
                <texture>tvguide-logo-epg.png</texture>
            </control>
            
            <control type="label" id="4025">
                <description>Channel name</description>
                <posx>225</posx>
                <posy>-205</posy>
                <width>280</width>
                <height>25</height>
                <textcolor>ffffffff</textcolor>
                <shadowcolor>black</shadowcolor>
                <font>font12</font>
                <align>left</align>
                <visible>false</visible>
                <scroll>true</scroll>
            </control>
            
            <control type="label" id="4026">
                <description>Program Genre</description>
                <posx>555</posx>
                <posy>-205</posy>
                <width>280</width>
                <height>25</height>
                <textcolor>ffffffff</textcolor>
                <shadowcolor>black</shadowcolor>
                <font>ivuefont12</font>
                <align>left</align>
                <visible>false</visible>
                <scroll>true</scroll>
            </control>

            
			
            <control type="label" id="4200">
                <description>visibility marker for loading group</description>
            </control>
            <control type="group">
                <posx>130</posx>
                <posy>100</posy>
                <width>600</width>
                <height>55</height>
                <visible>!Control.IsVisible(4200)</visible>
                <animation effect="fade" start="0" end="100" time="250" delay="1500">Visible</animation>

                <control type="image">
                    <description>loading splash</description>
                    <posx>200</posx>
                    <posy>50</posy>
                    <width>55</width>
                    <height>55</height>
                    <texture>1.gif</texture>
                </control>
                <control type="label">
                    <description>loading splash</description>
                    <posx>270</posx>
                    <posy>50</posy>
                    <width>600</width>
                    <height>55</height>
                    <label>$ADDON[script.ivueguide 30001]</label>
                    <textcolor>ffffffff</textcolor>
                    <font>font15</font>
                    <aligny>center</aligny>
                </control>
                <control type="progress" id="4201">
                    <posx>270</posx>
                    <posy>100</posy>
                    <width>580</width>
                    <height>2</height>
                    <texturebg />
                    <lefttexture />
                    <midtexture>tvguide-white-progress.png</midtexture>
                    <righttexture />
                </control>
                <control type="label" id="4202">
                    <description>loading time left</description>
                    <posx>270</posx>
                    <posy>100</posy>
                    <width>600</width>
                    <height>50</height>
                    <label>...</label>
                    <textcolor>ffffffff</textcolor>
                    <font>font13</font>
                    <aligny>center</aligny>
                </control>
                <control type="button" id="4203">
                    <posx>270</posx>
                    <posy>150</posy>
                    <width>150</width>
                    <height>50</height>
                    <label>$ADDON[script.ivueguide 30008]</label>
                    <textcolor>ffffffff</textcolor>
                    <font>font13</font>
                    <aligny>center</aligny>
                    <align>center</align>
                    <texturefocus>tvguide-program-grey-focus.png</texturefocus>
                    <texturenofocus>tvguide-program-grey.png</texturenofocus>
                </control>
            </control>

         <control type="label" id="4300">
                <description>visibility marker for mouse control group</description>
                <posx>0</posx>
                <posy>0</posy>
                <width>50</width>
                <height>50</height>
            </control>
            <control type="group">
                <posx>0</posx>
                <posy>720</posy>
                <width>1280</width>
                <height>70</height>
                <visible>!Control.IsVisible(4300)</visible>

                <animation effect="slide" start="0,0" end="0,-70" time="500">Visible</animation>
                <animation effect="slide" start="0,-70" end="0,0" time="500">Hidden</animation>

                <control type="image">
                    <posx>0</posx>
                    <posy>0</posy>
                    <width>1280</width>
                    <height>70</height>
                    <texture></texture>
                </control>
                <control type="image">
                    <posx>0</posx>
                    <posy>0</posy>
                    <width>1280</width>
                    <height>70</height>
                    <texture></texture>
                </control>
                
            <control type="image" id="6007">
                <description>Plugin Icon</description>
                <posx>5</posx>
                <posy>-230</posy>
                <width>50</width>
                <height>50</height>
                <aspectratio></aspectratio>
                <animation type="Conditional" condition="Control.IsVisible(5000)">
                    <effect type="fade" start="100" end="0" time="500" />
                </animation>
				<visible>false</visible>
            </control>
            <control type="label" id="6008">
                <description>Plugin Name</description>
                <posx>60</posx>
                <posy>-230</posy>
                <width>200</width>
                <height>50</height>
                <textcolor>ffffffff</textcolor>
                <font>font13</font>
                <aligny>top</aligny>
                <animation type="Conditional" condition="Control.IsVisible(5000)">
                    <effect type="fade" start="100" end="0" time="500" />
                </animation>
				<visible>false</visible>
            </control>

                <control type="button" id="4301">
                    <description>navigate to now</description>
                    <posx>160</posx>
                    <posy>-131</posy>
                    <width>33</width>
                    <height>17</height>
                    <label></label>
                <label>$ADDON[script.ivueguide 30006]</label>
                    <textcolor></textcolor>
                    <font>font12</font>
                    <aligny>center</aligny>
                    <align>center</align>
                    <texturefocus>touch_now_focus.png</texturefocus>
			        <texturenofocus>touch_now.png</texturenofocus>
                </control>
                <control type="button" id="30310">
                    <description>Favourites</description>
                    <posx>305</posx>
                    <posy>-131</posy>
                    <width>85</width>
                    <height>18</height>
                    <textcolor></textcolor>
                    <font>font12</font>
                    <label></label>
                    <aligny>center</aligny>
                    <align>center</align>
                    <texturefocus>touch_favourites-focus.png</texturefocus>
		    <texturenofocus>touch_favourites.png</texturenofocus>
                    <onclick>ActivateWindow(Favourites)</onclick>
                </control>

                <control type="button" id="4302">
                    <description>navigate left</description>
                    <posx>490</posx>
                    <posy>-135</posy>
                    <width>55</width>
                    <height>25</height>
                    <textcolor></textcolor>
                    <font>font12</font>
                    <label></label>
                    <aligny>center</aligny>
                    <align>center</align>
                     <texturefocus>touch_left_focus.png</texturefocus>
                    <texturenofocus>touch_left.png</texturenofocus>
                </control>
                   <control type="button" id="4305">
                    <description>navigate right</description>
                    <posx>550</posx>
                    <posy>-135</posy>
                    <width>55</width>
                    <height>25</height>
                    <textcolor></textcolor>
                    <font>font12</font>
                    <label></label>
                    <aligny>center</aligny>
                    <align>center</align>
                     <texturefocus>touch_right_focus.png</texturefocus>
                    <texturenofocus>touch_right.png</texturenofocus>
                </control>

            <!-- Custom Stop -->
            <control type="button" id="30510">
                <description>Stop button</description>
                <posx>640</posx>
                <posy>-135</posy>
                <width>25</width>
                <height>25</height>
                <label></label>
                <font></font>
                <onclick>stop</onclick>                
                <texturefocus>button_stop-focus.png</texturefocus>
                <texturenofocus>button_stop.png</texturenofocus>
            </control>


                <control type="button" id="4303">
                    <description>navigate up</description>
                    <posx>690</posx>
                    <posy>-135</posy>
                    <width>55</width>
                    <height>25</height>
                    <textcolor></textcolor>
                    <font>font12</font>
                    <label></label>
                    <aligny>center</aligny>
                    <align>center</align>
                     <texturefocus>touch_up_focus.png</texturefocus>
                    <texturenofocus>touch_up.png</texturenofocus>
                </control>

                <control type="button" id="4304">
                    <description>navigate down</description>
                    <posx>750</posx>
                    <posy>-135</posy>
                    <width>55</width>
                    <height>25</height>
                    <textcolor></textcolor>
                    <font>font12</font>
                    <label></label>
                    <aligny>center</aligny>
                    <align>center</align>
                     <texturefocus>touch_down_focus.png</texturefocus>
                    <texturenofocus>touch_down.png</texturenofocus>
                </control>
                
                <control type="button" id="4306">
                    <description>exit</description>
                    <posx>1240</posx>
                    <posy>-135</posy>
                    <width>25</width>
                    <height>25</height>
                    <textcolor></textcolor>
                    <font>font12</font>
                    <label></label>
                    <aligny>center</aligny>
                    <align>center</align>
                    <texturefocus>button_close-focus.png</texturefocus>
                    <texturenofocus>button_close.png</texturenofocus>
                </control>

                <control type="button" id="4306">
                    <description>exit</description>
                    <posx></posx>
                    <posy></posy>
                    <width></width>
                    <height></height>
                    <textcolor></textcolor>
                    <font></font>
                    <label></label>
                    <aligny>center</aligny>
                    <align>center</align>
                    <texturefocus>tvguide-program-grey-focus.png</texturefocus>
                    <texturenofocus>tvguide-program-grey.png</texturenofocus>
                </control>
                <control type="button" id="4307">
                    <description>categories</description>
                    <posx>450</posx>
                    <posy>-135</posy>
                    <width>100</width>
                    <height>30</height>
                    <textcolor>ffffffff</textcolor>
                    <font>font12</font>
                    <label>Categories</label>
                    <aligny>center</aligny>
                    <align>center</align>
                     <texturefocus>tvguide-program-grey-focus.png</texturefocus>
                    <texturenofocus>tvguide-program-grey.png</texturenofocus>
                    <visible>false</visible>
                </control>
 
				    <control type="button" id="1">
                    <description>movies</description>
                    <posx>900</posx>
                    <posy>-131</posy>
                    <width>60</width>
                    <height>18</height>
                    <textcolor></textcolor>
                    <font>font12</font>
                    <label></label>
                    <aligny>center</aligny>
                    <align>center</align>
                    <texturefocus>touch_movies-focus.png</texturefocus>
                    <texturenofocus>touch_movies.png</texturenofocus>
					<onclick>RunScript(script.extendedinfo,info=list,type=movie)</onclick>
                </control>
				    <control type="button" id="2">
                    <description>tv shows</description>
                    <posx>1003</posx>
                    <posy>-131</posy>c
                    <width>80</width>
                    <height>18</height>
                    <textcolor></textcolor>
                    <font>font12</font>
                    <label></label>
                    <aligny>center</aligny>
                    <align>center</align>
                    <texturefocus>touch_tv-shows-focus.png</texturefocus>
                    <texturenofocus>touch_tv-shows.png</texturenofocus>
					<onclick>RunScript(script.extendedinfo,info=list,type=tv)</onclick>
                </control>


            </control>

        </control><!-- id="5000" -->

        <control type="videowindow">
            <posx>0</posx>
            <posy>-170</posy>
            <width>1280</width>
            <height>720</height>
            <animation type="Conditional" condition="!Control.IsVisible(5000)">
                <effect type="zoom" end="23" center="1265,-74" time="500" />
            </animation>

        </control>

<!-- OSD -->
        <control type="label" id="6000">
            <description>visibility marker for OSD Info bar</description>
        </control>
        <control type="group">
            <description>OSD Info bar</description>
            <posx>0</posx>
            <posy>350</posy>
            <width>1280</width>
            <height>130</height>
            <visible>!Control.IsVisible(6000)</visible>
            <animation effect="fade" start="0" end="100" time="0">true</animation>

            <control type="image">
                <posx>0</posx>
                <posy>-100</posy>
                <width>1280</width>
                <height>150</height>
                <texture>info-grad-osd.png</texture>
            </control>

            <control type="image">
                <posx>0</posx>
                <posy>0</posy>
                <width>1280</width>
                <height>130</height>
                <texture>osd-back.png</texture>
            </control>
            <control type="image">
                <posx>0</posx>
                <posy>0</posy>
                <width>1280</width>
                <height>130</height>
                <texture>osd-back.png</texture>
            </control>
            <control type="image">
                <posx>0</posx>
                <posy>35</posy>
                <width>154</width>
                <height>60</height>
                <texture>menuend-l.png</texture>
            </control>

            <control type="image">
                <posx>154</posx>
                <posy>35</posy>
                <width>973</width>
                <height>60</height>
                <texture>menubutt.png</texture>
            </control>
            <control type="image">
                <posx>1127</posx>
                <posy>35</posy>
                <width>153</width>
                <height>60</height>
                <texture>menuend-r.png</texture>
            </control>
            <control type="image">
                <posx>179</posx>
                <posy>0</posy>
                <width>160</width>
                <height>33</height>
                <texture>menuendup.png</texture>
            </control>
            <control type="image">
                <posx>179</posx>
                <posy>95</posy>
                <width>160</width>
                <height>35</height>
                <texture>menuenddn.png</texture>
            </control>

            <control type="label">
                <description>Displays todays date</description>
                <posx>5</posx>
                <posy>2</posy>
                <width>178</width>
                <height>30</height>
                <textcolor>ffffffff</textcolor>
                <font>font12</font>
                <align>left</align>
                <aligny>center</aligny>
                <visible>true</visible>
                <label>$INFO[System.Date(ddd DD mmm)]  $INFO[System.Time(hh:mm:xx)]</label>
            </control> 

            <control type="label">
                <description>Program title</description>
                <posx>40</posx>
                <posy>-100</posy>
                <width>850</width>
                <height>30</height>

                <textcolor>ffffffff</textcolor>
                <font>font13_title</font>
                <align>left</align>
                <aligny>center</aligny>
                <info>Control.GetLabel(6001)</info>
            </control>


            <!-- Program description -->
            <control type="label" id="6001">
                <description>Program title</description>
                <posx>600</posx>
                <posy>40</posy>
                <width>850</width>
                <height>50</height>
                <label>[B]Title[/B]</label>
                <textcolor>ffffffff</textcolor>
                <font>font13</font>
                <aligny>center</aligny>
            </control>
            <control type="label" id="6002">
                <description>Program time</description>
                <posx>405</posx>
                <posy>40</posy>
                <width>240</width>
                <height>50</height>
                <label>[B]18:00 - 20:00[/B]</label>
                <textcolor>ffffffff</textcolor>
                <font>font13</font>
                <align>left</align>
                <aligny>center</aligny>
            </control>
            <control type="textbox" id="6003">
                <description>Program description</description>
                <posx>40</posx>
                <posy>-70</posy>
                <width>1230</width>
                <height>45</height>
                <label>Description</label>
                <textcolor>ffffffff</textcolor>
                <font>font13</font>
                <wrapmultiline>true</wrapmultiline>

                <autoscroll time="3600" delay="6000" repeat="6000">true</autoscroll>
            </control>
            <control type="image" id="6004">
                <description>Program channel logo</description>
                <posx>179</posx>
                <posy>30</posy>
                <width>160</width>
                <height>70</height>
                <aspectratio>keep</aspectratio>
            </control>
            <control type="label" id="6005">
                <description>Program channel text</description>
                <posx>110</posx>
                <posy>155</posy>
                <width>160</width>
                <height>45</height>
                <textcolor>ffffffff</textcolor>
                <font>font13</font>
                <align>center</align>
                <visible>String.IsEqual(Control.GetLabel(6004),)</visible>
            </control>


            <control type="label" id="6009">
                <description>Previous Program title</description>
                <posx>600</posx>
                <posy>2.5</posy>
                <width>390</width>
                <height>30</height>
                <label>[B]Title[/B]</label>
                <textcolor>ffcccccc</textcolor>
                <font>font13_title</font>
                <aligny>center</aligny>
                <visible>true</visible>
            </control>

            <control type="label" id="6010">
                <description>Next Program title</description>
                <posx>600</posx>
                <posy>95</posy>
                <width>390</width>
                <height>30</height>
                <label>[B]Title[/B]</label>
                <textcolor>ffcccccc</textcolor>
                <font>font13_title</font>
                <aligny>center</aligny>
                <visible>true</visible>
            </control>


            <control type="label" id="6011">
                <description>Previous Program time</description>
                <posx>405</posx>
                <posy>2.5</posy>
                <width>220</width>
                <height>30</height>
                <label>[B]18:00 - 20:00[/B]</label>
                <textcolor>ddcccccc</textcolor>
                <font>font12</font>
                <align>left</align>
                <aligny>center</aligny>
                <visible>true</visible>
            </control>

            <control type="label" id="6012">
                <description>Next Program time</description>
                <posx>405</posx>
                <posy>95</posy>
                <width>220</width>
                <height>30</height>
                <label>[B]18:00 - 20:00[/B]</label>
                <textcolor>ddcccccc</textcolor>
                <font>font12</font>
                <align>left</align>
                <aligny>center</aligny>
                <visible>true</visible>
            </control>

			<control type="label" id="6015">
                <description>duration</description>
                <posx>460</posx>
                <posy>15</posy>
                <width>500</width>
                <height>100</height>
                <textcolor>ff007aa1</textcolor>
                <font>font13</font>
                <align>center</align>
                <aligny>center</aligny>
                <visible>false</visible>
			</control>

				<control type="image" id="6014">
                    <description>SD/hd</description>
                    <posx>1065</posx>
                    <posy>50</posy>
                    <width>124</width>
                    <height>32</height>
                    <aspectratio></aspectratio>
                    <visible>false</visible>
                    <animation effect="slide" start="0,0" end="62,0" condition="!Control.IsVisible(6017)">conditional</animation>
                </control>

            <control type="progress" id="6013">
                <posx>350</posx>
                <posy>65</posy>
                <width>250</width>
                <height>5</height>
                <lefttexture />
                <righttexture />
                <texturebg  colordiffuse="">tvg-progress-bg.png</texturebg>
                <midtexture colordiffuse="">tvg-progress-mid.png</midtexture>
                <visible>Integer.IsGreater(Control.GetLabel(6013),0)</visible>
				<visible>false</visible>
			</control>

            <control type="image" id="6017">
                <description>Plugin Icon</description>
                <posx>1191</posx>
                <posy>51</posy>
                <width>60</width>
                <height>31</height>
                <aspectratio></aspectratio>
				<visible>false</visible>
            </control>
            <control type="label" id="6018">
                <description>Plugin Name</description>
                <posx>65</posx>
                <posy>-120</posy>
                <width>500</width>
                <height>50</height>
                <textcolor>ff007aa1</textcolor>
                <font>font13</font>
                <aligny>top</aligny>
                <visible>false</visible>
            </control>
            <control type="image">
                <description>Plugin Icon overlay</description>
                <posx>1190</posx>
                <posy>50</posy>
                <width>62</width>
                <height>32</height>
                <aspectratio></aspectratio>
                <texture>BLANK.png</texture>
                <visible>Control.IsVisible(6017)</visible>
				<visible>false</visible>
            </control>
            
            <control type="image" id="6019">
                <description>Program channel logo</description>
                <posx>1090</posx>
                <posy>39</posy>
                <width>180</width>
                <height>100</height>
                <aspectratio>false</aspectratio>
                <visible>false</visible>
            </control>
            
            <control type="image" id="6016">
                <description>Program channel logo</description>
                <posx>1045</posx>
                <posy>100</posy>
                <width>200</width>
                <height>100</height>
                <aspectratio>false</aspectratio>
                <visible>false</visible>
			
            </control>
            <control type="image" id="6020">
                <posx>145</posx>
                <posy>247</posy>
                <width>75</width>
                <height>16</height>
                <visible>false</visible>
            </control>

            <control type="image" id="6021">
                <posx>655</posx>
                <posy>243</posy>
                <width>75</width>
                <height>20</height>
                <visible>false</visible>
            </control>

            <control type="textbox" id="6022">
                <description> Next Program description</description>
                <posx>655</posx>
                <posy>130</posy>
                <width>610</width>
                <height>100</height>
                <label>Description</label>
                <textcolor>ffffffff</textcolor>
                <font>font13</font>
                <wrapmultiline>true</wrapmultiline>
                <visible>false</visible>

                <autoscroll time="3600" delay="6000" repeat="6000">true</autoscroll>
            </control>
        </control>    
	</controls>

</window>
