<?xml version="1.0" encoding="utf-8"?>
<window type="dialog">
    <defaultcontrol always="true">1002</defaultcontrol>

    <onload>Control.Move(1002,1)</onload>
    <allowoverlay>no</allowoverlay>

    <coordinates>
        <system>1</system>
        <posx>0</posx>
        <posy>0</posy>
    </coordinates>

    <controls>

        <control type="image">
            <description>background</description>
            <posx>0</posx>
            <posy>0</posy>
            <width>1280</width>
            <height>720</height>
            <texture>alt-bg1.png</texture>
            <visible>true</visible>
        </control>

        <control type="group">
                <control type="panel" id="1002">
                    <viewtype label="19030">list</viewtype>
                    <left>10</left>
                    <top>117</top>
                    <width>1260</width>
                    <height>400</height>
                    <onup>1003</onup>
                    <ondown>1003</ondown>
                    <onleft>999</onleft>
                    <onright>1004</onright>
                    <pagecontrol>-</pagecontrol>
                    <aligny>center</aligny>
                    <align>center</align>
                    <animation effect="slide" start="0,0" end="210,162" condition="!Integer.IsGreater(Container(1002).NumItems,2)">conditional</animation>
                    <itemlayout height="81" width="420">
                        <control type="image">
                            <left>0</left>
                            <top>0</top>
                            <width>419</width>
                            <height>79</height>
                            <texture>tvguide-program-grey.png</texture>
                            <visible>true</visible>
                        </control>
                        <control type="image">
                            <left>10</left>
                            <top>15</top>
                            <width>54</width>
                            <height>49</height>
                            <info>ListItem.Icon</info>
                            <aligny>center</aligny>
                        </control>
                        <control type="label">
                            <left>0</left>
                            <top>0</top>
                            <width>400</width>
                            <height>79</height>
                            <font>font13</font>
                            <textcolor>ffffffff</textcolor>
                            <align>center</align>
                            <aligny>center</aligny>
                            <info>ListItem.Label</info>
                        </control>
                    </itemlayout>
                    <focusedlayout height="81" width="420">
                        <control type="image">
                            <left>0</left>
                            <top>0</top>
                            <width>419</width>
                            <height>79</height>
                            <texture>tvguide-program-grey-focus.png</texture>
                            <visible>true</visible>
                        </control>
                        <control type="image">
                            <left>0</left>
                            <top>2</top>
                            <width>80</width>
                            <height>75</height>
                            <info>ListItem.Icon</info>
                            <aligny>center</aligny>
                        </control>
                        <control type="label">
                            <left>0</left>
                            <top>0</top>
                            <width>400</width>
                            <height>79</height>
                            <font>font13</font>
                            <textcolor>white</textcolor>
                            <align>center</align>
                            <aligny>center</aligny>
                            <scroll time="3600" delay="6000" repeat="6000">true</scroll>
                            <info>ListItem.Label</info>
                        </control>

                    </focusedlayout>
                </control>
        </control>





    </controls>
</window>