<?xml version="1.0" encoding="utf-8"?>
<window type="dialog">
    <allowoverlay>no</allowoverlay>
    <defaultcontrol always="false">1000</defaultcontrol>
    <coordinates>
        <system>1</system>
        <posx>0</posx>
        <posy>0</posy>
    </coordinates>

    <controls>

        <control type="image">
            <description>background</description>
            <posx>0</posx>
            <posy>0</posy>
            <width>400</width>
            <height>720</height>
            <texture>alt-bg1.png</texture>
            <visible>true</visible>
        </control>
        <control type="image">
            <description>background</description>
            <posx>390</posx>
            <posy>0</posy>
            <width>10</width>
            <height>720</height>
            <texture>alt-bg1.png</texture>
            <visible>true</visible>
        </control>

        <control type="image">
            <description>background</description>
            <posx>390</posx>
            <posy>0</posy>
            <width>10</width>
            <height>720</height>
            <texture>tvguide-program-grey.png</texture>
            <visible>true</visible>
        </control>


        <control type="image" id="1007">
            <description>background</description>
            <posx>575</posx>
            <posy>42</posy>
            <width>130</width>
            <height>23</height>
            <aspectratio>keep</aspectratio>
            <visible>true</visible>
        </control>
        <control type="image">

            <posx>30</posx>
            <posy>0</posy>
            <width>40</width>
            <height>30</height>
            <texture>menuendl.png</texture>
        </control>


        <control type="image">

            <posx>305</posx>
            <posy>0</posy>
            <width>40</width>
            <height>30</height>
            <texture>menuendr.png</texture>
        </control>

        <control type="label" id="1001">
            <description>Title</description>
            <left>45</left>
            <top>5</top>
            <width>300</width>
            <height>20</height>
            <font>font13_title</font>
            <textcolor>ffffffff</textcolor>
            <shadowcolor>black</shadowcolor>
            <align>center</align>
            <aligny>center</aligny>
            <label>Title</label>
            <scroll>true</scroll>
            <visible>true</visible>
        </control>

         <control type="image">
             <description>separator image</description>
             <posx>595</posx>
             <posy>10</posy>
             <width>90</width>
             <height>20</height>
             <aspectratio></aspectratio>
             <fadetime>500</fadetime>
             <texture>$INFO[Container(1002).ListItem.Icon]</texture>
             <visible>false</visible>
         </control>


        <control type="group">
            <description>Program List</description>
            <visible>true</visible>
            <control type="group">
                <left>0</left>
                <top>40</top>
                <control type="list" id="1002">
                    <viewtype label="19030">list</viewtype>
                    <left>0</left>
                    <top>0</top>
                    <width>400</width>
                    <height>680</height>
                    <onup>1003</onup>
                    <ondown>1003</ondown>
                    <onleft>999</onleft>
                    <onright>1004</onright>
                    <pagecontrol>-</pagecontrol>
                    <itemlayout height="51">
                        <control type="image">
                            <left>0</left>
                            <top>0</top>
                            <width>400</width>
                            <height>49</height>
                            <texture>tvguide-program-grey.png</texture>
                            <visible>true</visible>
                        </control>
                        <control type="image">
                            <left>10</left>
                            <top>9.5</top>
                            <width>80</width>
                            <height>30</height>
                            <info>ListItem.Icon</info>
                            <aligny>center</aligny>
                        </control>
                        <control type="label">
                            <left>100</left>
                            <top>23</top>
                            <width>240</width>
                            <height>20</height>
                            <font>font12</font>
                            <textcolor>ffffffff</textcolor>
                            <align>left</align>
                            <info>ListItem.Label</info>
                        </control>
                        <control type="label">
                            <left>100</left>
                            <top>3</top>
                            <width>150</width>
                            <height>20</height>
                            <font>font12</font>
                            <textcolor>ffffffff</textcolor>
                            <align>left</align>
                            <info>ListItem.Property(ChannelName)</info>
                        </control>
                        <control type="progress">
                            <left>280</left>
                            <top>12</top>
                            <width>100</width>
                            <height>4</height>
                            <lefttexture colordiffuse="bb008792">progress_left.png</lefttexture>
                            <righttexture colordiffuse="bb008792">progress_right.png</righttexture>
                            <texturebg >tvg-progress-bg.png</texturebg>
                            <midtexture>tvg-progress-mid.png</midtexture>
                            <info>ListItem.Property(Completed)</info>

                            <visible>ListItem.Property(Completed)</visible>
                        </control>
                    </itemlayout>
                    <focusedlayout height="51">
                        <control type="image">
                            <left>0</left>
                            <top>0</top>
                            <width>389</width>
                            <height>49</height>
                            <texture>tvguide-program-grey-focus.png</texture>
                            <visible>true</visible>
                        </control>
                        <control type="image">
                            <left>10</left>
                            <top>9.5</top>
                            <width>80</width>
                            <height>30</height>
                            <info>ListItem.Icon</info>
                            <aligny>center</aligny>
                        </control>
                        <control type="label">
                            <left>100</left>
                            <top>23</top>
                            <width>240</width>
                            <height>20</height>
                            <font>font12</font>
                            <textcolor>white</textcolor>
                            <align>left</align>
                            <scroll time="3600" delay="6000" repeat="6000">true</scroll>
                            <info>ListItem.Label</info>
                        </control>
                        <control type="label">
                            <left>100</left>
                            <top>3</top>
                            <width>150</width>
                            <height>20</height>
                            <font>font12</font>
                            <textcolor>white</textcolor>
                            <align>left</align>
                            <scroll time="3600" delay="6000" repeat="6000">true</scroll>
                            <info>ListItem.Property(ChannelName)</info>
                        </control>
                        <control type="progress">
                            <left>280</left>
                            <top>12</top>
                            <width>100</width>
                            <height>4</height>

                            <lefttexture colordiffuse="bb008792">progress_left.png</lefttexture>
                            <righttexture colordiffuse="bb008792">progress_right.png</righttexture>
                            <texturebg >tvg-progress-bg.png</texturebg>
                            <midtexture>tvg-progress-mid.png</midtexture>
                            <info>ListItem.Property(Completed)</info>
                            <visible>ListItem.Property(Completed)</visible>
                        </control>

                    </focusedlayout>
                </control>
            </control>
        </control>
    </controls>
</window>