<?xml version="1.0" encoding="utf-8"?>
<window type="dialog">
    <allowoverlay>no</allowoverlay>
    <defaultcontrol always="false">1000</defaultcontrol>
    <coordinates>
        <system>1</system>
        <posx>0</posx>
        <posy>0</posy>
    </coordinates>

    <controls>

        <control type="image">
            <description>background</description>
            <posx>0</posx>
            <posy>0</posy>
            <width>1280</width>
            <height>720</height>
            <texture>alt-bg1.png</texture>
            <visible>true</visible>
        </control>

        <control type="videowindow">
            <right>0</right>
			<posx>0</posx>
            <posy>55</posy>
            <width>267</width>
            <height>152</height>
        </control>

        <control type="image">
            <description>background</description>
            <posx>50</posx>
            <posy>8</posy>
            <width>159</width>
            <height>54</height>
            <texture>iVuetvguide-logo.png</texture>
            <aspectratio></aspectratio>
            <visible>true</visible>
        </control>
        <control type="image" id="1007">
            <description>background</description>
            <posx>450</posx>
            <posy>25</posy>
            <width>380</width>
            <height>30</height>
            <aspectratio>keep</aspectratio>
            <visible>true</visible>
        </control>

		  <control type="image">
            <left>295</left>
            <top>70</top>
            <width>690</width>
            <height>130</height>
            <texture>infobar2.png</texture>
            <fadetime>500</fadetime>
            <animation type="Conditional" condition="Control.IsVisible(5000)">
                <effect type="fade" start="100" end="0" time="500" />
            </animation>
		  </control>


        <control type="label" id="1001">
            <description>Title</description>
            <left>0</left>
            <top>80</top>
            <width>300</width>
            <height>20</height>
            <font>font13_title</font>
            <textcolor>orange</textcolor>
            <shadowcolor>black</shadowcolor>
            <align></align>
            <aligny>center</aligny>
            <label>Title</label>
            <scroll>true</scroll>
            <visible>false</visible>
        </control>

         <control type="image">
             <description>separator image</description>
             <posx>595</posx>
             <posy>10</posy>
             <width>90</width>
             <height>20</height>
             <aspectratio></aspectratio>
             <fadetime>500</fadetime>
             <texture>$INFO[Container(1002).ListItem.Icon]</texture>
             <visible>false</visible>
         </control>

         <control type="image">
             <description>Channel Source Logo</description>
             <posx>13</posx>
             <posy>70</posy>
             <width>240</width>
             <height>130</height>
             <aspectratio></aspectratio>
             <fadetime>500</fadetime>
             <texture fallback="tvguide-logo-epg.png">$INFO[Container(1002).ListItem.Property(ProgramImage)]</texture>
         </control>

        <control type="textbox">
            <description>Description</description>
            <left>295</left>
            <top>70</top>
            <width>690</width>
            <height>130</height>
            <textcolor>ffffffff</textcolor>
            <shadowcolor>black</shadowcolor>
            <font>font13</font>
            <align>center</align>
            <aligny>center</aligny>
            <visible>true</visible>
            <wrapmultiline>true</wrapmultiline>
            <autoscroll time="3600" delay="6000" repeat="6000">true</autoscroll>
            <pagecontrol>-</pagecontrol>
            <label fallback="NO PROGRAMS FOUND">$INFO[Container(1002).ListItem.Property(Plot)]</label>
        </control>

        <control type="label">
            <description>Displays todays date</description>
            <posx>1250</posx>
            <posy>-20</posy>
            <width>500</width>
            <height>100</height>
            <textcolor>ffffffff</textcolor>
            <font>font14</font>
            <align>right</align>
            <aligny>center</aligny>
            <visible>true</visible>
            <label>$INFO[System.Date(dd/mm/yyyy)]</label>
        </control>

        <control type="label">
            <description>time label</description>
            <posx>1090</posx>
            <posy>-20</posy>
            <width>500</width>
            <height>100</height>
            <align>right</align>
            <aligny>center</aligny>
            <font>font14</font>
            <textcolor>ffffffff</textcolor>
            <label>$INFO[System.Time(hh:mm:xx)]</label>
        </control>

        <control type="image">
            <posx>0</posx>
            <posy>640</posy>
            <width>153</width>
            <height>62</height>
            <texture>menuend-l.png</texture>
			<visible>false</visible>
        </control>

        <control type="image">
            <posx>160</posx>
            <posy>640</posy>
            <width>966</width>
            <height>40</height>
            <texture>tvguide-program-grey.png</texture>
        </control>

        <control type="button" id="999"><!-- BACK TO GUIDE -->
            <posx>162</posx>
            <posy>640</posy>
            <width>192</width>
            <height>40</height>
            <texturefocus>tvguide-program-grey-focus.png</texturefocus>
			<texturenofocus>menubutt.png</texturenofocus>
            <onup>1002</onup>
            <ondown>1002</ondown>
            <onleft>1004</onleft>
            <onright>1005</onright>
            <align>center</align>
            <aligny>center</aligny>
            <font>tvg_font13</font>
            <textcolor>ffffffff</textcolor>
			<label>TV Guide</label>
			<visible>true</visible>
        </control>

        <control type="image">
            <posx>345</posx>
            <posy>640</posy>
            <width>3</width>
            <height>62</height>
            <texture>menuspace.png</texture>
        </control>

        <control type="button" id="1005"><!-- SportsListings -->
            <posx>355</posx>
            <posy>640</posy>
            <width>192</width>
            <height>40</height>
            <texturefocus>tvguide-program-grey-focus.png</texturefocus>
			<texturenofocus>menubutt.png</texturenofocus>
            <onup>1002</onup>
            <ondown>1002</ondown>
            <onleft>999</onleft>
            <onright>1003</onright>
            <align>center</align>
            <aligny>center</aligny>
            <font>tvg_font13</font>
            <textcolor>ffffffff</textcolor>
            <label>Sports Listings</label>
        </control>

        <control type="image">
            <posx>538</posx>
            <posy>640</posy>
            <width>3</width>
            <height>62</height>
            <texture>menuspace.png</texture>
        </control>

        <control type="button" id="1003"><!-- SEARCH -->
            <posx>548</posx>
            <posy>640</posy>
            <width>192</width>
            <height>40</height>
            <texturefocus>tvguide-program-grey-focus.png</texturefocus>
			<texturenofocus>menubutt.png</texturenofocus>
            <onup>1002</onup>
            <ondown>1002</ondown>
            <onleft>1005</onleft>
            <onright>1006</onright>
            <align>center</align>
            <aligny>center</aligny>
            <font>tvg_font13</font>
            <textcolor>ffffffff</textcolor>
            <label>Search Again</label>
        </control>

        <control type="image">
            <posx>731</posx>
            <posy>640</posy>
            <width>3</width>
            <height>62</height>
            <texture>menuspace.png</texture>
        </control>

		<control type="button" id="1006"><!-- MAINMENU -->
            <posx>741</posx>
            <posy>640</posy>
            <width>192</width>
            <height>40</height>
            <texturefocus>tvguide-program-grey-focus.png</texturefocus>
			<texturenofocus>menubutt.png</texturenofocus>
            <onup>1002</onup>
            <ondown>1002</ondown>
            <onleft>1003</onleft>
            <onright>1004</onright>
            <align>center</align>
            <aligny>center</aligny>
            <font>tvg_font13</font>
            <textcolor>ffffffff</textcolor>
            <label>My Shortcuts</label>
        </control>

        <control type="image">
            <posx>924</posx>
            <posy>640</posy>
            <width>3</width>
            <height>62</height>
            <texture>menuspace.png</texture>
        </control>

        <control type="button" id="1004"><!-- Exit Guide-->
            <posx>934</posx>
            <posy>640</posy>
            <width>192</width>
            <height>40</height>
            <texturefocus>tvguide-program-grey-focus.png</texturefocus>
			<texturenofocus>menubutt.png</texturenofocus>
            <onup>1002</onup>
            <ondown>1002</ondown>
            <onleft>1006</onleft>
            <onright>999</onright>
            <align>center</align>
            <aligny>center</aligny>
            <font>tvg_font13</font>
            <textcolor>ffffffff</textcolor>
			<label>Exit TV Guide</label>
			<visible>true</visible>
        </control>


        <control type="image">
            <posx>1117</posx>
            <posy>640</posy>
            <width>3</width>
            <height>62</height>
            <texture>menuspace.png</texture>
        </control>
		

        <control type="image">
            <posx>1119</posx>
            <posy>640</posy>
            <width>160</width>
            <height>62</height>
            <texture>menuend-r.png</texture>
			<visible>false</visible>
        </control>
 
        <control type="group">
            <description>Program List</description>
            <visible>true</visible>
            <control type="group">
                <left>0</left>
                <top>190</top>
                <control type="label">
                    <description>Channel label</description>
                    <left>200</left>
                    <top>20</top>
                    <width>180</width>
                    <height>20</height>
                    <font>font13_title</font>
                    <textcolor>white</textcolor>
                    <shadowcolor>black</shadowcolor>
                    <align>left</align>
                    <aligny>center</aligny>
                    <label>19148</label>
                    <visible>false</visible>
                </control>
                <control type="label">
                    <description>Time label</description>
                    <left>450</left>
                    <top>20</top>
                    <width>200</width>
                    <height>20</height>
                    <font>font13_title</font>
                    <textcolor>white</textcolor>
                    <shadowcolor>black</shadowcolor>
                    <align>left</align>
                    <aligny>center</aligny>
                    <label>Start</label>
                    <visible>false</visible>
                </control>
                <control type="label">
                    <description>Length</description>
                    <left>700</left>
                    <top>20</top>
                    <width>100</width>
                    <height>20</height>
                    <font>font13_title</font>
                    <textcolor>white</textcolor>
                    <shadowcolor>black</shadowcolor>
                    <align>right</align>
                    <aligny>center</aligny>
                    <label>Length</label>
                    <visible>false</visible>
                </control>
                <control type="label">
                    <description>Title</description>
                    <left>1100</left>
                    <top>20</top>
                    <width>550</width>
                    <height>20</height>
                    <font>font13_title</font>
                    <textcolor>white</textcolor>
                    <shadowcolor>black</shadowcolor>
                    <align>left</align>
                    <aligny>center</aligny>
                    <label>369</label>
                    <visible>false</visible>
                </control>
                <control type="image">
                    <description>separator image</description>
                    <left>0</left>
                    <top>50</top>
                    <width>1280</width>
                    <height>1</height>
                    <colordiffuse>88FFFFFF</colordiffuse>
                    <texture>tvg-seperator.png</texture>
                </control>
                <control type="list" id="1002">
                    <viewtype label="19030">list</viewtype>
                    <left>140</left>
                    <top>26</top>
                    <width>1000</width>
                    <height>400</height>
                    <onup>1003</onup>
                    <ondown>1003</ondown>
                    <onleft>999</onleft>
                    <onright>1004</onright>
                    <pagecontrol>-</pagecontrol>
                    <itemlayout height="40">
                        <control type="image">
                            <left>0</left>
                            <top>0</top>
                            <width>1000</width>
                            <height>40</height>
                            <texture>tvguide-program-grey.png</texture>
                            <visible>true</visible>
                        </control>
                        <control type="image">
                            <left>950</left>
                            <top>7.5</top>
                            <width>25</width>
                            <height>25</height>
                            <info>ListItem.Property(Remind)</info>
                            <visible>center</visible>
                        </control>
                        <control type="label">
                            <left>30</left>
                            <top>0</top>
                            <width>215</width>
                            <height>40</height>
                            <font>font13</font>
                            <textcolor>orange</textcolor>
                            <align>left</align>
                            <aligny>center</aligny>
                            <info>ListItem.Label</info>
                        </control>
                        <control type="label">
                            <left>294</left>
                            <top>0</top>
                            <width>215</width>
                            <height>40</height>
                            <font>font13</font>
                            <textcolor>ffffffff</textcolor>
                            <align>left</align>
                            <aligny>center</aligny>
                            <info>ListItem.Property(ChannelName)</info>
                        </control>
                        <control type="label">
                            <left>535</left>
                            <top>0</top>
                            <width>200</width>
                            <height>40</height>
                            <font>font13</font>
                            <textcolor>ffffffff</textcolor>
                            <align>right</align>
                            <aligny>center</aligny>
                            <info>ListItem.Property(StartTime)</info>
                        </control>
                        <control type="progress">
                            <left>755</left>
                            <top>20</top>
                            <width>80</width>
                            <height>4</height>
                            <lefttexture />
                            <righttexture />
                            <texturebg >tvg-progress-bg.png</texturebg>
                            <midtexture >tvg-progress-mid.png</midtexture>
                            <info>ListItem.Property(Completed)</info>
                            <visible>ListItem.Property(Completed)</visible>
                        </control>
                        <control type="label">
                            <description>Program Title</description>
                            <left>850</left>
                            <top>0</top>
                            <width>100</width>
                            <height>40</height>
                            <font>font13</font>
                            <textcolor>ffffffff</textcolor>
                            <align>left</align>
                            <aligny>center</aligny>
                            <info>ListItem.Property(Duration)</info>
                        </control>
                    </itemlayout>
                    <focusedlayout height="40">
                        <control type="image">
                            <left>0</left>
                            <top>0</top>
                            <width>1000</width>
                            <height>40</height>
                            <texture>tvguide-program-grey-focus.png</texture>
                            <visible>true</visible>
                        </control>
                        <control type="image">
                            <left>950</left>
                            <top>7.5</top>
                            <width>25</width>
                            <height>25</height>
                            <info>ListItem.Property(Remind)</info>
                            <aligny>center</aligny>
                        </control>
                        <control type="label">
                            <left>30</left>
                            <top>0</top>
                            <width>215</width>
                            <height>40</height>
                            <font>font13</font>
                            <textcolor>orange</textcolor>
                            <align>left</align>
                            <aligny>center</aligny>
                            <info>ListItem.Label</info>
                        </control>
                        <control type="label">
                            <left>294</left>
                            <top>0</top>
                            <width>215</width>
                            <height>40</height>
                            <font>font13</font>
                            <textcolor>ffffffff</textcolor>
                            <align>left</align>
                            <aligny>center</aligny>
                            <info>ListItem.Property(ChannelName)</info>
                        </control>
                        <control type="label">
                            <left>535</left>
                            <top>0</top>
                            <width>200</width>
                            <height>40</height>
                            <font>font13</font>
                            <textcolor>ffffffff</textcolor>
                            <align>right</align>
                            <aligny>center</aligny>
                            <info>ListItem.Property(StartTime)</info>
                        </control>
                        <control type="progress">
                            <left>755</left>
                            <top>20</top>
                            <width>80</width>
                            <height>4</height>
                            <lefttexture />
                            <righttexture />
                            <texturebg >tvg-progress-bg.png</texturebg>
                            <midtexture >tvg-progress-mid.png</midtexture>
                            <info>ListItem.Property(Completed)</info>
                            <visible>ListItem.Property(Completed)</visible>
                        </control>
                        <control type="label">
                            <description>Program Title</description>
                            <left>850</left>
                            <top>0</top>
                            <width>100</width>
                            <height>40</height>
                            <font>font13</font>
                            <textcolor>ffffffff</textcolor>
                            <align>left</align>
                            <aligny>center</aligny>
                            <info>ListItem.Property(Duration)</info>
                        </control>

                    </focusedlayout>
                </control>
            </control>
        </control>
    </controls>
</window>