<?xml version="1.0" encoding="utf-8"?>
<window type="dialog">
    <allowoverlay>no</allowoverlay>
    <defaultcontrol always="true">6000</defaultcontrol>
    <coordinates>
        <system>1</system>
        <posx>720</posx>
        <posy>0</posy>
    </coordinates>
    <animation effect="slide" start="560,0" end="0,0" time="250">WindowOpen</animation>
    <animation effect="slide" start="0,0" end="560,0" time="250">WindowClose</animation>
    <controls>
        <control type="label" id="6001">
            <description>visibility marker for selection box</description>
        </control>

 <control type="image">
            <posx>-720</posx>
            <posy>0</posy>
            <width>1280</width>
            <height>720</height>
            <texture>main.png</texture>
        </control>

		<control type="image">
			<posx>-697</posx>
			<posy>20</posy>
			<width>667</width>
			<height>205</height>
			<visible>true</visible>
            <texture>chan-text.png</texture>
			<aspectratio>keep</aspectratio>
		</control>

        <control type="group">
            <posx>-560</posx>
            <posy>520</posy>
            <width>560</width>
            <height>38</height>
            <visible>!Control.IsVisible(6001)</visible>
            <animation type="Visible">
                <effect type="slide" start="560,0" end="0,0" time="500" />
            </animation>
            <animation type="Hidden">
                <effect type="slide" start="0,0" end="560,0" time="500" />
            </animation>

            <control type="image">
                <posx>0</posx>
                <posy>0</posy>
                <width>560</width>
                <height>160</height>
                <texture>tvguide-channels.png</texture>
            </control>
            <control type="image">
                <posx>0</posx>
                <posy>0</posy>
                <width>560</width>
                <height>160</height>
                <texture>tvguide-channels.png</texture>
            </control>

            <control type="image">
                <posx>-80</posx>
                <posy>-180</posy>
                <width>80</width>
                <height>80</height>
                <texture>tvguide-channel-updownarrow.png</texture>
            </control>
            <control type="image">
                <posx>40</posx>
                <posy>20</posy>
                <width>500</width>
                <height>38</height>
            </control>
            <control type="button" id="6002">
                <posx>6</posx>
                <posy>-160</posy>
                <width>500</width>
                <height>38</height>
                <aligny>center</aligny>
                <font>font13</font>
                <textcolor>ffffffff</textcolor>
                <label>text</label>
                <texturefocus>tvguide-program-grey-focus.png</texturefocus>
			<texturenofocus>tvguide-program-grey.png</texturenofocus>
            </control>

        </control>

        <control type="list" id="6000">
            <posx>20</posx>
            <posy>60</posy>
            <width>520</width>
            <height>560</height>
            <viewtype label="list">list</viewtype>
            <orientation>vertical</orientation>
            <focusposition>7</focusposition>
            <onright>6003</onright>
            <itemlayout width="520" height="40">
                <control type="image">
                    <posx>0</posx>
                    <posy>0</posy>
                    <width>520</width>
                    <height>38</height>
			<texture>tvguide-program-grey.png</texture>
                </control>
                <control type="label">
                    <posx>16</posx>
                    <posy>0</posy>
                    <width>450</width>
                    <height>38</height>
                    <aligny>center</aligny>
                    <font>font13</font>
                    <textcolor>ffffffff</textcolor>
                    <info>ListItem.Label</info>
                </control>
                <control type="image">
                    <posx>470</posx>
                    <posy>2</posy>
                    <width>34</width>
                    <height>34</height>
                    <info>ListItem.Icon</info>
                </control>
            </itemlayout>
            <focusedlayout width="520" height="40">
                <control type="image">
                    <posx>0</posx>
                    <posy>0</posy>
                    <width>520</width>
                    <height>38</height>
                    <texture>tvguide-program-grey-focus.png</texture>
                    <visible>Control.HasFocus(6000)</visible>
                </control>
                <control type="image">
                    <posx>0</posx>
                    <posy>0</posy>
                    <width>520</width>
                    <height>38</height>
                    <texture>tvguide-program-grey-focus.png</texture>
                    <visible>!Control.HasFocus(6000)</visible>
                </control>
                <control type="image">
                    <posx>2</posx>
                    <posy>0</posy>
                    <width>12</width>
                    <height>40</height>
                    <texture>tvguide-channel-leftarrow.png</texture>
                </control>
				<control type="label">
                    <posx>16</posx>
                    <posy>0</posy>
                    <width>450</width>
                    <height>38</height>
                    <aligny>center</aligny>
                    <font>font13</font>
                    <textcolor>ffffffff</textcolor>
					<label>[B]$INFO[ListItem.Label][/B]</label>
                </control>
                <control type="image">
                    <posx>470</posx>
                    <posy>2</posy>
                    <width>34</width>
                    <height>34</height>
                    <info>ListItem.Icon</info>
                </control>
            </focusedlayout>
        </control>
        <control type="button" id="6003">
            <posx>70</posx>
            <posy>640</posy>
            <width>200</width>
            <height>40</height>
            <align>center</align>
            <aligny>center</aligny>
            <font>font13</font>
            <textcolor>ffffffff</textcolor>
            <label>$ADDON[script.ivueguide 30502]</label>
            <texturefocus>tvguide-program-grey-focus.png</texturefocus>
			<texturenofocus>tvguide-program-grey.png</texturenofocus>
            <onleft>6000</onleft>
            <onright>6004</onright>
            <onup>6000</onup>
        </control>
        <control type="button" id="6004">
            <posx>290</posx>
            <posy>640</posy>
            <width>200</width>
            <height>40</height>
            <align>center</align>
            <aligny>center</aligny>
            <font>font13</font>
            <textcolor>ffffffff</textcolor>
            <label>$ADDON[script.ivueguide 30503]</label>
            <texturefocus>tvguide-program-grey-focus.png</texturefocus>
			<texturenofocus>tvguide-program-grey.png</texturenofocus>
            <onleft>6003</onleft>
            <onright>6000</onright>
            <onup>6000</onup>
        </control>

    </controls>
</window>